date,close_jpm,close_vix,value_treasury_3mo,dps_growth_rate,daily_return,vol_5d,vol_21d,vol_63d,high_low_spread,volume_change_1d,sma_ratio_21,vix_change_1d,vix_jpm_corr_21d,vix_jpm_cross_1d,rate_change_1d_bps,rate_momentum_5d_bps,sentiment_score,jpm_vol_ratio,vix_ratio
2018-01-09,109.0500030517578,10.079999923706056,1.44,0.0,0.0050563476520642,0.0909193030566434,,,0.0104539143305421,0.0641398735254936,,0.5599994659423846,,-0.002831551984775,-1.0000000000000009,0.0,0.0,,
2018-01-10,110.25,9.81999969482422,1.42,0.0,0.0109439936943768,0.1094047423769908,,,0.0118820640235262,0.1750061836639167,,-0.2600002288818359,,0.0028454408654193,-2.0000000000000018,1.0000000000000009,0.2795700468428252,,
2018-01-11,110.83999633789062,9.880000114440918,1.43,0.0,0.0053371726282207,0.1016047279115622,,,0.0079393475504577,-0.1464901371658273,,0.0600004196166974,,-0.0003202325972599,1.0000000000000009,2.0000000000000018,0.2150534877806683,,
2018-01-12,112.66999816894533,10.15999984741211,1.43,0.0,0.0163754889694146,0.0929050500466807,,,0.017839728134339,0.3226246269018076,,0.2799997329711914,,-0.0045851325387087,0.0,4.000000000000004,0.0,,
2018-01-16,112.2699966430664,11.65999984741211,1.45,0.0,-0.0035565213544427,0.1180746219079999,,,0.0210207596055656,0.1841846947664105,,1.5,,0.0053347820316641,2.0000000000000018,0.0,0.0,,
2018-01-17,112.98999786376952,11.90999984741211,1.44,0.0,0.0063926457446389,0.1171868628314287,,,0.0176122270182123,-0.4184480285465055,,0.25,,-0.0015981614361597,-1.0000000000000009,0.0,0.0,,
2018-01-18,113.26000213623048,12.220000267028809,1.45,0.0,0.0023867792321686,0.1152265658195323,,,0.0128024417295404,-0.0248986203014113,,0.3100004196166992,,-0.0007399025635047,1.0000000000000009,3.0000000000000027,0.0,,
2018-01-19,113.01000213623048,11.270000457763672,1.44,0.0,-0.0022097502718746,0.1272605009677762,,,0.0136270529778099,0.2539216561304029,,-0.9499998092651368,,-0.0020992623368045,-1.0000000000000009,1.0000000000000009,0.3094461265764744,,
2018-01-22,114.33000183105467,11.029999732971191,1.44,0.0,0.0116126902943197,0.0991889984007196,,,0.0165310885977355,-0.4093025433655416,,-0.2400007247924804,,0.0027870540874273,0.0,1.0000000000000009,0.3876222419169903,,
2018-01-23,114.20999908447266,11.100000381469728,1.44,0.0,-0.0010501685230601,0.0900452089921204,,,0.0112949910329061,-0.0124938612256805,,0.0700006484985369,,7.351247764696163e-05,0.0,-1.0000000000000009,0.3648207325646153,,
2018-01-24,115.66999816894533,11.470000267028809,1.43,0.0,0.0127024424309817,0.1116824869891328,,,0.0115846490801655,0.2553131969897068,,0.3699998855590802,-0.0304002724278133,-0.004699902245784,-1.0000000000000009,-1.0000000000000009,0.2442996226619062,,
2018-01-25,115.6999969482422,11.579999923706056,1.42,0.0,0.0002593143458362,0.115403930203394,,,0.0094208847592127,-0.1631719360797181,,0.1099996566772478,-0.0297072008719975,-2.852448901346765e-05,-1.0000000000000009,-3.0000000000000027,0.2084691231696517,,
2018-01-26,116.31999969482422,11.079999923706056,1.41,0.0,0.0053444033384624,0.1001665111693997,,,0.0116918897345223,0.0272997434662015,,-0.5,-0.0393442042064279,0.0026722016692312,-1.0000000000000009,-3.0000000000000027,0.3713355382775892,,
2018-01-29,116.1999969482422,13.84000015258789,1.44,0.0,-0.0010321930067864,0.0937496486565875,,,0.0114457991909164,-0.1728604797187148,,2.760000228881834,-0.1831148187510368,0.0028488529349807,3.0000000000000027,0.0,0.0,,
2018-01-30,115.11000061035156,14.789999961853027,1.44,0.0,-0.0094246199255308,0.1298289149543278,,,0.0140734524246177,0.200927513995588,,0.9499998092651368,-0.2526770556236006,0.0089533871316507,0.0,0.0,0.0,,
2018-01-31,115.66999816894533,13.539999961853027,1.46,0.0,0.0048530952480186,0.0946070419106293,,,0.012967926201651,-0.0830293774331572,1.029511232579781,-1.25,-0.2515951824229034,0.0060663690600232,2.0000000000000018,3.0000000000000027,0.2216311921824412,,
2018-02-01,116.87000274658205,13.470000267028809,1.48,0.0,0.0103209359689156,0.1199230913199759,0.1051807944201032,,0.012920291532038,0.0489445171968513,1.0362740769384802,-0.0699996948242187,-0.2596915245278436,0.0007224623681244,2.0000000000000018,6.000000000000005,0.2340424848354801,1.1401614903286468,1.2806520754376691
2018-02-02,114.27999877929688,17.309999465942383,1.48,0.0,-0.0224106627653521,0.2038482984869336,0.1388558020909413,,0.0247637544739577,0.1772716066285812,1.0106545106654796,3.839999198913574,-0.6123714460741133,0.0860569270660743,0.0,7.000000000000006,0.0,1.4680574770179675,1.2466169367993338
2018-02-05,108.8000030517578,35.514999032020576,1.51,0.0,-0.0491402042097995,0.378160705408705,0.224847137301417,,0.0975183151043635,0.3937171714791114,0.9622884990997912,18.2049995660782,-0.8659131790325593,0.8945973963163937,3.0000000000000027,7.000000000000006,0.0,1.681856882624059,1.5795175094629392
2018-02-06,112.11000061035156,29.979999542236328,1.52,0.0,0.0299691751386364,0.4896552537860363,0.2462746198272971,,0.052359314196989,0.0,0.989992060824007,-5.534999489784248,-0.8948232943745942,0.1658793691016075,1.0000000000000009,8.000000000000007,0.2099374023483622,1.9882489479809684,1.2173402018957595
2018-02-07,112.87000274658205,27.729999542236328,1.55,0.0,0.0067562006918426,0.4923159576235268,0.2469117496158784,,0.0292371342434757,-0.1102055695778283,0.9948751141368608,-2.25,-0.8929007603267058,0.0152014515566459,3.0000000000000027,9.000000000000007,0.2952778176737171,1.9938944112194927,1.1230733079886237
2018-02-08,107.87999725341795,33.459999084472656,1.55,0.0,-0.0452172654896401,0.539734884207928,0.2954165587639418,,0.0488506155601887,0.1102055695778283,0.951358685724547,5.729999542236328,-0.8544980517340316,0.2590949105568168,0.0,7.000000000000006,0.0779442440076986,1.8270298945537893,1.1326379003422589
2018-02-09,110.04000091552734,29.059999465942383,1.55,0.0,0.0198244715643988,0.5891926237155918,0.3012994950705208,,0.0438022505881683,0.0,0.9704926412629457,-4.399999618530273,-0.8641567919061091,0.0872276673209193,0.0,7.000000000000006,0.2448321528418215,1.9555048493449616,0.9644888206381074
2018-02-12,111.73999786376952,25.61000061035156,1.62,0.0,0.0153307805368111,0.4678440154455471,0.3055271250150346,,0.0238052954444511,-0.3029264228518956,0.9851133344479338,-3.449998855590824,-0.8686442675076768,0.0528911753073125,7.000000000000006,11.00000000000001,0.3756874129343192,1.5312683462148415,0.8382234673628839
2018-02-13,112.43000030517578,24.96999931335449,1.59,0.0,0.0061560835628954,0.4165782419088969,0.3008023756236143,,0.0200124521381542,-0.0980451240630841,0.9912963572543182,-0.6400012969970703,-0.8811857831523849,0.0039399014646754,-3.0000000000000027,7.000000000000006,0.3999620691540951,1.384890132749981,0.8301131020520515
2018-02-14,115.02999877929688,19.26000022888184,1.58,0.0,0.0228621448198467,0.4462791884278426,0.3107366504683573,,0.0238198547582935,-0.0742960865240512,1.0130466415739707,-5.709999084472649,-0.8891548717703056,0.130542825990406,-1.0000000000000009,3.0000000000000027,0.6165370439880027,1.4361974609534764,0.6198174627888998
2018-02-15,115.51000213623048,19.1299991607666,1.58,0.0,0.0041641714986121,0.1308927354828936,0.3103591620267359,,0.0153233192825924,-0.2247350032813393,1.016199998295161,-0.1300010681152379,-0.8905168054687221,0.0005413467426346,0.0,3.0000000000000027,0.6214678640527556,0.42174600107864,0.6163826141249422
2018-02-16,114.68000030517578,19.459999084472656,1.62,0.0,-0.0072114811182132,0.1816552150072788,0.3116168862050009,,0.0136902658758831,0.0856013656773639,1.008298237078208,0.3299999237060547,-0.8868366137863558,0.002379788218818,4.000000000000004,7.000000000000006,0.6089512726987956,0.5829440670547448,0.6244847421930357
2018-02-20,114.70999908447266,20.600000381469727,1.66,0.0,0.000261552635666,0.1761213358625244,0.3114543400678646,,0.0123790269399237,0.0185341827714755,1.0078446567478048,1.1400012969970703,-0.8905777809808403,-0.0002981703438922,3.999999999999981,3.999999999999981,0.5657120797400519,0.5654804355082942,0.6614131746239617
2018-02-21,115.19000244140624,20.020000457763672,1.64,0.0,0.0041757638210747,0.1760381093601542,0.3092319639401331,,0.0241340283043311,0.0542880997616158,1.0116979593084685,-0.5799999237060547,-0.894477573565561,0.0024219426976378,-2.0000000000000018,4.999999999999982,0.5877109394634958,0.5692752686919357,0.6474104488641904
2018-02-22,114.9800033569336,18.71999931335449,1.63,0.0,-0.0018247307420681,0.0753592177122708,0.3092880057736393,,0.0145242487405493,0.1832241103784052,1.0095284575867256,-1.3000011444091832,-0.8901191082763654,-0.0023721520529272,-1.0000000000000009,4.999999999999982,0.637018778391192,0.2436538640538957,0.6052610823536175
2018-02-23,117.30999755859376,16.489999771118164,1.64,0.0,0.0200617533151016,0.1641101806561835,0.3140149213304669,,0.0177308147160753,-0.3389885219429363,1.0292801328705488,-2.229999542236325,-0.8966002980733118,0.0447377007091348,1.0000000000000009,5.999999999999983,0.7216005948844361,0.5226190524987034,0.5251342739144619
2018-02-26,118.7699966430664,15.800000190734863,1.66,0.0,0.0123688388159436,0.1443385454144508,0.3166063908150153,,0.0133030384416275,0.3056814910009053,1.0407552386832442,-0.6899995803833008,-0.8937902471773232,0.0085344935928298,2.0000000000000018,3.999999999999981,0.747771639668539,0.4558927096919656,0.4990423645606819
2018-02-27,117.36000061035156,18.59000015258789,1.66,0.0,-0.0119426824865901,0.1967627431209792,0.3194382278413643,,0.0168711941601586,0.0617725591449164,1.0279536574473265,2.789999961853028,-0.8949908040258414,0.0333200836820092,0.0,0.0,0.6419495261119783,0.6159649220778086,0.5819591561790107
2018-02-28,115.5,19.850000381469727,1.65,0.0,-0.0159756090735559,0.2453105767681284,0.3244514796653837,,0.0272727404837999,0.0097624214021933,1.011957408915604,1.260000228881836,-0.8916943971078853,0.0201292710892071,-1.0000000000000009,1.0000000000000009,0.5941588848485035,0.7560778487468276,0.6118018140013296
2018-03-01,113.43000030517578,22.46999931335449,1.63,0.0,-0.0180846207004643,0.2798961833794472,0.3288809395407922,,0.0351758604693177,0.0524147024073327,0.994518112680012,2.619998931884762,-0.8921520622919383,0.0473816869187575,-2.0000000000000018,0.0,0.4947847528489338,0.8510562630058736,0.6832259523683177
2018-03-02,113.31999969482422,19.59000015258789,1.65,0.0,-0.0009702369921123,0.2006947063446806,0.3282600879028718,,0.0215318992109312,-0.0181574324150877,0.9945294396260888,-2.879999160766598,-0.8824922804969243,-0.0027942817230284,2.0000000000000018,1.0000000000000009,0.6040204526340427,0.6113893029970302,0.596782882675165
2018-03-05,115.05999755859376,18.729999542236328,1.7,0.0,0.0152380379473267,0.2183274338846148,0.330824438464428,,0.0351121241200269,-0.2755710619209291,1.0105645958722165,-0.8600006103515625,-0.8814816012586663,0.0131047219352612,5.000000000000004,4.000000000000004,0.6366394789751365,0.6599495336499772,0.5661613038376024
2018-03-06,115.16000366210938,18.36000061035156,1.68,0.0,0.000868787327562,0.2165789513996328,0.3213051395826171,,0.0130253556121893,-0.2664117756853809,1.011070819592717,-0.3699989318847692,-0.8793657316710068,0.0003214503832329,-2.0000000000000018,2.0000000000000018,0.6506731956493516,0.6740600280498904,0.5714194498787547
2018-03-07,114.7300033569336,17.760000228881836,1.68,0.0,-0.0037409264736861,0.1888321845433909,0.2670819905118842,,0.0173450519092072,0.1976008810571139,1.0048044112263657,-0.600000381469723,-0.8988354716658852,-0.0022445573112618,0.0,3.0000000000000027,0.673430654204906,0.7070195342691541,0.664964350267248
2018-03-08,114.73999786376952,16.540000915527344,1.67,0.0,8.710948524066783e-05,0.1181359030567991,0.2477567983505167,,0.017605057609111,-0.1518864298667388,1.0037909519456842,-1.2199993133544922,-0.879683136870779,0.0001062735121802,-1.0000000000000009,4.000000000000004,0.7197040978041593,0.4768220442115378,0.6675901943214165
2018-03-09,118.04000091552734,14.640000343322754,1.67,0.0,0.0283548772751011,0.2126676174080905,0.2646842932461448,,0.0204168387276954,0.3186335202938394,1.0304413510906352,-1.9000005722045896,-0.8569059058867504,0.0538742830474831,0.0,2.0000000000000018,0.7917693591154268,0.8034765297173074,0.5531117907970533
2018-03-12,117.66000366210938,15.779999732971191,1.71,0.0,-0.0032244172700003,0.2143483590524096,0.2027606738350456,,0.0127485972574642,-0.2194070321560355,1.0229652642944036,1.1399993896484375,-0.7811164051993076,0.0036758337197723,4.000000000000004,1.0000000000000009,0.7485302385006496,1.0571495694810673,0.7782574122735892
2018-03-13,116.25,16.350000381469727,1.73,0.0,-0.0120560960933497,0.2454137002607997,0.2017460081659408,,0.0227096721690189,0.0758991291083592,1.008114467231152,0.5700006484985352,-0.7616898345363805,0.00687198259157,2.0000000000000018,5.000000000000004,0.7269106420212778,1.216448853148763,0.8104249759440824
2018-03-14,114.9499969482422,17.229999542236328,1.76,0.0,-0.0112458198068426,0.2615066192288429,0.2016447100325016,,0.0173118566037505,-0.031065837807536,0.995521270016345,0.8799991607666016,-0.7534612561154979,0.0098963119921539,3.0000000000000027,8.000000000000007,0.6935330891920397,1.296868235158227,0.8544731741020702
2018-03-15,115.23999786376952,16.59000015258789,1.77,0.0,0.0025196670184738,0.2619030631148238,0.2009446017084119,,0.0101527090474995,-0.3887974792605544,0.9968775806761988,-0.6399993896484375,-0.7542601781304533,0.0016125853539405,1.0000000000000009,10.000000000000009,0.7178076730678492,1.3033595373458595,0.8256006885251599
2018-03-16,115.44000244140624,15.800000190734863,1.78,0.0,0.0017340439352212,0.1100838671278027,0.1849024810326283,,0.0109147791890424,0.8213366843490761,0.9984390822480954,-0.7899999618530273,-0.7115059659793914,0.0013698946426762,1.0000000000000009,11.00000000000001,0.747771639668539,0.5953617632008792,0.8545044989389164
2018-03-19,114.52999877929688,19.020000457763672,1.8,0.0,-0.0079141488630631,0.1118036512099158,0.186342862838807,,0.0187723209586993,-0.408816806294508,0.9909684478445184,3.2200002670288086,-0.6964834151735247,0.0254835614523689,2.0000000000000018,9.000000000000007,0.6256400129414313,0.5999889102628512,1.0206991653990325
2018-03-20,114.63999938964844,18.200000762939453,1.81,0.0,0.0009599914445901,0.1005496142094292,0.1847254458946256,,0.0087229588740759,-0.2866710991463798,0.9919365742471652,-0.8199996948242188,-0.6951739735006229,0.0007871926915977,1.0000000000000009,8.000000000000007,0.6567418416183037,0.5443192394121299,0.985246005215839
2018-03-21,114.73999786376952,17.860000610351562,1.74,0.0,0.0008719023598698,0.0678170723300278,0.1847491247354907,,0.0210911470629322,0.317819442481283,0.99278955197699,-0.3400001525878906,-0.7061387868931867,0.0002964469353974,-7.000000000000006,-2.0000000000000018,0.6696377323883191,0.3670765554484926,0.9667163855808304
2018-03-22,109.9499969482422,23.34000015258789,1.72,0.0,-0.0426429913108138,0.301627403113444,0.235635688102227,,0.0369258542181219,0.5032594799465737,0.9534024032857444,5.479999542236328,-0.8153424093532244,0.2336835728628477,-2.0000000000000018,-5.000000000000004,0.4617864270917846,1.280058235417156,0.9905121053845708
2018-03-23,107.01000213623048,24.8700008392334,1.74,0.0,-0.027103381243086,0.3040431793123539,0.2508832541236752,,0.0388748336573146,0.0232786267119759,0.93097279023748,1.5300006866455078,-0.8160030569325148,0.0414681919123365,2.0000000000000018,-4.000000000000004,0.4037549186267154,1.2118910860526106,0.9912977622242376
2018-03-26,110.30999755859376,21.030000686645508,1.79,0.0,0.0303722538472457,0.4486683193428252,0.2651780886887905,,0.0227540766184608,-0.1324828648747021,0.962473441959431,-3.84000015258789,-0.837335514314398,0.1166294594078618,5.000000000000004,-1.0000000000000009,0.549402566569505,1.6919509510055195,0.7930519746420691
2018-03-27,108.16999816894533,22.5,1.77,0.0,-0.0195905151344272,0.447951440645193,0.2650567574611591,,0.0405842605524677,-0.1139625946059769,0.9479765989066344,1.4699993133544922,-0.8405270367602542,0.0287980437958688,-2.0000000000000018,-4.000000000000004,0.4936468546007677,1.690020827749826,0.8488747925355989
2018-03-28,108.0,22.8700008392334,1.73,0.0,-0.0015728195904136,0.443975474760904,0.2637952505539969,,0.023333302250615,0.0617668606404875,0.9501983788977366,0.3700008392333984,-0.8464779691671064,0.0005819445684157,-4.000000000000004,-1.0000000000000009,0.4796130655825864,1.683030584623909,0.8669602955778796
2018-03-29,109.97000122070312,19.96999931335449,1.73,0.0,0.0180763852989518,0.3864128973010676,0.2705361976745222,,0.0272801670155407,-0.3685003971750628,0.9697775324759156,-2.90000152587891,-0.8571300132020113,0.0524215449493354,0.0,1.0000000000000009,0.5896074365437727,1.428322348811728,0.7381636721818673
2018-04-02,107.8499984741211,23.6200008392334,1.77,0.0,-0.0194662537361648,0.3551598821616289,0.2715898595859565,,0.043115452866647,0.3492005278948524,0.9533159802308584,3.65000152587891,-0.853785530510165,0.0710518558401478,4.000000000000004,3.0000000000000027,0.4511662604741348,1.3077067115211014,0.8696937682151499
2018-04-03,109.33000183105467,21.100000381469727,1.75,0.0,0.0136294895073484,0.2819445368477395,0.2772105428357656,,0.0204884096428621,-0.2923807461394064,0.9680238984816152,-2.520000457763672,-0.8930992684917293,0.0343463197976032,-2.0000000000000018,-4.000000000000004,0.5467475430010842,1.0170772509715784,0.7611543257202341
2018-04-04,110.98999786376952,20.059999465942383,1.71,0.0,0.015069239722479,0.2495557344835916,0.2770811217812157,0.2551621359076237,0.0377511714753712,0.0853505319989232,0.9844110141248232,-1.0400009155273438,-0.8955496175521434,0.0156720231076792,-4.000000000000004,-6.000000000000005,0.586193814143241,0.9006594634788644,0.7239756839797205
2018-04-05,111.87999725341795,18.940000534057617,1.72,0.0,0.0079867558675676,0.2424656175614082,0.2790078550500618,0.2556064642448566,0.0128709552802768,0.0830051314565852,0.9936813052344544,-1.1199989318847656,-0.8969362804093538,0.0089451580409001,1.0000000000000009,-1.0000000000000009,0.6286743359259075,0.8690279258191604,0.6788339536411708
2018-04-06,109.08999633789062,21.489999771118164,1.73,0.0,-0.0252536477443527,0.3053939940835775,0.291000057624933,0.2601410288604652,0.0341919835195559,0.1284514519449501,0.9712181462878628,2.549999237060547,-0.9067462831390852,0.0643967824810952,1.0000000000000009,0.0,0.5319552274947585,1.0494636893756106,0.7384878184050535
2018-04-09,110.4000015258789,21.770000457763672,1.76,0.0,0.0119369516243126,0.2688903033651965,0.2951421157243327,0.2608851169639626,0.027989165983488,-0.1684981511660047,0.9846927696881812,0.2800006866455078,-0.897998282849314,-0.0033423546512617,3.0000000000000027,-1.0000000000000009,0.5213350608771088,0.9110536553053116,0.7376107745360608
2018-04-10,112.51000213623048,20.46999931335449,1.74,0.0,0.0189319779056463,0.2823163235784995,0.2846142918816318,0.2635278161850038,0.0128877837534925,-0.1354013191824437,1.0058750895205228,-1.3000011444091832,-0.9005459169937632,0.0246115929432695,-2.0000000000000018,-1.0000000000000009,0.5706428998048049,0.9919260263146308,0.7192189534131952
2018-04-11,110.62000274658205,20.239999771118164,1.73,0.0,-0.0169411961744938,0.306096133275385,0.2891156788925796,0.2656714488289374,0.0116615520113718,0.038796348084869,0.9919509067923148,-0.2299995422363245,-0.8800510600876306,-0.0038964673650693,-1.0000000000000009,2.0000000000000018,0.5793665693421779,1.0587323885299025,0.7000657954160383
2018-04-12,113.37000274658205,18.489999771118164,1.75,0.0,0.0245559008607022,0.3544005846223387,0.3020936707534738,0.2692736883054057,0.02549174666696,0.1250674197918075,1.0178624396078162,-1.75,-0.8818389995202809,0.0429728265062289,2.0000000000000018,3.0000000000000027,0.645742447928565,1.1731479965747127,0.6120618060286039
2018-04-13,110.3000030517578,17.40999984741211,1.76,0.0,-0.0274528763289649,0.3654786028581572,0.3138753174610789,0.2747808375810024,0.0553037017710571,0.3962572180551485,0.9922719345599708,-1.079999923706055,-0.8049677274391215,-0.0296491043407938,1.0000000000000009,3.0000000000000027,0.6867058443909768,1.1644069556488057,0.5546788447158155
2018-04-16,110.20999908447266,16.559999465942383,1.79,0.0,-0.0008163255309177,0.3551554915187288,0.3134870576857453,0.2727405147606466,0.0152436287009503,-0.3874735415186875,0.9936032486872572,-0.8500003814697266,-0.802667640270821,-0.0006938770126835,3.0000000000000027,3.0000000000000027,0.7189455713160152,1.1329191518801198,0.5282514559992754
2018-04-17,110.20999908447266,15.25,1.8,0.0,0.0,0.3133960715604347,0.3132755611630067,0.2726633299642648,0.0175120254170088,-0.0672969636408742,0.9958392080083904,-1.3099994659423828,-0.7988734837796266,0.0,1.0000000000000009,6.000000000000005,0.7686326373158001,1.0003846785781203,0.4867918819899572
2018-04-18,109.31999969482422,15.600000381469728,1.81,0.0,-0.0081082701280487,0.2964660725259798,0.3133208326457083,0.2727603199295429,0.019941459122406,0.0367329822105208,0.9900166884842077,0.3500003814697283,-0.8239101784801555,0.0028378976378766,1.0000000000000009,8.000000000000007,0.7553574471297293,0.9462060662312,0.4978922164141455
2018-04-19,111.72000122070312,15.960000038146973,1.82,0.0,0.0217163937351422,0.2804764506204965,0.3240395887385106,0.2763152579024376,0.0212137730100816,0.1077517246055932,1.0130270639375971,0.3599996566772443,-0.7824953368433901,-0.007817894288919,1.0000000000000009,7.000000000000006,0.7417029936995866,0.8655622966082454,0.4925324124832837
2018-04-20,111.47000122070312,16.8799991607666,1.81,0.0,-0.0022402446509384,0.1811301223380891,0.3239647276609566,0.2763161583688485,0.0166861091772026,-0.1391446353212136,1.0121893324307167,0.9199991226196288,-0.7793003923511755,0.0020610231133167,-1.0000000000000009,5.000000000000004,0.7068082793781105,0.5591044545060777,0.5210443520392215
2018-04-23,110.93000030517578,16.34000015258789,1.87,0.0,-0.004856132850854,0.1874042562003555,0.2877367973620942,0.2754118647130715,0.0118993932317032,-0.3227251156023322,1.0068592631248596,-0.5399990081787109,-0.7037095278620571,-0.0026223069230452,6.000000000000005,8.000000000000007,0.727289941437333,0.6513044487824823,0.5678801009251966
2018-04-24,110.41000366210938,18.020000457763672,1.87,0.0,-0.0046986318823132,0.1923644194828623,0.2706935580468933,0.2755392429391535,0.0299792145476054,0.3769686109853875,1.0006689821208077,1.6800003051757812,-0.677954955463192,0.0078937029961949,0.0,7.000000000000006,0.6635690864193668,0.7106353799876475,0.665697425080282
2018-04-25,109.98999786376952,17.84000015258789,1.85,0.0,-0.0038113094723389,0.1826153420541914,0.2498335475210699,0.274290724645855,0.0175470528471709,-0.1942602121318572,0.9970000732332824,-0.1800003051757812,-0.6106209957105043,-0.0006860368681403,-2.0000000000000018,4.000000000000004,0.6703963312204299,0.7309480406701203,0.7140754446151127
2018-04-26,110.0999984741211,16.239999771118164,1.82,0.0,0.0009995967226244,0.0385033489603723,0.2396060675856234,0.2743063320821934,0.0134423558351044,-0.2741583468051191,0.9971664627457262,-1.6000003814697266,-0.5742293107262065,0.001599355137515,-3.0000000000000027,0.0,0.7310828632539199,0.1606943820260858,0.6777791537067309
2018-04-27,109.4000015258789,15.40999984741211,1.82,0.0,-0.0063781259340213,0.0446133692923081,0.2407916027220985,0.2742431578594418,0.0094150493082741,-0.0930892390168123,0.990228753783638,-0.8299999237060547,-0.5619491224452942,-0.0052938440386253,0.0,1.0000000000000009,0.7625639913468477,0.1852779282498365,0.6399724771630444
2018-04-30,108.77999877929688,15.93000030517578,1.87,0.0,-0.0056834211625316,0.0462629519572191,0.2330214055480942,0.2744049240499696,0.0142489710346714,0.3816617348667061,0.9851221147946716,0.5200004577636701,-0.5223768743537099,0.0029553816061801,5.000000000000004,0.0,0.7428408557757694,0.1985352025853727,0.6836281957748266
2018-05-01,108.77999877929688,15.489999771118164,1.85,0.0,0.0,0.0528076595407031,0.2226009600726765,0.2738823668187043,0.0131458018130437,-0.2689688319455825,0.984727184233399,-0.4400005340576154,-0.4510311512859395,0.0,-2.0000000000000018,-2.0000000000000018,0.7595296683623716,0.2372301517633261,0.69586401451552
2018-05-02,107.91999816894533,15.970000267028809,1.84,0.0,-0.0079372878403315,0.0638873941828435,0.2189692104079487,0.2739853777832154,0.0163083259516063,0.14662554472367,0.9775362146550424,0.4800004959106445,-0.4177172692780622,0.0038099020995446,-1.0000000000000009,-1.0000000000000009,0.7413236942835313,0.2917642807580968,0.7293262937412998
2018-05-03,107.23999786376952,15.899999618530272,1.84,0.0,-0.0063209014850543,0.0485344713087304,0.2120895740430904,0.2731860777683261,0.0241514023637037,0.2346848858140443,0.9729505340567928,-0.0700006484985369,-0.3941691232590971,-0.0004424672030491,0.0,2.0000000000000018,0.7439787540239353,0.2288394963670854,0.7496832265455845
2018-05-04,108.43000030517578,14.770000457763672,1.84,0.0,0.0110355128509182,0.1232639024421005,0.2140861606124495,0.2708933553249509,0.0254541593568932,-0.2507813792277725,0.9852154733033632,-1.1299991607665998,-0.4003533103585295,0.0124701202601667,0.0,2.0000000000000018,0.7868385752226572,0.5757677287007805,0.6899091662679278
2018-05-07,109.37000274658205,14.75,1.86,0.0,0.0086318481613028,0.1359551864496605,0.1982946937768953,0.2530762741190502,0.0120691200665208,-0.2461354013606384,0.993636132158535,-0.0200004577636718,-0.207713694388718,0.0001726409145725,2.0000000000000018,-1.0000000000000009,0.7875971740547678,0.6856219087870602,0.7438423953288166
2018-05-08,110.98999786376952,14.710000038146973,1.87,0.0,0.0147034334569449,0.165455720051669,0.2005898930518743,0.2475298339065262,0.0185602090120067,0.2930860218425022,1.0080966180762865,-0.0399999618530273,-0.22053569555938,0.0005881367773863,1.0000000000000009,2.0000000000000018,0.7891143355470059,0.8248457463850417,0.733337049755684
2018-05-09,113.41000366210938,13.420000076293944,1.88,0.0,0.0215695152012901,0.1636812934968356,0.2038657564076823,0.2509611815945641,0.0230138482150809,-0.0983674986858971,1.0296761599984272,-1.2899999618530291,-0.2274350215973262,0.0278246737868526,0.9999999999999788,3.999999999999981,0.8380428388866634,0.8028876275303073,0.6582763242227487
2018-05-10,114.29000091552734,13.229999542236328,1.9,0.0,0.0077294828019459,0.0893435501573296,0.1951838089664814,0.2338815199949148,0.0147869667325957,-0.2159977603201994,1.0360220025356517,-0.1900005340576154,-0.2242865482148083,0.0014686058603588,2.0000000000000018,5.999999999999983,0.8452493831037817,0.457740581200936,0.6778225925752014
2018-05-11,113.86000061035156,12.649999618530272,1.92,0.0,-0.0037694570365904,0.1489886790640056,0.1769351211463116,0.2308695065618903,0.0093097240673288,0.1127569186299469,1.0319058524030935,-0.5799999237060565,-0.0715024761272431,-0.0021862847936356,2.0000000000000018,7.999999999999985,0.8672482428272258,0.8420526015341158,0.7149513073817438
2018-05-14,113.9000015258789,12.93000030517578,1.93,0.0,0.0003512549663105,0.1638415518825026,0.1456150137666983,0.2289048248351605,0.0084284378543626,-0.1630181906590285,1.0306670869009218,0.2800006866455078,-0.2494097356437233,-9.835163175459016e-05,1.0000000000000009,6.999999999999984,0.8566280762095759,1.1251693602488448,0.8879579083714532
2018-05-15,113.02999877929688,14.630000114440918,1.92,0.0,-0.0076676244469661,0.1830341114548777,0.1489026791383936,0.2291378835655384,0.0118552948930102,0.2809377623952832,1.0215532143692632,1.6999998092651385,-0.3290937615135542,0.0130349600973591,-1.0000000000000009,4.999999999999982,0.7921486585314821,1.2292197327407492,0.982520945834927
2018-05-16,113.33999633789062,13.420000076293944,1.92,0.0,0.002738859027819,0.0940136306366639,0.1489261066367874,0.2244948143544623,0.009352437111681,-0.4211515500954588,1.022976912503445,-1.2100000381469744,-0.3506467955406389,0.0033140195281402,0.0,4.000000000000004,0.8380428388866634,0.6312770323469994,0.9011180362771236
2018-05-17,112.95999908447266,13.43000030517578,1.92,0.0,-0.0033583527905924,0.0637463929177554,0.146012191118528,0.2243997909039366,0.0107118158965486,0.129421838593385,1.0179546075580097,0.0100002288818359,-0.3367076355313101,3.358429657187696e-05,0.0,2.0000000000000018,0.8376635394706081,0.4365826745659079,0.919786231704018
2018-05-18,111.12999725341795,13.420000076293944,1.91,0.0,-0.016333103157533,0.1194996849340003,0.1391602350409551,0.2262665218766134,0.017637062560144,0.3148730813815771,1.001716914235372,-0.0100002288818359,-0.4316796308060166,-0.0001633347699259,-1.0000000000000009,-1.0000000000000009,0.8380428388866634,0.8587200567664417,0.9643559507027571
2018-05-21,112.1500015258789,13.079999923706056,1.93,0.0,0.0091366120893962,0.1546994727107559,0.1426491649751442,0.2270825518249482,0.0055283347137445,-0.22347605621219,1.010616173142434,-0.3400001525878871,-0.4326280709074553,0.003106449504531,2.0000000000000018,0.0,0.8509387296566787,1.0844751368696153,0.9169349099228984
2018-05-22,113.01000213623048,13.220000267028809,1.93,0.0,0.0076390547031668,0.1640875778185977,0.143534164917728,0.2274689208834486,0.0176975485549416,0.1978504555647721,1.0174577584617146,0.1400003433227521,-0.4299849265425493,-0.0010694702811046,0.0,1.0000000000000009,0.8456286463478538,1.1431952658285267,0.921035091164974
2018-05-23,112.48999786376952,12.579999923706056,1.92,0.0,-0.00461201946075,0.1645557129485144,0.1434920218549151,0.2276129584507163,0.0146679165065197,-0.0046774032972121,1.0118736911585189,-0.6400003433227521,-0.3951541254321889,-0.0029516940382912,-1.0000000000000009,0.0,0.8699032663956465,1.146793465039449,0.876703788899546
2018-05-24,111.2300033569336,12.529999732971191,1.91,0.0,-0.0112641500302838,0.1790929546896836,0.1487925478475805,0.2248014687687992,0.018250460469579,0.2067659183654226,1.0000085935658434,-0.050000190734865,-0.3957750794983815,-0.0005632096499803,-1.0000000000000009,-1.0000000000000009,0.87179972730394,1.203641965141575,0.8421120489049372
2018-05-25,110.66000366210938,13.220000267028809,1.9,0.0,-0.0051376892207406,0.1403768003636618,0.1500639347975876,0.2233409330849447,0.0079523301435945,-0.5308306173280495,0.9946455716228256,0.6900005340576172,-0.4461866816380808,0.0035450083061331,-1.0000000000000009,-1.0000000000000009,0.8456286463478538,0.9354466184896972,0.8809578587193839
2018-05-29,105.93000030517578,17.020000457763672,1.93,0.0,-0.0436839690739824,0.3063873828143729,0.2131739686463531,0.2381240454526227,0.0400264122680492,1.081435263190114,0.953547089439622,3.8000001907348633,-0.7797019255126304,0.1659990908131892,3.0000000000000027,0.0,0.7014981598973024,1.4372645251196543,0.7984089504849041
2018-05-30,108.3499984741211,14.9399995803833,1.94,0.0,0.0225882124101744,0.3755269268048276,0.2282081360478902,0.2411503107660822,0.017997203282914,-0.3340258191790207,0.9755109247989184,-2.080000877380371,-0.8097037885700933,0.0469835016316169,1.0000000000000009,1.0000000000000009,0.7803906660096327,1.6455457430580915,0.6546655101397476
2018-05-31,107.01000213623048,15.43000030517578,1.93,0.0,-0.0124444058976836,0.3746363634505821,0.2321167053823845,0.2397875249705595,0.0165405498283009,0.1244209649741967,0.9641781612593568,0.4900007247924787,-0.8119612106182305,0.0060977679094767,-1.0000000000000009,1.0000000000000009,0.7618053925147371,1.6140000041505562,0.6647518230002746
2018-06-01,108.4000015258789,13.460000038146973,1.92,0.0,0.0129057950801045,0.4073207666201665,0.2352289719860191,0.2413775281843428,0.0105165993874666,-0.3764527621924187,0.9765011815026466,-1.9700002670288068,-0.8138968685087907,0.0254244197540249,-1.0000000000000009,1.0000000000000009,0.8365256773944253,1.731592682573028,0.5722084284306175
2018-06-04,108.4499969482422,12.739999771118164,1.94,0.0,0.0004611060511958,0.4092699201475661,0.2340261001393966,0.2392101214151031,0.0091286816138552,-0.3672965845870443,0.976444732252916,-0.7200002670288086,-0.8126745002033524,0.0003319964799896,2.0000000000000018,4.000000000000004,0.8638346204266942,1.74882169084468,0.5443837146168584
2018-06-05,107.83999633789062,12.399999618530272,1.94,0.0,-0.0056405959278484,0.2244729068347588,0.2317160137646725,0.2393643773133587,0.0114984969016904,0.1009196309987682,0.9711981817187758,-0.3400001525878924,-0.8000194880832701,-0.0019178034761551,0.0,1.0000000000000009,0.8767305111967096,0.9687414485851218,0.5351377928986615
2018-06-06,110.36000061035156,11.640000343322754,1.95,0.0,0.023099141674369,0.2272120615892672,0.2438147422724251,0.2441067322914296,0.0204783843270832,0.3945757083088961,0.9934713420015656,-0.7599992752075178,-0.7958828358036347,0.0175553309304362,1.0000000000000009,1.0000000000000009,0.9055565795492332,0.9319045250159362,0.4774116706329784
2018-06-07,110.8000030517578,12.130000114440918,1.94,0.0,0.0039790469764875,0.1784948982160521,0.2386798582348935,0.2442763663987243,0.0132671586662,-0.1392793234400128,0.9975135291085374,0.489999771118164,-0.8054311857121342,-0.0019497321077473,-1.0000000000000009,1.0000000000000009,0.8869713422263209,0.7478423170521109,0.5082121383909716
2018-06-08,111.11000061035156,12.18000030517578,1.93,0.0,0.0027939052330128,0.1715793210561645,0.2257304570005124,0.2372285940222543,0.0097201136272341,-0.2583735470785215,1.001291683371962,0.0500001907348615,-0.7941731970544127,-0.0001396957945457,-1.0000000000000009,1.0000000000000009,0.8850748813180275,0.7601070911568439,0.5395816083935953
2018-06-11,110.83000183105467,12.350000381469728,1.94,0.0,-0.0025231947802838,0.1776849302280064,0.2235319256387511,0.2372055374006047,0.0102860868014849,0.1969066773919214,1.0002535775918655,0.1700000762939488,-0.7988151253565177,0.0004289433051527,1.0000000000000009,0.0,0.8786269359330197,0.794897327172684,0.5524938035664985
2018-06-12,110.19000244140624,12.34000015258789,1.92,0.0,-0.0057913416528349,0.1782208807318813,0.2239041097259144,0.2363425968236042,0.0182412386940393,0.1903713403291586,0.9960485222752116,-0.0100002288818377,-0.8053847529110341,-5.791474206127006e-05,-2.0000000000000018,-2.0000000000000018,0.8790062353490751,0.7959696717940778,0.5511287920393035
2018-06-13,109.97000122070312,12.9399995803833,1.94,0.0,-0.001998558232846,0.0640082247136465,0.2237992952256108,0.2354111034696626,0.0170045930383738,-0.0207711819262255,0.9957443042397418,0.5999994277954102,-0.8042276618893608,0.0011991337961234,2.0000000000000018,-1.0000000000000009,0.8562488129655037,0.2860072666856264,0.5781966188650663
2018-06-14,108.02999877929688,12.119999885559082,1.94,0.0,-0.0177986573939459,0.1230401919904529,0.22988792513598,0.2377760307085517,0.0238822721485499,0.3131092307860018,0.980291572602812,-0.8199996948242188,-0.7525933817766983,-0.0145948936313164,0.0,0.0,0.8873506416423762,0.5352181586643753,0.527213418381589
2018-06-15,107.9000015258789,11.979999542236328,1.94,0.0,-0.0012040686235342,0.1094820116732989,0.2292352641783263,0.2377100361294672,0.0195551490316289,0.1758956656143007,0.9814189282574376,-0.1400003433227539,-0.7556926541060383,-0.0001685700206789,0.0,1.0000000000000009,0.8926607249512011,0.4775967260784576,0.522607181978636
2018-06-18,108.18000030517578,12.3100004196167,1.94,0.0,0.0025916228585896,0.1243275653430394,0.2298288034785383,0.2374094107675787,0.015806979845154,-0.9146663086229678,0.9860070635990044,0.3300008773803711,-0.7457676102081517,-0.0008552378171736,0.0,0.0,0.8801440974252579,0.5409572841232203,0.5356160861171704
2018-06-19,107.5500030517578,13.350000381469728,1.94,0.0,-0.0058406251752954,0.1243518083590239,0.2244284743852892,0.2375817720768913,0.0119014295023391,0.261134222991194,0.981790460394112,1.0399999618530291,-0.7599381698087672,0.0060742499595051,0.0,2.0000000000000018,0.8406978624550842,0.554082135520567,0.5948443225858683
2018-06-20,107.54000091552734,12.789999961853027,1.94,0.0,-9.30041940878512e-05,0.1277929023484589,0.2211394418694078,0.2375584878735739,0.0111586101732024,-0.3587163649990915,0.9836703947658584,-0.560000419616701,-0.7603659923620464,-5.208238771530978e-05,0.0,0.0,0.8619381595184008,0.5778838061096581,0.5783681035699666
2018-06-21,107.51000213623048,14.640000343322754,1.94,0.0,-0.000278993527698,0.0487410874921252,0.2184763485958359,0.2219950376415138,0.0156264558812582,0.2188603770282763,0.985757523157972,1.8500003814697263,-0.7206784994542397,0.000516138132669,0.0,0.0,0.7917693591154268,0.2230954874767357,0.6700954330944813
2018-06-22,105.75,13.770000457763672,1.93,0.0,-0.0165060684408122,0.1209868764169252,0.2238298207768231,0.2177770662853033,0.0270449230293291,0.5670190544635368,0.9724819172018578,-0.869999885559082,-0.6666465974533222,-0.014360277654537,-1.0000000000000009,-1.0000000000000009,0.8247676487005927,0.5405306406314786,0.6151995480304434
2018-06-25,104.79000091552734,17.329999923706055,1.93,0.0,-0.0091194617027554,0.1085637238765533,0.2229466670559081,0.209414635660652,0.0166046173162283,-0.1415686034630803,0.9663790277345466,3.559999465942383,-0.6274358631054764,0.0324652787914915,0.0,-1.0000000000000009,0.6897401673754529,0.4869493018674684,0.7773159452238068
2018-06-26,104.86000061035156,15.920000076293944,1.93,0.0,0.0006677767413878,0.1198046993857788,0.2230998058964215,0.2059225645272551,0.0200266876015427,0.0105430106083753,0.9694939130928348,-1.4099998474121112,-0.6208892035111447,0.0009415651034621,0.0,-1.0000000000000009,0.7432201551918247,0.5370004644531182,0.7135819779101519
2018-06-27,103.23999786376952,17.90999984741211,1.93,0.0,-0.0155697788064943,0.1293363640340633,0.173567221651349,0.2081119689869399,0.0260557426159705,-0.0485654545354653,0.9556478028212508,1.9899997711181656,-0.4609400303235675,0.0309838562612841,0.0,-1.0000000000000009,0.667741307652009,0.745165837210128,1.0318768530724425
2018-06-28,104.93000030517578,16.850000381469727,1.93,0.0,0.0162371099196693,0.2165165368355719,0.1637021330354678,0.2074684466165961,0.018583788645486,-0.1161923117028504,0.972757850666428,-1.0599994659423828,-0.392355599271829,0.0172113278432972,0.0,-1.0000000000000009,0.70794610528231,1.32262501911726,1.0293085416192462
2018-06-29,104.1999969482422,16.09000015258789,1.93,0.0,-0.0069813640464313,0.193578935522424,0.1601673583006467,0.2043687629294961,0.0263915554754379,0.2694368221408789,0.9671901133908444,-0.7600002288818359,-0.3616707719004686,-0.0053058382731952,0.0,0.0,0.736772209806817,1.2086041599004278,1.0045742355558922
2018-07-02,105.08000183105467,15.600000381469728,1.98,0.0,0.0084098822109151,0.1983433385423104,0.1558537420880455,0.203160223327573,0.0162733065728526,-0.5333411262079218,0.9767917588801042,-0.4899997711181623,-0.295136413460796,0.0041208403584791,5.000000000000004,5.000000000000004,0.7553574471297293,1.272624807624199,1.0009384550200222
2018-07-03,103.61000061035156,16.139999389648438,1.98,0.0,-0.0140881260881623,0.2238305143948668,0.1616119004375711,0.2023704200199279,0.0218125868440992,-0.2919800045384085,0.9651949417460076,0.5399990081787092,-0.300122465418555,0.0076075741147042,0.0,5.000000000000004,0.7348757850705068,1.3849878244661196,0.9986887937057044
2018-07-05,103.72000122070312,14.970000267028809,1.96,0.0,0.0010611162851639,0.1908917342872775,0.1614680246069458,0.201580041435799,0.0081951259556234,0.2547641087867895,0.9679888049185142,-1.169999122619629,-0.3161207574161401,0.0012415051226392,-2.0000000000000018,3.0000000000000027,0.7792527677614667,1.182226231800113,0.9271185613046046
2018-07-06,104.05999755859376,13.369999885559082,1.97,0.0,0.0032726599609527,0.1410763405214121,0.1353560358034461,0.1957349441655792,0.0221026629417583,0.1268496175511387,0.9738886001096974,-1.6000003814697266,-0.3062662395013379,0.0052362571859451,1.0000000000000009,4.000000000000004,0.8399392997949569,1.0422611720564317,0.9877653261782864
2018-07-09,107.27999877929688,12.6899995803833,1.98,0.0,0.0304745951941259,0.2559719196666685,0.1768363096136341,0.2039570422825576,0.0256338556235209,0.1326685053503421,1.005601837609544,-0.6800003051757812,-0.3277235004392264,0.020722734032114,1.0000000000000009,5.000000000000004,0.8657310813349877,1.4475076992159368,0.7176127803226278
2018-07-10,106.62000274658205,12.640000343322754,1.99,0.0,-0.006171090439667,0.2673758321348773,0.1767965602230016,0.2004069466861677,0.0175389485875996,0.047423087463998,1.001422304845181,-0.0499992370605468,-0.3270216934154475,-0.0003085498138149,1.0000000000000009,1.0000000000000009,0.8676275060712978,1.5123361664821076,0.714946055928879
2018-07-11,106.38999938964844,13.630000114440918,1.97,0.0,-0.0021595553637428,0.2304633678850846,0.1767865623854993,0.1977468792718259,0.007989458398322,-0.3583061656614945,1.001250326259701,0.989999771118164,-0.3230403239366708,0.0021379593158224,-2.0000000000000018,-1.0000000000000009,0.8300777320094176,1.3036249179535382,0.7709862067864327
2018-07-12,106.8499984741211,12.579999923706056,1.98,0.0,0.0043143856932379,0.2278399494586265,0.1774823024557393,0.1913121712667278,0.0148806397809704,0.2012033443052592,1.007086866032238,-1.0500001907348615,-0.3392191718445898,0.0045301058008035,1.0000000000000009,2.0000000000000018,0.8699032663956465,1.2837333430213156,0.7088030609048057
2018-07-13,106.36000061035156,12.18000030517578,1.98,0.0,-0.0045963953712232,0.2401722913607866,0.1778084222932727,0.1837496475672909,0.025009436318586,0.5359285460989879,1.0040953980628915,-0.399999618530277,-0.3346475875234479,-0.0018385563951036,0.0,1.0000000000000009,0.8850748813180275,1.3507363051939834,0.6850069388212892
2018-07-16,110.58000183105467,12.829999923706056,2.01,0.0,0.0389096853550658,0.2983466281935369,0.2168918374091419,0.1999984755984893,0.0342737676196027,0.1375056429425032,1.042739124605604,0.649999618530277,-0.2439620596873511,-0.0252912806379258,2.9999999999999805,2.9999999999999805,0.8604209980261626,1.375554892970637,0.5915390858856396
2018-07-17,110.5,12.0600004196167,2.02,0.0,-0.0007237365106216,0.286551320153922,0.2168336129814824,0.2000044959818192,0.0106787357934459,-0.4995950308079983,1.0407696419302324,-0.7699995040893572,-0.238844987823095,-0.00055727675427,1.000000000000023,3.0000000000000027,0.8896263657947417,1.3215262901992664,0.5561868500824465
2018-07-18,111.52999877929688,12.100000381469728,2.0,0.0,0.0092780811035728,0.274390577441283,0.2186297212980356,0.2001476152289553,0.0172151512539624,-0.0397068688603595,1.0488949459521146,0.0399999618530291,-0.2375075984604303,-0.0003711228902122,-2.0000000000000018,3.0000000000000027,0.8881092043025036,1.255047007388507,0.5534471850227092
2018-07-19,109.88999938964844,12.869999885559082,2.0,0.0,-0.0148137421567523,0.3256925071747268,0.2245311532925547,0.1975915622823653,0.012375948571396,0.1635086185352105,1.0323895271921928,0.7699995040893537,-0.2470086061643293,0.0114065741144068,0.0,2.0000000000000018,0.8589038365339245,1.450544845999001,0.5731943962711494
2018-07-20,111.27999877929688,12.859999656677246,1.99,0.0,0.0125696767409053,0.3144039249762171,0.2279947841008736,0.1992024546818021,0.0176132198595718,-0.2114493657461744,1.043701949343816,-0.0100002288818359,-0.246475181295021,0.0001256996443797,-1.0000000000000009,1.0000000000000009,0.85928313594998,1.3789961301795082,0.564047976246136
2018-07-23,113.3499984741211,12.619999885559082,1.99,0.0,0.0184308268463469,0.2071792394517586,0.23512383272753,0.2023279660591225,0.0292015668562134,0.2896612439797433,1.0603509214939115,-0.239999771118164,-0.2493214225741292,0.0044233942246417,0.0,-1.99999999999998,0.8683861049034085,0.8811494651494788,0.5367384385990166
2018-07-24,114.1500015258789,12.40999984741211,2.02,0.0,0.0070330228512383,0.2010277905573509,0.2250488095279832,0.2025002958916636,0.0119141532384756,-0.2590335440513159,1.0638538815209646,-0.2100000381469726,-0.3098806689094935,0.0014769350670485,3.0000000000000027,0.0,0.8763512117806542,0.8932630702601184,0.5514359250973514
2018-07-25,115.18000030517578,12.289999961853027,2.01,0.0,0.0089827383849629,0.2007814027916372,0.2208139162897528,0.2030018176863656,0.0185796091680708,-0.0491362856036441,1.068526196799802,-0.119999885559082,-0.2335126316821383,0.0010779275782027,-1.000000000000023,0.9999999999999788,0.8809026962573685,0.9092787545517336,0.5565772379004431
2018-07-26,114.8499984741211,12.140000343322754,1.99,0.0,-0.002869208878816,0.1245630565242276,0.2219248589190196,0.2031285015507505,0.0087940315215897,-0.1135961059554216,1.0607833107255078,-0.1499996185302734,-0.2652377411437595,-0.000430380237306,-1.99999999999998,-1.0000000000000009,0.8865920428102656,0.5612848291577859,0.547032018064846
2018-07-27,116.02999877929688,13.029999732971191,2.0,0.0,0.0102218519896064,0.1211911982087138,0.2104687807285563,0.2035000712294853,0.012841553984657,0.0733025771047762,1.06568726049842,0.8899993896484375,-0.0577579080204881,-0.0090974420318264,1.0000000000000009,1.0000000000000009,0.8528351905649723,0.5758155570113525,0.6190941805177326
2018-07-30,116.7300033569336,14.260000228881836,2.04,0.0,0.0060148365838043,0.0818634174516432,0.2068840411169928,0.203298782830056,0.013278531715777,0.0464639179396768,1.0666118737704218,1.2300004959106443,-0.0018491346119574,-0.0073982519809008,4.000000000000004,5.000000000000004,0.8061824113776803,0.3956971113366329,0.6892750234329488
2018-07-31,114.9499969482422,12.829999923706056,2.03,0.0,-0.0153663797620534,0.1694854255382815,0.2149237028436651,0.2059484248920852,0.019660741159028,0.1666582524839555,1.0454570778333483,-1.4300003051757797,0.085077861237835,-0.0219739277491833,-1.000000000000023,0.9999999999999788,0.8604209980261626,0.788584150076573,0.596956024577641
2018-08-01,115.66000366210938,13.149999618530272,2.03,0.0,0.0061576597321616,0.1625646145696614,0.2145719424383126,0.2054255235291557,0.0121909356516066,-0.1577505656859664,1.0471165247109817,0.3199996948242152,0.0943663774569295,-0.001970449235123,0.0,2.0000000000000018,0.848283706088258,0.757622887327858,0.6128480484959382
2018-08-02,116.1500015258789,12.1899995803833,2.02,0.0,0.0042275879607742,0.1601756540440023,0.2036068478468578,0.2049596090298786,0.0165303327053124,-0.2018644998175763,1.045898363029656,-0.9600000381469708,0.1656966788093259,0.004058484603613,-0.9999999999999788,3.0000000000000027,0.8846956180739554,0.7866908983556283,0.5987028289712516
2018-08-03,117.08999633789062,11.640000343322754,2.01,0.0,0.0080603662310523,0.1540159116388738,0.203153138787106,0.2044690495494987,0.0101630783946538,-0.0038053520111669,1.0483525451399067,-0.5499992370605469,0.1444530027121829,0.0044331952775073,-1.000000000000023,0.9999999999999788,0.9055565795492332,0.758127157465554,0.5729667979937475
2018-08-06,117.12000274658205,11.270000457763672,2.05,0.0,0.0002562350793978,0.1494913855029743,0.203888445121865,0.2039204053474646,0.0115266260456136,-0.1111353969320986,1.042814646655769,-0.369999885559082,0.1458613056457393,9.48069500534236e-05,4.000000000000004,0.9999999999999788,0.9195903323954314,0.7332018516970035,0.5527532691235908
2018-08-07,117.5500030517578,10.93000030517578,2.06,0.0,0.0036647272834284,0.0464189669895468,0.1827855264556133,0.2021115047865784,0.0081667295580586,0.069049679985518,1.0421055545529114,-0.3400001525878924,0.2601801320971603,0.0012460078355586,1.000000000000023,3.000000000000025,0.9324862231654468,0.2539531870474384,0.5979685873996137
2018-08-08,117.79000091552734,10.850000381469728,2.06,0.0,0.0020395847957943,0.0462110659845186,0.179002562181207,0.1977247488407528,0.0084047699811081,-0.1603698189544648,1.0393322699086147,-0.0799999237060511,0.2679701320109778,0.0001631666280555,0.0,3.000000000000025,0.935520546149923,0.2581586845541263,0.6061365965525177
2018-08-09,116.87999725341795,11.270000457763672,2.06,0.0,-0.00775564179995,0.0921967810169943,0.1827329082345385,0.1978811949317443,0.0087269361433108,0.0746254653394404,1.026777136323981,0.4200000762939435,0.2819835726670494,0.0032573701476875,0.0,4.000000000000004,0.9195903323954314,0.5045439374207261,0.6167471730542686
2018-08-10,115.7300033569336,13.15999984741211,2.05,0.0,-0.0098878230766978,0.0966510844038739,0.1893944932880998,0.1987759417286609,0.0109737890454345,0.2645946726435679,1.0129118570918298,1.8899993896484373,0.0896351020309353,0.0186879795799106,-1.000000000000023,4.000000000000004,0.8479044066722026,0.5103162332014157,0.6948459598238479
2018-08-13,113.88999938964844,14.779999732971191,2.06,0.0,-0.0160268559394564,0.1318515589147855,0.1996425970208387,0.2014261799665081,0.0180876070737864,-0.2004604697854331,0.9936889177402366,1.619999885559082,-0.0853671964547037,0.0259635047877913,1.000000000000023,1.000000000000023,0.7864593119785851,0.6604380071304264,0.7403229547964881
2018-08-14,114.6500015258789,13.3100004196167,2.08,0.0,0.0066509576858037,0.1460058703232742,0.1528468032803117,0.2012467960788808,0.0121238497265495,0.0249655890010773,0.9986312563396528,-1.4699993133544922,-0.2643265728647845,0.0097769032312813,2.0000000000000018,2.0000000000000018,0.8422150239473224,0.9552432055481612,0.8708065941822131
2018-08-15,113.6999969482422,14.640000343322754,2.07,0.0,-0.0083206486968792,0.1324509334080966,0.1565974527213857,0.2018999743568438,0.0119613073601984,-0.042946979748534,0.9890437356435704,1.329999923706055,-0.3306218574807281,0.0110664621320342,-1.000000000000023,0.9999999999999788,0.7917693591154268,0.8458051590644329,0.9348811292205296
2018-08-16,114.7699966430664,13.449999809265137,2.07,0.0,0.0093667225272991,0.1756011454522027,0.1566542208243346,0.2026294801258242,0.0088001615089093,-0.0033052662708592,0.997013278830856,-1.1900005340576172,-0.3674813684707887,0.0111464048098555,0.0,0.9999999999999788,0.8369049768104806,1.120947425024152,0.8585788329538465
2018-08-17,114.7699966430664,12.640000343322754,2.05,0.0,0.0,0.1672835046446503,0.1453780887924897,0.199809163302902,0.0067090412615511,-0.173709330800283,0.995004657963216,-0.8099994659423828,-0.3163813308721906,0.0,-2.0000000000000018,0.0,0.8676275060712978,1.1506789367923806,0.8694570446145349
2018-08-20,114.62000274658205,12.489999771118164,2.06,0.0,-0.0013077633572575,0.1107665383277602,0.1406186406670186,0.1990672080011247,0.0082010331432684,0.0132682776691151,0.9923359720122152,-0.1500005722045898,-0.3247706215738717,-0.0001961652518968,1.000000000000023,0.0,0.8733168887961781,0.7877087831481214,0.888217928424878
2018-08-21,115.31999969482422,12.859999656677246,2.08,0.0,0.0060885370377691,0.1091073020540343,0.1276993416764842,0.1988603629510526,0.0130940178653005,0.2418405832228085,0.9975860699810816,0.369999885559082,-0.3183697554457739,-0.0022527580071968,2.0000000000000018,0.0,0.85928313594998,0.8544077097159101,1.0070529329162088
2018-08-22,114.97000122070312,12.25,2.09,0.0,-0.0030396347406342,0.0836537167038595,0.1262841732232473,0.1987266401335667,0.0054797327661422,-0.2777498118407716,0.9942225432868154,-0.6099996566772461,-0.2959380968360453,-0.0018541761482111,0.9999999999999788,2.0000000000000018,0.8824198577496066,0.6624243922947894,0.9700344617487608
2018-08-23,114.7300033569336,12.40999984741211,2.08,0.0,-0.0020896643127542,0.0574354034180907,0.1225053901328463,0.197390654011804,0.0062756140472091,0.1082619994185911,0.9923310059733828,0.1599998474121093,-0.3002288621800482,0.0003343459711832,-0.9999999999999788,1.000000000000023,0.8763512117806542,0.4688398066061184,1.0130166382029844
2018-08-24,114.68000030517578,11.989999771118164,2.09,0.0,-0.0004359273941978,0.0574854288775414,0.1221233598888765,0.197069364240262,0.0067143727800127,-0.0463555668002074,0.991967970759902,-0.4200000762939453,-0.301818248988295,-0.0001830895388217,0.9999999999999788,4.000000000000004,0.8922814255351458,0.4707160770048336,0.9817941286604136
2018-08-27,116.70999908447266,12.15999984741211,2.12,0.0,0.0175465739035223,0.1359669212762334,0.132127716844038,0.178346991957719,0.0180790046003202,0.4424155936714641,1.0092445311011884,0.1700000762939453,-0.3218712195888954,-0.0029829189022961,3.000000000000025,6.000000000000005,0.8858334801501381,1.0290567681323606,0.9203216507377951
2018-08-28,116.13999938964844,12.5,2.13,0.0,-0.0048958628912037,0.1454071602532022,0.1315636127120622,0.1735690093559464,0.0091268948180158,-0.5057783401481187,1.0045595457843757,0.3400001525878906,-0.4016765813483699,0.0016645941300586,0.9999999999999788,4.999999999999982,0.8729375893801228,1.1052232243837643,0.950110729123658
2018-08-29,115.76000213623048,12.25,2.13,0.0,-0.0032772539114061,0.1458750238952129,0.1202287503448126,0.17161836799025,0.0087249664615751,-0.1394783365083367,1.0009387967615415,-0.25,-0.6232263268789666,-0.0008193134778515,0.0,4.000000000000004,0.8824198577496066,1.2133123190322403,1.0188910693047502
2018-08-30,115.19000244140624,13.529999732971191,2.11,0.0,-0.0049361406441718,0.1514217991242701,0.1195986700399275,0.170397537626393,0.0092021663002649,0.219222668658313,0.9962029826831932,1.2799997329711914,-0.6578945931438086,0.0063182587064482,-2.0000000000000018,2.9999999999999805,0.8338706538260044,1.2660826334750923,1.1312834606316489
2018-08-31,114.58000183105467,12.859999656677246,2.11,0.0,-0.005309675172007,0.1577494135863689,0.1197192470850361,0.1708570651263653,0.0089020477113481,0.3736774248887495,0.9915686016435424,-0.6700000762939453,-0.6079673833260336,-0.0035574827703407,0.0,2.0000000000000018,0.85928313594998,1.3176612568764323,1.0741797973004985
2018-09-04,115.1500015258789,13.15999984741211,2.13,0.0,0.0049623545569121,0.0690482087870925,0.1173371407275913,0.1705298486445663,0.0139817680331487,-0.2501353716408457,0.9972986430772472,0.3000001907348633,-0.5750269729921831,-0.0014887073135676,2.0000000000000018,0.9999999999999788,0.8479044066722026,0.5884599570002658,1.1215545023347917
2018-09-05,114.58999633789062,13.90999984741211,2.14,0.0,-0.0048751310379336,0.0690066522222832,0.1181015022737937,0.164907789614307,0.0126537830053385,0.1192170092852012,0.993485146515372,0.75,-0.582913603631038,0.0036563482784502,1.000000000000023,1.000000000000023,0.819457601563751,0.5842995295885882,1.1778004157106032
2018-09-06,114.0999984741211,14.649999618530272,2.13,0.0,-0.0042852649851303,0.0699147702475,0.1173194907292503,0.1650471676060771,0.0105170636659944,-0.148802546172804,0.9906479322729608,0.7399997711181623,-0.5802726465714346,0.0031710951081771,-1.000000000000023,0.0,0.7913900958713548,0.5959348256024162,1.2487268336630877
2018-09-07,114.31999969482422,14.880000114440918,2.14,0.0,0.0019262874572667,0.0741030892344999,0.1172780617982224,0.1650065424184258,0.0099720030851265,0.1035811737878766,0.9939840569677296,0.2300004959106463,-0.573608398281669,-0.0004430470704377,1.000000000000023,3.000000000000025,0.7826663901619982,0.6318580653387222,1.2687795045625874
2018-09-10,113.70999908447266,14.15999984741211,2.14,0.0,-0.0053501913669166,0.0742341968046907,0.115929998427953,0.1653103161819594,0.0115205133158129,-0.2803822389011021,0.9899795939443216,-0.7200002670288086,-0.5288543009207761,-0.0038521392128351,0.0,3.000000000000025,0.8099753331942672,0.6403363910232869,1.2214267264233696
2018-09-11,114.43000030517578,13.220000267028809,2.15,0.0,0.0063119454113363,0.081887575322086,0.1143981196517397,0.165237999044143,0.0122345671777086,0.1201737180989645,0.9967852759793387,-0.9399995803833008,-0.5033973188292813,0.0059332260380584,0.9999999999999788,2.0000000000000018,0.8456286463478538,0.7158122491119169,1.1556134233040047
2018-09-12,113.08000183105467,13.140000343322754,2.16,0.0,-0.011867735978595,0.1111755745782506,0.1080329489926308,0.1670377758826302,0.017951881379784,0.1459779852037633,0.9853566796471824,-0.0799999237060546,-0.338631878443006,-0.0009494179728512,1.000000000000023,2.0000000000000018,0.84866296933233,1.0290895103292443,1.216295627014594
2018-09-13,113.5199966430664,12.369999885559082,2.15,0.0,0.0038834542625408,0.1185034477154547,0.1061860548143883,0.162993734877004,0.0128611621533359,0.1437697061427947,0.989654743830482,-0.7700004577636719,-0.2963240287191796,0.0029902615598607,-1.000000000000023,2.0000000000000018,0.8778683732728924,1.1159982157977058,1.1649363852138268
2018-09-14,113.5,12.06999969482422,2.16,0.0,-0.0001761663590327,0.1161273070868142,0.1022767665192047,0.1629556636692642,0.0111012731879817,-0.187573157927511,0.9895625749817244,-0.3000001907348615,-0.2044676042258441,-5.2849941310887725e-05,1.000000000000023,2.0000000000000018,0.8892471025506695,1.1354221592937113,1.1801311388308122
2018-09-17,113.83999633789062,13.68000030517578,2.16,0.0,0.0029910846912232,0.1135003868500479,0.0971078682608173,0.1629754405544204,0.0099261884203159,-0.0780930525941607,0.9929102441758932,1.610000610351559,-0.0062623533054344,-0.0048156481784825,0.0,2.0000000000000018,0.8281812711011243,1.1688073158521286,1.4087427260202363
2018-09-18,114.3000030517578,12.789999961853027,2.17,0.0,0.0040326758876273,0.1067571157118119,0.0983079876876984,0.1625336344040836,0.0096238501675061,-0.1852815984224315,0.997117054639166,-0.8900003433227521,-0.0483251863144942,0.0035890829244977,0.9999999999999788,2.0000000000000018,0.8619381595184008,1.085945488488224,1.301013301430183
2018-09-19,117.62000274658205,11.75,2.16,0.0,0.02863251488282,0.1861864240454307,0.1399365374982155,0.1716696484381698,0.0307770364959689,0.7034411865296204,1.0248025308885482,-1.0399999618530271,-0.2569505057473641,0.029777814385889,-0.9999999999999788,0.0,0.9013843944885744,1.3305061521034487,0.8396663380462615
2018-09-20,118.62999725341795,11.800000190734863,2.17,0.0,0.0085502701373755,0.1828039817485547,0.1412669058165315,0.1722213520110361,0.0097782690682935,-0.029253606119526,1.0321849305677524,0.0500001907348632,-0.2665375233198352,-0.0004275151377033,0.9999999999999788,2.0000000000000018,0.8994879335802809,1.2940326022711146,0.8352982690836278
2018-09-21,117.8499984741211,11.68000030517578,2.18,0.0,-0.0065967660859995,0.2067887437477702,0.1431832486249877,0.1691079786417487,0.0126432372715835,0.449071164516884,1.02417614730987,-0.1199998855590838,-0.2810655624453254,-0.0007916111753799,1.000000000000023,2.0000000000000018,0.9040394180569952,1.4442244168476164,0.815737903514604
2018-09-24,116.72000122070312,12.199999809265137,2.22,0.0,-0.0096347017615851,0.2408397917063854,0.1476682144214415,0.169245291481515,0.0173920387085877,-0.670572383350346,1.0135212359683503,0.5199995040893572,-0.3074505976409301,0.0050100401380731,4.000000000000004,6.000000000000005,0.8843163186579001,1.6309521493842565,0.8261764291702363
2018-09-25,116.38999938964844,12.420000076293944,2.21,0.0,-0.0028312989630544,0.2474109747925957,0.1481570086519253,0.1694775157615586,0.0141764888266307,-0.2942219889760711,1.0099416105566663,0.2200002670288068,-0.3179111727269436,0.0006228865279103,-1.000000000000023,4.000000000000004,0.875971912364599,1.6699242043544085,0.8382998677756133
2018-09-26,115.0199966430664,12.890000343322754,2.2,0.0,-0.0118406186099077,0.1274259488697283,0.1408598327969637,0.1680954141715288,0.019214042331533,0.4098351494192053,0.998751234136842,0.4700002670288103,-0.3914765882234567,0.0055650939084429,-0.9999999999999788,4.000000000000004,0.858145237701814,0.9046294201797108,0.915094110746424
2018-09-27,114.5199966430664,12.40999984741211,2.18,0.0,-0.0043565461831198,0.0588044157367906,0.140669414429892,0.1658956894296022,0.0139713458000522,-0.054256602528991,0.9950761485753578,-0.4800004959106445,-0.3649050208919673,-0.0020911443283551,-2.0000000000000018,1.000000000000023,0.8763512117806542,0.4180327043736863,0.8822102443311945
2018-09-28,112.83999633789062,12.119999885559082,2.19,0.0,-0.0147785972370418,0.0797656748326555,0.1487657357879772,0.1682113630227318,0.0152428330071254,0.1744801576982257,0.981664500011108,-0.2899999618530273,-0.3202121034593382,-0.0042857926349834,0.9999999999999788,0.9999999999999788,0.8873506416423762,0.5361831097070534,0.8147037233649457
2018-10-01,113.5,12.0,2.23,0.0,0.0058319832416624,0.1287436209714227,0.1500444838453105,0.1678448865840068,0.0138325964301693,-0.443856072838448,0.9880980577900806,-0.119999885559082,-0.3096360763518829,0.0006998373215819,4.000000000000004,0.9999999999999788,0.8919021261190905,0.8580363481016201,0.799762823161929
2018-10-02,113.97000122070312,12.050000190734863,2.23,0.0,0.0041324296569271,0.146437565096161,0.1499575412623588,0.1650211222682825,0.011494298271099,0.3041551462368341,0.9924407208046748,0.0500001907348632,-0.3362326050942176,-0.0002066222710447,0.0,2.0000000000000018,0.890005665210797,0.9765268479559862,0.8035608005637233
2018-10-03,115.04000091552734,11.609999656677246,2.23,0.0,0.0093446353526912,0.1538664047970375,0.1526230588698638,0.1657589450281681,0.0102573043792153,0.2202673392297129,1.0018038792001924,-0.4400005340576172,-0.3730949435081781,0.0041116445457578,0.0,2.9999999999999805,0.9066944777973992,1.0081465142710435,0.7606976129718822
2018-10-04,115.2699966430664,14.220000267028809,2.22,0.0,0.0019972715594923,0.1489763594792831,0.1517370805428179,0.1657276411231986,0.0225557261198853,-0.0468511981372587,1.003523775958767,2.6100006103515625,-0.2317602618572429,-0.0052128799893129,-0.9999999999999788,4.000000000000004,0.8076995728699183,0.9818058904675196,0.9371473483052902
2018-10-05,114.62000274658205,14.81999969482422,2.23,0.0,-0.0056548404044743,0.0888773155675906,0.1523294885267048,0.1556073287319059,0.0181469357984002,-0.1716363093796687,0.99764995522238,0.5999994277954119,-0.233321954910951,0.003392901006959,0.9999999999999788,4.000000000000004,0.784942150486347,0.5834544343789982,0.9728910559708294
2018-10-08,115.31999969482422,15.6899995803833,2.23,0.0,0.0060885370377691,0.0893858416620319,0.1535952452207275,0.1552260964298674,0.0210718029102183,0.0421612436501302,1.003326859062818,0.8699998855590803,-0.1996174208336791,-0.0052970265260813,0.0,0.0,0.751943860901181,0.5819570881479957,1.0215159693150415
2018-10-09,114.5199966430664,15.949999809265137,2.25,0.0,-0.0069614192070259,0.1134180235744946,0.1544562229222331,0.1559495773251928,0.0118756605852021,-0.021195994717737,0.9960322819228168,0.2600002288818359,-0.2375004712549347,0.0018099705871691,2.0000000000000018,2.0000000000000018,0.7420822931156419,0.7343053030087322,1.032655046685673
2018-10-10,111.47000122070312,22.959999084472656,2.27,0.0,-0.0269939435643481,0.2025809653550143,0.1793157370578113,0.1656519207773334,0.0312191234361693,0.4952343656686974,0.9706950909202,7.00999927520752,-0.5431839920304642,0.1892275248210732,2.0000000000000018,4.000000000000004,0.4761995155260213,1.1297444868974456,1.280422982455263
2018-10-11,108.12999725341795,24.979999542236328,2.27,0.0,-0.0304213257957834,0.2451439437898822,0.2031015246775515,0.176675546166235,0.0378248781205428,0.0564571480257148,0.9435466615312652,2.020000457763672,-0.5825192603932636,0.0614510920332604,0.0,4.999999999999982,0.3995827697380396,1.2070019867112185,1.2299267364878292
2018-10-12,106.9499969482422,21.309999465942383,2.28,0.0,-0.0109727745627256,0.2382033643136057,0.2040756275949102,0.1596740185838688,0.0489013885569777,0.0,0.9358046821833846,-3.670000076293945,-0.4303526222058425,-0.0402700834823593,0.9999999999999788,4.999999999999982,0.5387824722958217,1.1672308306528354,1.0442206998006982
2018-10-15,106.33999633789062,21.299999237060547,2.31,0.0,-0.0057199333555285,0.1846604165345581,0.2040677967964968,0.1600109884882446,0.0237916011512537,-0.256369627683348,0.9332513995329944,-0.0100002288818359,-0.4248252563297951,-5.720064274413335e-05,3.000000000000025,8.000000000000007,0.5391617717118768,0.9048973891686968,1.0437707257800022
2018-10-16,108.62000274658205,17.6200008392334,2.3,0.0,0.021214104254402,0.3270433087515748,0.2200615762482643,0.1647201527657544,0.0188730930816312,0.0209189432050713,0.9553450573950544,-3.679998397827149,-0.5357609502185764,0.0780678696675377,-1.000000000000023,4.999999999999982,0.6787407013417477,1.4861445343035178,0.8006850236933342
2018-10-17,109.83000183105467,17.399999618530273,2.31,0.0,0.0110781545791183,0.3182238239540068,0.2239097854687785,0.1636602529092695,0.0233997965216962,-0.0266858892659112,0.9677992149077428,-0.220001220703125,-0.5276885245299408,0.0024372075305439,1.000000000000023,4.000000000000004,0.687085143807032,1.4212144560264397,0.7770986686491418
2018-10-18,108.08999633789062,20.059999465942383,2.32,0.0,-0.015969552924047,0.2485871887776141,0.1992245271147011,0.1646951701426267,0.0187806351010602,-0.0666601846423448,0.95629073725044,2.6599998474121094,-0.5590054037636122,0.0424790083412046,0.9999999999999788,4.999999999999982,0.586193814143241,1.2477740184796278,1.0069041074642924
2018-10-19,107.91000366210938,19.88999938964844,2.31,0.0,-0.0016665992355819,0.2310428824757717,0.1941795575896037,0.1601674374714469,0.018070656208507,-0.1433414964673177,0.9590295453481124,-0.1700000762939417,-0.5674202347279622,-0.0002833219972003,-0.9999999999999788,3.000000000000025,0.5926417595282485,1.18984142998244,1.02430964600742
2018-10-22,106.36000061035156,19.63999938964844,2.34,0.0,-0.014468008198979,0.2559544832014397,0.1971372164442535,0.1616696830706387,0.0209664884800877,0.0613930924067972,0.9498730674616797,-0.25,-0.5487405366955672,-0.0036170020497447,2.9999999999999805,2.9999999999999805,0.6021240278977325,1.2983569912270654,0.996260358337881
2018-10-23,105.25,20.709999084472656,2.33,0.0,-0.0104910995508725,0.1777042015644478,0.197419324034667,0.1614137489688644,0.0233729854049137,0.2787856427786943,0.9445674350321084,1.0699996948242152,-0.5525649237657813,0.011225473317804,-0.9999999999999788,3.000000000000025,0.5615399308513762,0.900135801970646,1.049036065022488
2018-10-24,103.29000091552734,25.229999542236328,2.34,0.0,-0.0187978976802896,0.1055170077774016,0.2029553697828315,0.1650924211688135,0.0205246887249161,0.0790695342156656,0.9321961926722244,4.520000457763672,-0.585912633430783,0.084966506119904,0.9999999999999788,2.9999999999999805,0.3901005013685559,0.519902517929474,1.243130426617103
2018-10-25,104.86000061035156,24.21999931335449,2.34,0.0,0.0150855580828184,0.2128338181742499,0.2138105670085999,0.1667958358518382,0.0207896270502269,-0.2826291612341765,0.9505158298312198,-1.0100002288818395,-0.6010069762155679,0.0152364171164569,0.0,2.0000000000000018,0.4284088742625467,0.995431709255461,1.132778405305866
2018-10-26,103.41999816894533,24.15999984741211,2.33,0.0,-0.0138277837019788,0.2144956966429524,0.2162871508059824,0.1678284959277143,0.0176947808360112,0.0934204312161626,0.9419760453556124,-0.0599994659423792,-0.586812328252114,-0.0008296596372854,-0.9999999999999788,2.0000000000000018,0.4306845984149121,0.9917172418409772,1.1170335249866286
2018-10-29,104.8499984741211,24.700000762939453,2.34,0.0,0.0137323935319181,0.2547219396792177,0.2222715485978779,0.1684431107651985,0.0279446861975771,-0.0387979580791121,0.9583218973990564,0.5400009155273438,-0.5879857515131984,-0.0074155050796175,0.9999999999999788,0.0,0.4102028640117231,1.1459943536905273,1.1112533708767829
2018-10-30,106.6999969482422,23.350000381469727,2.33,0.0,0.0174903869114568,0.2782787947857495,0.2318975719432353,0.1720132399024314,0.0198688173122478,-0.0233385701638416,0.9781256174731184,-1.3500003814697266,-0.6036051695176288,0.0236120290025199,-0.9999999999999788,0.0,0.4614071276757293,1.2000073672779443,1.0069100847328156
2018-10-31,109.0199966430664,21.229999542236328,2.34,0.0,0.0215101911378125,0.223509762241693,0.2459641197953326,0.1776430688681219,0.0246743948288071,0.1463678456997182,1.001557376294106,-2.1200008392333984,-0.6317879309604244,0.0456016232642334,0.9999999999999788,0.0,0.5418167952802977,0.9087088085354726,0.8631340034433422
2018-11-01,108.9800033569336,19.34000015258789,2.32,0.0,-0.0003669108860685,0.2316105190629563,0.2425401389353608,0.1766920150525857,0.0174344050959145,-0.4678965506000505,1.003851251315751,-1.8899993896484373,-0.6220385240253012,-0.000693461350725,-2.0000000000000018,-2.0000000000000018,0.6135027210035267,0.9549368615010262,0.7973937937646757
2018-11-02,108.37999725341795,19.51000022888184,2.33,0.0,-0.0055208651623402,0.1859589843251357,0.2421515500313656,0.1768842231573251,0.0306329560708633,0.3749861735280925,1.0013506711370534,0.1700000762939488,-0.6506645203671655,0.0009385474988064,1.000000000000023,0.0,0.6070547756185187,0.7679446375670473,0.805693799042572
2018-11-05,109.08999633789062,19.959999084472656,2.36,0.0,0.0065296512442297,0.1823061372418985,0.2440978704969795,0.1772988363667625,0.0079750919038195,-0.61507306835861,1.0103687698082229,0.4499988555908167,-0.6418387118704156,-0.0029383355873105,2.9999999999999805,2.0000000000000018,0.5899867359598279,0.7468567295188853,0.817704760956513
2018-11-06,109.5999984741211,19.90999984741211,2.35,0.0,0.004664164551613,0.1614741852624149,0.2435262871883012,0.1775703820275584,0.0174269713440355,0.0520082697464952,1.0176595896474898,-0.0499992370605468,-0.654143414461936,0.0002332046691055,-0.9999999999999788,2.0000000000000018,0.591883160696138,0.6630667560646489,0.8175708699577533
2018-11-07,111.4800033569336,16.360000610351562,2.37,0.0,0.0170078721345137,0.1339235932806344,0.2519082746982308,0.1807019700331655,0.021349164075572,0.158136128881624,1.0365090557351928,-3.549999237060547,-0.6831452466440359,0.060377933101547,2.0000000000000018,3.000000000000025,0.7265313426052225,0.5316363404142476,0.6494427636388579
2018-11-08,112.37999725341795,16.719999313354492,2.35,0.0,0.0080407285177436,0.1279915152362001,0.2355541775767857,0.180574895133288,0.0171738774901694,-0.0836158365967153,1.0444561300508883,0.3599987030029297,-0.6070255672872431,-0.0028946518375863,-2.0000000000000018,3.000000000000025,0.7128769253470628,0.5433633848182446,0.7098154439610446
2018-11-09,111.29000091552734,17.360000610351562,2.36,0.0,-0.0097465460320846,0.1532734365432811,0.2111013222720925,0.1788033806689043,0.0137478548540781,-0.1114813893938001,1.0328812309529405,0.6400012969970703,-0.5763263067924107,0.0062378021017758,0.9999999999999788,2.9999999999999805,0.688602269127287,0.7260657341867527,0.8223539494449932
2018-11-12,108.9499969482422,20.450000762939453,2.36,0.0,-0.0212503818318334,0.2409998560267479,0.2214237541851602,0.1830107569798545,0.0306563016139582,0.2413393766520139,1.0102706987985608,3.09000015258789,-0.7657553915822022,0.0656636831029164,0.0,0.0,0.571401426292949,1.0884101252533984,0.9235685140555712
2018-11-13,109.58999633789062,20.020000457763672,2.38,0.0,0.0058570626788429,0.2426773606627475,0.2207049450770675,0.1828422620718416,0.018432378318846,0.0345185940848668,1.014749039261237,-0.4300003051757812,-0.7702928330638491,0.0025185387393361,2.0000000000000018,2.9999999999999805,0.5877109394634958,1.0995556106729167,0.9070934251506202
2018-11-14,107.33000183105467,21.25,2.38,0.0,-0.0208378785053663,0.223360889534097,0.2212904358911488,0.1861107829194912,0.0440696510467261,0.289495487492022,0.9943882170198276,1.229999542236328,-0.7347688415847063,0.0256305810227768,0.0,0.9999999999999788,0.5410581964481871,1.0093562726044187,0.9602764762256928
2018-11-15,110.06999969482422,19.979999542236328,2.37,0.0,0.0252083067092612,0.3139262776349658,0.2356112910506085,0.1933831933493377,0.029708406300783,0.0394377000440194,1.019665713719028,-1.270000457763672,-0.7394526576978109,0.0320145610602087,-0.9999999999999788,2.0000000000000018,0.5892281371277172,1.3323906347405714,0.8480068783267561
2018-11-16,109.98999786376952,18.13999938964844,2.36,0.0,-0.0007270911157571,0.3103127327067643,0.2283126830818622,0.1933788200706842,0.0200927277697552,-0.3251211973111133,1.0180712933949916,-1.840000152587887,-0.6945541042596171,-0.0013378477639383,-1.000000000000023,0.0,0.6590176381146357,1.3591567867278789,0.7945243840502846
2018-11-19,110.83000183105467,20.100000381469727,2.38,0.0,0.00760807916187,0.2637095267091457,0.229293393032225,0.1936179142147618,0.0150681055793088,0.013561189055696,1.0245278028547593,1.9600009918212853,-0.6461962931016971,-0.0149118427031201,2.0000000000000018,2.0000000000000018,0.5846766164790196,1.1500964908835547,0.8766061732378334
2018-11-20,108.4499969482422,22.479999542236328,2.39,0.0,-0.0217083031757371,0.3152467601193939,0.2368042814461752,0.1981100679261599,0.0231442561315499,0.3029471072514307,1.001605222878597,2.3799991607666016,-0.7046128286168065,0.0516657433399212,1.000000000000023,1.000000000000023,0.4944054534328784,1.3312544781461155,0.9493071411103668
2018-11-21,107.63999938964844,20.799999237060547,2.41,0.0,-0.0074968889447147,0.277197774785322,0.2352070050493262,0.1985338007995572,0.0183017580070014,-0.5783740837275682,0.9930805457751392,-1.6800003051757812,-0.653023090585065,-0.0125947757149897,2.0000000000000018,3.000000000000025,0.5581263084508447,1.1785268671194111,0.8843273708067704
2018-11-23,106.6500015258789,21.520000457763672,2.41,0.0,-0.0092398609636909,0.1724380593962937,0.2272297543675072,0.1992095409844159,0.0124707155370452,-0.4926853831272071,0.98249656797731,0.720001220703125,-0.6159835122291493,0.0066527111729846,0.0,4.000000000000004,0.5308173292465925,0.75887094925695,0.9470590908160104
2018-11-26,109.26000213623048,18.89999961853028,2.41,0.0,0.0241779232946691,0.2802216058318849,0.236077647836329,0.2021591672412476,0.0231558334177667,0.7653416698482729,1.0046017046150952,-2.620000839233395,-0.6514989032359723,0.0633461793229537,0.0,5.000000000000027,0.6301915335901287,1.1869891470037035,0.8005840363012052
2018-11-27,109.72000122070312,19.020000457763672,2.41,0.0,0.0042012946756444,0.2743567186734341,0.2290448130528686,0.2022739117813624,0.0127597658613109,-0.4120105755603043,1.0060561253077016,0.1200008392333948,-0.6633411171279666,-0.0005041588869441,0.0,3.000000000000025,0.6256400129414313,1.1978298701315993,0.8304052034294891
2018-11-28,110.94000244140624,18.489999771118164,2.4,0.0,0.0110578594386111,0.2192488084308311,0.227621636673037,0.2036172857768027,0.0228051083794873,0.4140875236240742,1.014544911783651,-0.5300006866455078,-0.6935859487113627,0.0058606730952934,-1.000000000000023,0.9999999999999788,0.645742447928565,0.9632160265404256,0.8123129260193215
2018-11-29,110.05999755859376,18.790000915527344,2.37,0.0,-0.0079638871845245,0.2208830174660774,0.2238124725573343,0.2039645661401307,0.0105397391226707,-0.2265064286748408,1.0050267249925262,0.3000011444091797,-0.6871770111368286,0.0023891752693029,-2.9999999999999805,-4.000000000000004,0.6343636824788046,0.9869111177863136,0.8395421712127275
2018-11-30,111.19000244140624,18.06999969482422,2.37,0.0,0.0102148222231143,0.1852438629069255,0.2142908407945382,0.2049067263492315,0.0156488697325685,0.5150627512982908,1.0143883261099016,-0.720001220703125,-0.662425198679296,0.0073546844699077,0.0,-4.000000000000004,0.6616726616830566,0.8644506793668195,0.8432464788427289
2018-12-03,112.23999786376952,16.440000534057617,2.38,0.0,0.0093989450892791,0.1258033887221626,0.216203050575249,0.2055764110407769,0.0102459154291389,-0.1512482568601938,1.0225193224455005,-1.6299991607666016,-0.6955856234652674,0.0153202726076163,0.9999999999999788,-3.000000000000025,0.7234970196207462,0.5818761039099076,0.7603963260608902
2018-12-04,107.2300033569336,20.739999771118164,2.42,0.0,-0.0456633252235313,0.3854376606716804,0.2703432177237326,0.2244952010428159,0.0454163477079906,0.3846336690012713,0.9773652873164526,4.299999237060547,-0.7866329231675789,0.1963522636228325,4.000000000000004,0.9999999999999788,0.5604020326032102,1.4257345307828817,0.767172927279154
2018-12-06,105.19000244140624,21.190000534057617,2.41,0.0,-0.0192078295772995,0.3674944656360328,0.2765320517640652,0.2273341873597283,0.0235764169538358,0.0363245277161763,0.9603970511943024,0.4500007629394531,-0.7843448803053441,0.0086435379641958,-0.9999999999999788,1.000000000000023,0.5433339206005526,1.3289398581166134,0.7662764731567806
2018-12-07,103.29000091552734,23.229999542236328,2.4,0.0,-0.0182276870784712,0.3699935734370639,0.2811898435952249,0.229735795053698,0.0394036175694561,-0.2382625167702594,0.9456440772988778,2.039999008178711,-0.7953580497746077,0.0371844635614732,-1.000000000000023,2.9999999999999805,0.4659586483244268,1.315814144303422,0.8261322402410843
2018-12-10,101.36000061035156,22.63999938964844,2.41,0.0,-0.0188620328476959,0.3091356978410688,0.2767334131840137,0.2322058932685967,0.041535113053686,0.2053495658612025,0.9320867958728928,-0.5900001525878871,-0.74494904076586,-0.0111286022582583,1.000000000000023,4.000000000000004,0.4883368074639259,1.1170884436550106,0.8181158584776311
2018-12-11,100.37000274658205,21.76000022888184,2.41,0.0,-0.009815156844225,0.2158679039461401,0.2734047512805012,0.2321490470614453,0.0343728652309337,-0.337802426578953,0.9278627120342636,-0.8799991607666016,-0.7388506261186464,-0.0086373297857105,0.0,3.000000000000025,0.521714360293164,0.7895543253550454,0.7958896151938867
2018-12-12,101.0199966430664,21.459999084472656,2.43,0.0,0.0064550986192397,0.1744689205319885,0.2758951350306598,0.2319016465561292,0.0281132851084891,0.2939153113881531,0.9381127046559348,-0.3000011444091832,-0.7380259607548663,0.001936536973046,2.0000000000000018,1.000000000000023,0.5330931257429246,0.6323740377393753,0.7778317324112235
2018-12-13,101.12000274658205,20.64999961853028,2.43,0.0,0.0009894737506374,0.1802274754002816,0.2696808173150666,0.2316859987959078,0.0128560424886038,-0.2710364654573113,0.9423041302245834,-0.8099994659423793,-0.7259094362354132,0.0008014732095803,0.0,2.0000000000000018,0.5638156550037416,0.6682992034606706,0.7657200027840687
2018-12-14,100.29000091552734,21.6299991607666,2.42,0.0,-0.0082419593312405,0.1565351855371059,0.2678998336137552,0.2320124920548534,0.0207398724904452,0.1418247339773051,0.9384424156557716,0.9799995422363246,-0.7254611211877724,0.0080771163717461,-1.000000000000023,2.0000000000000018,0.5266451803579169,0.5843049001769469,0.807391287594141
2018-12-17,99.01000213623048,24.520000457763672,2.4,0.0,-0.0128451215185874,0.1284411739434341,0.2630406358187991,0.2327982929896729,0.0214119288096829,0.206011797579863,0.9299125337106076,2.8900012969970703,-0.7090493681638439,0.0371224178488026,-2.0000000000000018,-1.000000000000023,0.4170301088127861,0.4882940369407922,0.9321753797255408
2018-12-18,98.54000091552734,25.57999992370605,2.39,0.0,-0.0047583103035915,0.1205046344017268,0.2408911961722258,0.2325030460692929,0.0281103776875438,-0.158960996733872,0.9302954992598864,1.0599994659423793,-0.7003276140056955,0.0050438063805951,-0.9999999999999788,-2.0000000000000018,0.3768253111824851,0.5002450746085868,1.0618901948337525
2018-12-19,97.29000091552734,25.57999992370605,2.4,0.0,-0.0127663480091092,0.0927132031214433,0.241639928007509,0.2246882800759738,0.0409086578217759,0.1589609967338721,0.9237687030619968,0.0,-0.7011109488199309,0.0,0.9999999999999788,-3.000000000000025,0.3768253111824851,0.3836832922684958,1.0585998818420086
2018-12-20,96.4499969482422,28.3799991607666,2.39,0.0,-0.0086715106867183,0.054184274952662,0.2367532462506377,0.2237241392669635,0.0268532547417342,0.0,0.9217861494728556,2.7999992370605504,-0.7492220145296818,0.0242802233069737,-0.9999999999999788,-4.000000000000004,0.2706239343818523,0.2288639155355028,1.1987163686331146
2018-12-21,94.16999816894533,30.11000061035156,2.39,0.0,-0.0239230676330786,0.1137063884144594,0.2386486885965883,0.2274196039661736,0.0503344797274581,0.0,0.9058830839846392,1.7300014495849574,-0.7439860211974506,0.0413869416837449,0.0,-2.9999999999999805,0.2050065822836094,0.4764593054465456,1.261687243597198
2018-12-24,92.13999938964844,35.514999032020576,2.45,0.0,-0.0217924871942365,0.1313328253144162,0.2443036645589482,0.2300244415109736,0.0225743634125568,-0.3619405942889508,0.8926935150382734,5.404998421669017,-0.7513360457262714,0.1177883588890907,6.000000000000005,5.000000000000027,0.0,0.5375802510024439,1.4537235491795553
2018-12-26,95.95999908447266,30.40999984741211,2.44,0.0,0.0406222755471802,0.4196090242467694,0.2953171445115601,0.2465559584555186,0.050541877036198,0.2816599071977194,0.934311293345365,-5.104999184608467,-0.8275726812950236,0.2073766835452958,-1.000000000000023,4.999999999999982,0.1936278891778153,1.4208759364133157,1.0297404134023014
2018-12-27,97.04000091552734,29.959999084472656,2.41,0.0,0.011191845639555,0.4271779210029976,0.2822724674731238,0.2475247615544481,0.0370980878004616,-0.1045677741522613,0.9502102980326186,-0.4500007629394531,-0.8070483098669285,0.0050363390765003,-2.9999999999999805,1.000000000000023,0.2106960011804729,1.513353125889512,1.0613858075735016
2018-12-28,96.83000183105467,28.34000015258789,2.4,0.0,-0.0021663915368972,0.4218150676409593,0.2803281076649407,0.2475038760707398,0.0194154416799261,-0.1225215986993451,0.9538872314844892,-1.6199989318847656,-0.8005655481427327,-0.0035095519758176,-1.000000000000023,0.9999999999999788,0.2721410597021072,1.504719134854395,1.0109582085311608
2018-12-31,97.62000274658205,25.420000076293945,2.45,0.0,0.0081255360610119,0.3604364151147237,0.2782627442542415,0.2471858642434797,0.0208973658894799,-0.305299739862532,0.9677163753717408,-2.9200000762939453,-0.8070871482593931,0.0237265659180839,5.000000000000027,6.000000000000005,0.3828939571514375,1.2953096401054762,0.9135250981737012
2019-01-02,99.30999755859376,23.21999931335449,2.42,0.0,0.0171638277371319,0.2532005969792076,0.2895184205123481,0.2497269923278203,0.038666765001429,0.1687744415258127,0.9894906851947805,-2.2000007629394567,-0.818320135939449,0.0377604341166516,-3.000000000000025,-3.000000000000025,0.4663379477404822,0.8745578140801183,0.8020214835471633
2019-01-03,97.11000061035156,25.450000762939453,2.41,42.85714285714285,-0.0224018834401577,0.2464428207305949,0.290117800232701,0.2526484179428554,0.0226546898817307,0.0385249144089263,0.974077897000434,2.2300014495849645,-0.8257201911929896,0.0499562325449851,-0.9999999999999788,-2.9999999999999805,0.3817560589032714,0.849457773817826,0.8772298956674228
2019-01-04,100.69000244140624,21.3799991607666,2.42,42.85714285714285,0.0362021512828637,0.3464399564684564,0.3217026128244585,0.2632707613001196,0.0263184175352563,0.039063892345295,1.0155905712273998,-4.070001602172852,-0.8467834630706568,0.1473428137233592,0.9999999999999788,0.9999999999999788,0.5375546885392066,1.076895065995302,0.6645889187239176
2019-01-07,100.76000213623048,21.39999961853028,2.45,42.85714285714285,0.000694958511302,0.3420377863154598,0.286317069179816,0.2632009594149784,0.017467269739146,-0.0930352645453782,1.019464641732338,0.0200004577636754,-0.8224865540851735,-1.3899488352803909e-05,3.000000000000025,5.000000000000027,0.5367940702200189,1.1946119289892894,0.747423116610991
2019-01-08,100.56999969482422,20.46999931335449,2.46,42.85714285714285,-0.0018874732636574,0.349041880128578,0.2801556948345982,0.263104041962057,0.0225713100323619,-0.1278492785327475,1.0198122511134955,-0.9300003051757884,-0.8303413566487241,-0.0017553507112125,0.9999999999999788,0.9999999999999788,0.5787651680644943,1.2458853650454962,0.7306651155329831
2019-01-09,100.4000015258789,19.979999542236328,2.45,42.85714285714285,-0.0016917769663018,0.3363294694841866,0.2739783201655713,0.2625823909113658,0.0155378240526384,0.0468637411170872,1.0195111439055649,-0.4899997711181605,-0.8227529066670748,-0.0008289703262708,-0.9999999999999788,3.000000000000025,0.6045923288776123,1.227576945799708,0.7292547647624805
2019-01-10,100.38999938964844,19.5,2.43,42.85714285714285,-9.96278319949596e-05,0.2628685170784928,0.2664754819529816,0.2624351588997396,0.014543348169576,0.0101936113947109,1.0198879470238302,-0.4799995422363281,-0.8562460587502592,-4.782131375157842e-05,-2.0000000000000018,2.0000000000000018,0.6232729887187463,0.9864641773117228,0.7317746404692004
2019-01-11,99.91000366210938,18.190000534057617,2.43,42.85714285714285,-0.0047927772246218,0.0334806022096523,0.2648161301570838,0.2575836054897986,0.0122110016613462,0.0713879623968129,1.0152374729607845,-1.3099994659423828,-0.8607613207141345,-0.0062785356046353,0.0,1.000000000000023,0.6758337908913283,0.1264296181270842,0.6868917132528016
2019-01-14,100.94000244140624,19.06999969482422,2.45,42.85714285714285,0.0102564876998143,0.0918679174786438,0.266346222102396,0.2519588395268298,0.0267485326227278,0.3198017475000342,1.025743530093214,0.8799991607666016,-0.8378600060330079,-0.0090257005682495,2.0000000000000018,0.0,0.6485900164090382,0.3449191685674652,0.7159853646241249
2019-01-15,101.68000030517578,18.600000381469727,2.45,42.85714285714285,0.0073043247837106,0.100491454577056,0.2675486877168245,0.2516971531416442,0.0380606091165111,0.1389440321948163,1.0329834029426843,-0.4699993133544922,-0.8378203163895218,0.0034330276328621,0.0,-0.9999999999999788,0.6857895631862556,0.3756006259444523,0.6952005834973896
2019-01-16,102.5,19.040000915527344,2.43,42.85714285714285,0.0080321686959289,0.1005065426150801,0.2669691396580623,0.2521074464372785,0.0160975014291161,-0.276147920771396,1.040201799956186,0.4400005340576172,-0.8259086507185777,-0.0035341585158496,-2.0000000000000018,-2.0000000000000018,0.6679504973792202,0.3764725119308181,0.7131910804340171
2019-01-17,102.91999816894533,18.059999465942383,2.42,42.85714285714285,0.0040891710440322,0.0935317968625655,0.2622770441307268,0.2483883091371536,0.0153517475628115,-0.2629644553375633,1.042494261256247,-0.9800014495849608,-0.8200826657892119,0.0040073935507524,-1.000000000000023,-1.000000000000023,0.7076829726762774,0.3566144996507833,0.6885848331026918
2019-01-18,104.58999633789062,17.799999237060547,2.41,42.85714285714285,0.0160959401297278,0.070876742213917,0.2655902378693482,0.2495681070978159,0.0197915648465733,0.1424413338866597,1.0563274219233605,-0.2600002288818359,-0.8029663899473416,0.0041849481177975,-0.9999999999999788,-2.0000000000000018,0.7182242353199723,0.2668650127448715,0.6702053275699423
2019-01-22,102.94000244140624,20.799999237060547,2.43,42.85714285714285,-0.0159015918108259,0.1894230505833905,0.2681211562881119,0.2495513268549046,0.0141830100043343,0.0390949871704366,1.0368455601450166,3.0,-0.8274888298808397,0.0477047754324778,2.0000000000000018,-2.0000000000000018,0.596594388811426,0.7064830437320819,0.7757686683519196
2019-01-23,102.68000030517578,19.520000457763672,2.41,42.85714285714285,-0.0025289589663519,0.1912230238214329,0.265675263148251,0.2495698107364203,0.0168484195792495,-0.3410672645777216,1.0311455404769012,-1.279998779296875,-0.815835897589833,-0.0032370643898223,-2.0000000000000018,-4.000000000000004,0.6484897404970944,0.7197622449129841,0.7347315751738317
2019-01-24,102.73999786376952,18.88999938964844,2.37,42.85714285714285,0.0005841452714885,0.1834697887875408,0.2473365545292927,0.2480273209130378,0.011193244309867,-0.0725380281840793,1.027536979237878,-0.6300010681152308,-0.8103342401364928,0.0003680121449722,-4.000000000000004,-6.000000000000005,0.6740320515687863,0.741781938123554,0.7637366593707946
2019-01-25,103.38999938964844,17.420000076293945,2.39,42.85714285714285,0.0063067354486773,0.1868713060930131,0.2286525129169944,0.2475655768960334,0.0151852181457836,0.2405814457928757,1.0285271595901655,-1.4699993133544955,-0.7846327177579041,0.0092708967790641,2.0000000000000018,-2.9999999999999805,0.7336306485191116,0.817272041794053,0.7618547399309695
2019-01-28,103.87999725341795,18.8700008392334,2.42,42.85714285714285,0.0047281206593858,0.1403004948845597,0.189632401906416,0.2448708926697248,0.0158837270841822,-0.1568766117084135,1.0295390204755313,1.4500007629394531,-0.6599287179517954,-0.0068557785633792,2.9999999999999805,0.9999999999999788,0.6748428584412447,0.7398550747345295,0.9950831529595758
2019-01-29,104.16999816894533,19.1299991607666,2.42,42.85714285714285,0.0027878020641978,0.0552321664618675,0.1877166253835093,0.2430383620512091,0.0132475499440813,-0.2316444645508361,1.028950789339564,0.2599983215332031,-0.6659831242668681,-0.0007248238574582,0.0,-1.000000000000023,0.6643016731277237,0.2942316182651749,1.01908923206368
2019-01-30,104.41000366210938,17.65999984741211,2.42,42.85714285714285,0.0023013289575398,0.0352354006845312,0.1866896697113927,0.2414724855802677,0.0139833256705696,0.251250564693507,1.02765751341956,-1.4699993133544922,-0.6851116386587305,0.0033829519873864,0.0,0.9999999999999788,0.7239002700780488,0.1887378168219074,0.9459548498164388
2019-01-31,103.5,16.56999969482422,2.41,42.85714285714285,-0.0087538786709109,0.0942378645469758,0.1906366541329995,0.2405181219480812,0.0103381613026493,0.3355468974971491,1.01590105847668,-1.0900001525878906,-0.6569101253019058,-0.0095417290870288,-0.9999999999999788,4.000000000000004,0.7680924538292344,0.4943323463977179,0.869192746283933
2019-02-01,103.87999725341795,16.139999389648438,2.4,42.85714285714285,0.0036647476491732,0.0873144192674469,0.1834059975255575,0.2379594785431095,0.0128032524664985,-0.2983664374675255,1.0174575869110996,-0.4300003051757812,-0.6299094263632883,0.0015758426075367,-1.000000000000023,0.9999999999999788,0.785526077534954,0.476071777616104,0.880014809079476
2019-02-04,104.25,15.729999542236328,2.42,42.85714285714285,0.0035555003243139,0.0844644616058752,0.1602128035147473,0.2339073318136493,0.0118944639210505,-0.2753590764475153,1.0176925318151344,-0.4099998474121094,-0.5436457484690694,0.0014577545904424,2.0000000000000018,0.0,0.8021488170380413,0.5272016952009733,0.9818191303785788
2019-02-05,103.79000091552734,15.56999969482422,2.42,42.85714285714285,-0.0044222248807541,0.0886998069235993,0.108947123992905,0.2340237317297474,0.0121399183458524,0.2568985424184073,1.0117440169614094,-0.1599998474121076,-0.1669611392212085,-0.0007075553061426,0.0,0.0,0.8086357359987498,0.8141546437643982,1.429133613094567
2019-02-06,103.73999786376952,15.380000114440918,2.42,42.85714285714285,-0.0004818874670608,0.0848216308072761,0.1091251948279294,0.2338252603081576,0.011085420759205,-0.3780682515299883,1.0098596645432385,-0.1899995803833025,-0.1666946977229801,-9.15584165335404e-05,0.0,0.0,0.8163389425983196,0.7772873252691502,1.409390392263893
2019-02-07,102.37999725341795,16.3700008392334,2.42,42.85714285714285,-0.013196394128989,0.1112147954909306,0.1199018146282812,0.2346748705995194,0.0201210940990232,0.4100287212766594,0.9957852178222568,0.9900007247924804,-0.2680666902593333,0.0130644397523463,0.0,0.9999999999999788,0.7762010638650333,0.9275488935319116,1.365283827436938
2019-02-08,101.36000061035156,15.720000267028809,2.43,42.85714285714285,-0.0100128121676017,0.1083119103656077,0.1254598734289582,0.2350686020191006,0.0224940683264361,-0.0218573263867819,0.985426204807968,-0.6500005722045898,-0.2316318155645898,-0.0065083336383181,1.000000000000023,3.000000000000025,0.8025542204742704,0.8633191426495381,1.2529902858486683
2019-02-11,100.87999725341795,15.970000267028809,2.45,42.85714285714285,-0.004746877604071,0.0796751107309948,0.1267441523207436,0.2322136282556272,0.0122918866665816,-0.1607146886331884,0.9805371603262286,0.25,-0.2422242106317242,0.0011867194010177,2.0000000000000018,3.000000000000025,0.7924183999318916,0.6286294812984031,1.2600187049746097
2019-02-12,102.5999984741211,15.43000030517578,2.43,42.85714285714285,0.0169062534341207,0.1872235832876351,0.1377196615934133,0.2343743471581508,0.0100389746063854,0.1575839689243232,0.9960151912143425,-0.5399999618530291,-0.2975257298747064,0.0091293762095028,-2.0000000000000018,1.000000000000023,0.8143117707568265,1.3594542792326278,1.1203919706635224
2019-02-13,103.08999633789062,15.649999618530272,2.44,42.85714285714285,0.0047644397203177,0.1940255410457155,0.134477724297626,0.2340819968218363,0.0092152195362239,-0.1782357064417871,0.999778302660903,0.2199993133544922,-0.3564712310276852,-0.0010481734669887,0.9999999999999788,2.0000000000000018,0.8053922765183956,1.4428080342607392,1.1637614854259206
2019-02-14,102.41999816894533,16.219999313354492,2.43,42.85714285714285,-0.00652036942837,0.1727689218971974,0.1348431345104914,0.2307882311456766,0.0170865068471619,0.0686673612467803,0.9929412558311584,0.5699996948242205,-0.3685257213937322,0.0037166085843121,-0.9999999999999788,1.000000000000023,0.7822826180545996,1.2812585714829636,1.2028791359854136
2019-02-15,105.5500030517578,14.90999984741211,2.43,42.85714285714285,0.030102815050738,0.2448481889052622,0.1682358921088937,0.2386679511147129,0.0193272688503143,0.2450420548392362,1.0218472052467429,-1.3099994659423828,-0.4556626609970511,0.0394346716398291,0.0,0.0,0.8353942960442162,1.4553861594931226,0.886255581999193
2019-02-19,105.18000030517578,14.880000114440918,2.45,42.85714285714285,-0.0035116321445803,0.2408896898170948,0.1687625137343472,0.2351855353134271,0.0148317663382961,-0.1422972765539226,1.017205342030824,-0.0299997329711914,-0.4532858072758672,-0.0001053480266304,2.0000000000000018,0.0,0.8366105836830773,1.4273886095124455,0.8817124007683279
2019-02-20,105.69000244140624,14.020000457763672,2.45,42.85714285714285,0.0048371330582854,0.2288124455426879,0.1604014006512593,0.2296618012031844,0.0087047570923265,-0.2410887049461511,1.0216200828960766,-0.8599996566772461,-0.4783580522906542,0.0041599327694276,0.0,2.0000000000000018,0.8714777924294292,1.426499049345374,0.8740572339667779
2019-02-21,105.47000122070312,14.460000038146973,2.45,42.85714285714285,-0.0020837402584859,0.2360685573954719,0.1493627569718033,0.2296798103411398,0.0097657984960246,-0.1773669012554218,1.0183076426129418,0.4399995803833008,-0.3395908919994401,0.0009168448393616,0.0,1.000000000000023,0.8536387652874807,1.5805048204890657,0.968112823525126
2019-02-22,105.0,13.510000228881836,2.46,42.85714285714285,-0.0044662137049363,0.2303734251805873,0.1501138696394207,0.2291808060262421,0.0124761672247023,0.2370627283464486,1.0126896267841397,-0.9499998092651368,-0.3446953320633401,-0.0042429021678268,0.9999999999999788,2.9999999999999805,0.892154875615503,1.53465782831362,0.8999834766323307
2019-02-25,106.0999984741211,14.850000381469728,2.47,42.85714285714285,0.0104216810808974,0.1014068158521443,0.1535465801552769,0.2262903334577247,0.014891557251488,0.053344760957478,1.0217220747717193,1.3400001525878924,-0.2242572223310297,-0.0139650542386248,1.000000000000023,4.000000000000004,0.8378268713219383,0.6604303120889751,0.967133254706968
2019-02-26,105.29000091552734,15.170000076293944,2.45,42.85714285714285,-0.0076635746744604,0.1163316017366808,0.1556848602945774,0.2263119820381633,0.0145312827998205,0.3199541708144319,1.0130393285794417,0.3199996948242152,-0.217378364260179,0.0024523415570899,-2.0000000000000018,0.0,0.8248530334005214,0.74722488440151,0.9744043221409068
2019-02-27,105.16000366210938,14.699999809265137,2.45,42.85714285714285,-0.0012354218781137,0.1088597867495665,0.155191206893289,0.225599143425391,0.0082730609251675,-0.4391450550121493,1.011195553349725,-0.4700002670288068,-0.2820201578741423,-0.0005806486126067,0.0,0.0,0.8439083868464179,0.7014558938537001,0.9472186023640498
2019-02-28,104.36000061035156,14.779999732971191,2.45,42.85714285714285,-0.0076365685687988,0.1189912255992098,0.1575092953295639,0.2205287856695004,0.0098696701156851,0.4189956581695702,1.0034156010935733,0.0799999237060546,-0.3030001126064034,0.0006109249028799,0.0,0.0,0.8406649273660636,0.7554552596419087,0.938357301519654
2019-03-01,104.43000030517578,13.56999969482422,2.44,42.85714285714285,0.0006705272967094,0.1181848422801802,0.157321589693238,0.2203209528469577,0.0163746692413101,-0.0928239776632977,1.004079451363214,-1.2100000381469709,-0.2962892476483754,0.0008113380545969,-1.000000000000023,-2.0000000000000018,0.8897223003377807,0.7512309182142726,0.8625643639429539
2019-03-04,104.19000244140624,14.630000114440918,2.46,42.85714285714285,-0.002300814557414,0.0606135709635358,0.1543527541556737,0.2190186195681347,0.0254343167653653,-0.102602892597657,1.0014555287253768,1.0600004196166974,-0.3744650549416522,0.002438864396319,2.0000000000000018,-1.000000000000023,0.8467464042254561,0.3926951047624559,0.9478288997477632
2019-03-05,104.11000061035156,14.739999771118164,2.46,42.85714285714285,-0.0007681405071173,0.0506819461836416,0.1539043200566301,0.2185605443955023,0.0123907492840707,-0.1382558135741601,1.000581230504395,0.1099996566772461,-0.3698207483756773,8.449519206279897e-05,0.0,0.9999999999999788,0.8422866571062407,0.3293081452488977,0.9577378832312492
2019-03-06,103.72000122070312,15.739999771118164,2.47,42.85714285714285,-0.0037530659095457,0.0506456174140675,0.1539223216062971,0.2174605825675346,0.0098341364352281,-0.1797127268769817,0.997074869652592,1.0,-0.3711664845429825,0.0037530659095457,1.000000000000023,2.0000000000000018,0.8017433749367253,0.3290336117954941,1.0225937087525208
2019-03-07,102.97000122070312,16.59000015258789,2.45,42.85714285714285,-0.007257276916081,0.0483638320691223,0.1552002892583899,0.2167412050421878,0.0127221282224318,0.3369902485691139,0.990236720055134,0.8500003814697266,-0.4008066226012811,0.0061686881471003,-2.0000000000000018,0.0,0.7672815696266024,0.3116220485169479,1.068941316531152
2019-03-08,103.01000213623048,16.049999237060547,2.46,42.85714285714285,0.0003883961100912,0.0471582794120163,0.1552222078450945,0.197174242296083,0.0120377193228689,-0.1828584678677717,0.9909526689484534,-0.5400009155273438,-0.3991352396615769,0.0002097342550365,0.9999999999999788,2.0000000000000018,0.7891749791166243,0.3038114202001196,1.0340014782599791
2019-03-11,104.3499984741211,14.329999923706056,2.46,42.85714285714285,0.012924527266818,0.1214340106017544,0.1543257038214368,0.1953379664340451,0.0085289832550322,-0.0805720282651231,1.0029382909286149,-1.7199993133544904,-0.4211459157699538,0.0222301780243583,0.0,0.0,0.8589093966093281,0.7868683414025455,0.9285556176880708
2019-03-12,104.04000091552734,13.770000457763672,2.46,42.85714285714285,-0.0029751695202942,0.1236554333000164,0.1499134647336056,0.1919459280940632,0.0099961640366741,0.0456383027352954,0.9987337829854324,-0.5599994659423846,-0.461867457876452,-0.0016660933424528,0.0,0.0,0.8816136129718081,0.824845410115433,0.9185299320666618
2019-03-13,104.38999938964844,13.40999984741211,2.45,42.85714285714285,0.0033584301931538,0.1208187474386232,0.1484553917516836,0.1881234341454185,0.0098669069327873,0.2423970750450864,1.000488324145448,-0.3600006103515625,-0.4564659062336667,0.0012090369193584,-0.9999999999999788,-2.0000000000000018,0.8962092192984893,0.8138387296886646,0.9033016375614412
2019-03-14,105.33999633789062,13.5,2.45,42.85714285714285,0.0090592997172141,0.1022130478131377,0.140559105530802,0.1877171302855427,0.0133852640129835,-0.1754645619925251,1.0083323068870853,0.0900001525878906,-0.4291519043555553,-0.0008153383568887,0.0,0.0,0.892560317716819,0.7271890883706483,0.9604500504623384
2019-03-15,106.5500030517578,12.880000114440918,2.45,42.85714285714285,0.0114212078956,0.103902022261307,0.1444898656695352,0.1885894773162424,0.0147348629737866,0.804509816258499,1.0183086891574824,-0.619999885559082,-0.4558940048070702,0.0070811475882185,0.0,-0.9999999999999788,0.917697148022108,0.7190955696432217,0.8914120069776339
2019-03-18,107.19000244140624,13.100000381469728,2.44,42.85714285714285,0.0059885962936826,0.0884920084253069,0.1421410805818939,0.1888697638638674,0.0120347129969747,-0.6357253778831305,1.0222061912167617,0.2200002670288103,-0.4194655223316884,-0.0013174927837379,-1.000000000000023,-2.0000000000000018,0.9087776151185905,0.6225646242665409,0.9216195858256628
2019-03-19,106.8000030517578,13.5600004196167,2.46,42.85714285714285,-0.0036450283792591,0.0925086012299372,0.1005672127706023,0.1881854045452106,0.0173220825960515,-0.0035779598902534,1.0179091944577396,0.4600000381469709,-0.3025074999815594,0.0016767131935059,2.0000000000000018,0.0,0.8901277037740098,0.91986840125472,1.348352017127846
2019-03-20,104.5199966430664,13.90999984741211,2.48,42.85714285714285,-0.0215795465658135,0.2140163150847346,0.1260369173075426,0.1915771975326901,0.0214312852632312,0.1463520007519471,0.9964769798587456,0.3499994277954101,-0.3086003218367681,0.0075528289501191,2.0000000000000018,2.9999999999999805,0.8759375782137315,1.6980446654571335,1.1036448799735654
2019-03-21,102.87000274658205,13.630000114440918,2.49,42.85714285714285,-0.0159123266923097,0.2225090541576489,0.1355204005143281,0.1941876886796297,0.0117624093726666,0.2804546124115884,0.9820034193515372,-0.2799997329711914,-0.2309937621287962,-0.004455447224797,1.000000000000023,4.000000000000004,0.8872896863949715,1.6418860430841469,1.0057526440825315
2019-03-22,99.76000213623048,16.479999542236328,2.46,42.85714285714285,-0.0306987590570033,0.2304915018427395,0.1696040900774482,0.2023749953110031,0.028067391657973,0.2124967246098484,0.9547934411206842,2.84999942779541,-0.5235125745979942,0.0874914457464887,-3.000000000000025,0.9999999999999788,0.7717413554109047,1.3589973080100108,0.9716746532887784
2019-03-25,98.93000030517578,16.329999923706055,2.46,42.85714285714285,-0.0083547903655824,0.1699165388580074,0.1706602802166429,0.2023182875097219,0.0250682639167428,-0.1496414962820195,0.9494762486665436,-0.1499996185302734,-0.5364949779972902,-0.0012532153677377,0.0,2.0000000000000018,0.7778228322702974,0.9956419773968996,0.9568717397496418
2019-03-26,99.91999816894533,14.68000030517578,2.46,42.85714285714285,0.0099573150722191,0.2437975331325755,0.1702127543343756,0.1970392314400341,0.0158126687350735,-0.2742772042591033,0.961693911456134,-1.6499996185302752,-0.7011253740641408,0.0164295660707473,0.0,0.0,0.8447192323839631,1.4323106049599892,0.8624500768219491
2019-03-27,99.58000183105467,15.149999618530272,2.44,42.85714285714285,-0.0034084878903032,0.2390869345278323,0.1693349584183343,0.1917785010710362,0.0137577334002446,-0.225999926539164,0.9609363251569888,0.4699993133544922,-0.6966777374989536,0.0016019869680196,-2.0000000000000018,-4.000000000000004,0.8256639176031534,1.411917165604866,0.8946764306696132
2019-03-28,100.70999908447266,14.43000030517578,2.43,42.85714285714285,0.0112837309675121,0.2703609442866116,0.1760765804161193,0.1755784381037968,0.0105253221887052,-0.0237323345395193,0.97383202777255,-0.7199993133544922,-0.7061948714794932,0.0081242785486855,-0.9999999999999788,-6.000000000000005,0.8548550529263419,1.5354736197606251,0.8195297904510388
2019-03-29,101.2300033569336,13.710000038146973,2.4,42.85714285714285,0.0051500982027859,0.1355434883368197,0.1765437783265928,0.1745330678555266,0.0138299069391762,0.1537112557983792,0.9802731034808072,-0.7200002670288068,-0.7145138426729509,0.0037080720812304,-3.000000000000025,-6.000000000000005,0.8840462269146173,0.7677613429461921,0.7765779212442419
2019-04-01,104.63999938964844,13.399999618530272,2.43,42.85714285714285,0.0331306931039082,0.2148216328722057,0.2134157609380579,0.1860945927941675,0.0244648086154995,0.1863997383643049,1.0131961029645955,-0.310000419616701,-0.6401750311742015,0.0102705287644036,3.000000000000025,-2.9999999999999805,0.8966146613998054,1.0065874794249885,0.6278823813026396
2019-04-02,105.13999938964844,13.359999656677246,2.42,42.85714285714285,0.0047669077101521,0.2198491700883053,0.2138197633845987,0.1857096889488836,0.0105573579683779,-0.5304636865919536,1.017591714822948,-0.0399999618530255,-0.6486447992514728,0.0001906761265629,-1.000000000000023,-4.000000000000004,0.8982363911399824,1.028198547263666,0.6248252942197183
2019-04-03,105.3499984741211,13.739999771118164,2.44,42.85714285714285,0.0019953361801274,0.2013706163565308,0.2138385845557353,0.1828586312141087,0.0149027025872229,0.1105802741945478,1.019041809114174,0.3800001144409179,-0.6424624025009004,-0.0007582279767965,2.0000000000000018,0.0,0.8828299392757561,0.9416944878067371,0.6425407182555
2019-04-04,105.55999755859376,13.579999923706056,2.44,42.85714285714285,0.0019913627406875,0.2118503065386733,0.2133026300795734,0.1766052605897373,0.0121258662210643,0.0386295274239544,1.0202084554863935,-0.1599998474121076,-0.6463078266676726,0.0003186177346521,0.0,0.9999999999999788,0.8893168582364647,0.9931912534770044,0.6366541246415941
2019-04-05,105.30999755859376,12.81999969482422,2.44,42.85714285714285,-0.0023711302975223,0.2275206985062489,0.2116312961623007,0.1618783862073003,0.0106352936335306,-0.1849739782423274,1.0166973672406998,-0.7600002288818359,-0.6212322252241107,-0.0018020595688256,0.0,4.000000000000004,0.9201297619649172,1.075080588892498,0.6057705040464583
2019-04-08,105.6500015258789,13.18000030517578,2.43,42.85714285714285,0.0032234002953752,0.0421708746611783,0.2117440790875879,0.161956265142137,0.0070042390258581,-0.2094786228660464,1.0187434419482155,0.3600006103515589,-0.6154198241761544,-0.0011604260737424,-0.9999999999999788,0.0,0.905534155638236,0.199159640462647,0.6224495325663333
2019-04-09,104.87000274658205,14.279999732971191,2.42,42.85714285714285,-0.0074102444681742,0.0698969254561686,0.2092656111785858,0.1626970946010109,0.0090588054101406,0.1209625090610536,1.0109808118565362,1.099999427795412,-0.6035510166869044,0.0081512646748158,-1.000000000000023,0.0,0.8609365684508213,0.3340105670612027,0.6823863535220195
2019-04-10,105.33999633789062,13.300000190734863,2.43,42.85714285714285,0.0044716652539179,0.0773154555235331,0.2094154203081717,0.1628012203783169,0.0118663379861005,0.1797207130367352,1.01490602690665,-0.979999542236328,-0.6155047656984203,0.0043822299018737,1.000000000000023,-0.9999999999999788,0.9006689664177047,0.3691965730592199,0.6351012819955111
2019-04-11,106.2300033569336,13.020000457763672,2.43,42.85714285714285,0.0084134071019571,0.0984024452321611,0.2109832722994962,0.1635067888339552,0.0110138921337374,0.0273286864965903,1.022617598466277,-0.2799997329711914,-0.6164334489525114,0.0023557517419259,0.0,-0.9999999999999788,0.9120210745989448,0.4663992749741614,0.6171105564843757
2019-04-12,111.20999908447266,12.010000228881836,2.44,42.85714285714285,0.0458137112057923,0.3234534763263276,0.2614283230164722,0.1861119302541989,0.026706242650422,0.7812345449445683,1.0676843189856622,-1.010000228881836,-0.6270290273473403,0.0462718588037765,0.9999999999999788,0.0,0.952969798869776,1.2372549102338362,0.4593993523848256
2019-04-15,109.94000244140624,12.31999969482422,2.43,42.85714285714285,-0.0114855129591023,0.360219299173184,0.263702665784338,0.187126600848454,0.0171002111303382,-0.4767898391516131,1.0538582874491522,0.3099994659423846,-0.6235768691635205,0.003560502883396,-0.9999999999999788,0.0,0.9404014030496748,1.366005527861366,0.4671928385016705
2019-04-16,111.0999984741211,12.18000030517578,2.43,42.85714285714285,0.0104958982720717,0.3335241845116614,0.2651295709429934,0.1876471238511921,0.0137713663394267,-0.2693552359498811,1.0630803696533524,-0.139999389648441,-0.6279097149925373,0.0014694193519021,0.0,1.000000000000023,0.9460774378077516,1.2579667493347009,0.4593980317568821
2019-04-17,114.3000030517578,12.600000381469728,2.44,42.85714285714285,0.0283959145890072,0.344634744413981,0.2798079664434906,0.1948512084755195,0.0319335208086222,0.4291875250637047,1.0899753242704004,0.4200000762939488,-0.548834214427145,-0.0119262862938195,0.9999999999999788,0.9999999999999788,0.929049256203348,1.2316831032170867,0.4503088508030164
2019-04-18,113.45999908447266,12.09000015258789,2.42,42.85714285714285,-0.0073762536710507,0.3835126383209556,0.2680162960566101,0.1956346011662619,0.0142781167835319,-0.3528626647913537,1.077590327980117,-0.5100002288818377,-0.5231192070990138,-0.0037618910605263,-2.0000000000000018,-1.000000000000023,0.949726339389422,1.4309302977605154,0.4510919794979277
2019-04-22,113.5999984741211,12.420000076293944,2.44,42.85714285714285,0.0012331490257611,0.2527381606431632,0.2584503298496849,0.1933876277428944,0.011179548064481,-0.4494561377893237,1.0737094944215004,0.3299999237060529,-0.558740129290796,-0.0004069390844193,2.0000000000000018,0.0,0.9363470593666888,0.9778983868589218,0.4805565573670357
2019-04-23,113.73999786376952,12.279999732971191,2.45,42.85714285714285,0.0012316302419358,0.2163547289988322,0.2247840777290702,0.1901987376885345,0.0133638500176649,0.1420287076961883,1.0683107946325223,-0.1400003433227521,-0.3315564316250005,0.0001724286567177,1.000000000000023,2.0000000000000018,0.9420231327898522,0.9625002410517804,0.5463020271289917
2019-04-24,113.5500030517578,13.140000343322754,2.44,42.85714285714285,-0.0016718276694926,0.2204516586922224,0.2204655136241251,0.1901311216757743,0.0118010033577396,0.0057053759120097,1.0595975274785483,0.8600006103515625,-0.3601145595846882,0.0014377728161663,-1.000000000000023,0.9999999999999788,0.9071558853784132,0.9999371560128614,0.5960115996067
2019-04-25,113.61000061035156,13.25,2.43,42.85714285714285,0.0005282405266918,0.0578864639691108,0.2210553948683443,0.1901323652935463,0.0145233827745316,0.007123834518903,1.0537471555938642,0.1099996566772461,-0.3893511400598376,-5.81062765791122e-05,-0.9999999999999788,-0.9999999999999788,0.9026961382591978,0.2618640635465457,0.5993972690823222
2019-04-26,114.47000122070312,12.729999542236328,2.42,42.85714285714285,0.0075412546401883,0.054573192110269,0.2183496631319803,0.1902726551713033,0.0085612243075291,-0.1657750020718694,1.0547869572233108,-0.5200004577636719,-0.3666730042817658,0.0039214558650103,-1.000000000000023,0.0,0.9237786635465876,0.2499348582795044,0.5830098091125402
2019-04-29,116.12000274658205,13.109999656677246,2.44,42.85714285714285,0.01431137221505,0.1034885988659302,0.2194110234471545,0.1918684043349644,0.023337983549496,0.5907019774094902,1.0628045656487133,0.3800001144409179,-0.3289760683020633,-0.0054383230795256,2.0000000000000018,0.0,0.9083722116823612,0.4716654488914301,0.5975087053834744
2019-04-30,116.0500030517578,13.119999885559082,2.43,42.85714285714285,-0.000603003792024,0.1077459986725669,0.2208498792758592,0.1919149986567835,0.0125807759248527,-0.2235526307770152,1.0553472390438925,0.0100002288818359,-0.3479600420857923,6.030175936855183e-06,-0.9999999999999788,-2.0000000000000018,0.9079667695810452,0.4878698554233011,0.5940686917546896
2019-05-01,115.16000366210938,14.800000190734863,2.43,42.85714285714285,-0.0076986614732074,0.1332780868810242,0.2034329431835443,0.1928306022901781,0.0164119427713277,-0.0896113355345527,1.0425044257697302,1.6800003051757812,-0.3913485958473473,0.0129337536244334,0.0,-0.9999999999999788,0.8398540431634316,0.6551450556401577,0.7275124647526623
2019-05-02,115.41000366210938,14.420000076293944,2.47,42.85714285714285,0.0021685396194531,0.1320070372305123,0.2035989849140804,0.1916911086049297,0.010397685730567,-0.1897379018514934,1.0401625997529669,-0.3800001144409197,-0.3808728839555598,0.0008240453035618,4.000000000000004,4.000000000000004,0.8552604950276579,0.648367855498984,0.7082550083626025
2019-05-03,116.12000274658205,12.869999885559082,2.43,42.85714285714285,0.0061331256457783,0.1294047721374085,0.2034780059058135,0.1918559274099832,0.0086979169164735,-0.0509554407568244,1.041746427974742,-1.5500001907348615,-0.3480898051933869,0.0095063459207572,-4.000000000000004,1.000000000000023,0.918102590123424,0.6359644206328018,0.6325007869163207
2019-05-06,115.08999633789062,15.4399995803833,2.44,42.85714285714285,-0.0089097636485195,0.1020972484306565,0.2086996800525244,0.1930002742522642,0.0152054918384236,0.1369736738419164,1.028319387286843,2.5699996948242188,-0.4090643255828896,0.0228980898576511,0.9999999999999788,0.0,0.8139063673205973,0.4892065402542124,0.7398190345331359
2019-05-07,113.20999908447266,19.31999969482422,2.43,42.85714285714285,-0.0164699061578371,0.1440676625025677,0.2196489262738306,0.1960014446988866,0.0153696482452156,0.4699037520945484,1.0081332024470886,3.880000114440918,-0.5329882482561218,0.0639032377772391,-0.9999999999999788,0.0,0.6565984278630671,0.6558996893204129,0.8795854376605727
2019-05-08,112.61000061035156,19.39999961853028,2.43,42.85714285714285,-0.0053139658740532,0.1421893539745762,0.2217383024311792,0.1964257030031548,0.0107450410968334,-0.4499904229590385,0.9998393343114216,0.0799999237060582,-0.5220148316434192,0.0004251168645008,0.0,0.0,0.6533549683827127,0.6412485006676165,0.874905210593981
2019-05-09,112.5199966430664,19.100000381469727,2.43,42.85714285714285,-0.000799573341432,0.1348183440034043,0.2189788086968416,0.1942593400348833,0.0191965525875968,0.2426803589062597,0.9958193211325655,-0.2999992370605504,-0.4990015522653649,-0.0002398713924035,0.0,-4.000000000000004,0.665517922101498,0.6156684512337877,0.8722305366046688
2019-05-10,112.51000213623048,16.040000915527344,2.43,42.85714285714285,-8.882821754181096e-05,0.1065018955697009,0.2192549073798275,0.1928780556230629,0.0204425862473842,0.0774637074471234,0.9927311345718138,-3.059999465942383,-0.4044692406727881,-0.0002718142982385,0.0,0.0,0.7895803438877664,0.4857446377936788,0.7315686160556648
2019-05-13,109.4499969482422,20.549999237060547,2.41,42.85714285714285,-0.0275743294838024,0.1870807001490096,0.2425443942964854,0.2011829266236892,0.0134307321360982,0.0441035857805529,0.9644263983407316,4.509998321533203,-0.5433580099198076,0.1243601796893526,-2.0000000000000018,-2.9999999999999805,0.6067302093538048,0.7713255987286303,0.8472675403060563
2019-05-14,110.31999969482422,18.059999465942383,2.41,42.85714285714285,0.007917434632563,0.2127087160758409,0.1834879024731629,0.199140624276224,0.0201232888582692,-0.2717686790800451,0.97245564542175,-2.489999771118164,-0.5860731929303727,0.0197144104229249,0.0,-2.0000000000000018,0.7076829726762774,1.15925198996131,0.9842610451434992
2019-05-15,109.9000015258789,16.440000534057617,2.42,42.85714285714285,-0.0038143554249443,0.2129119220282105,0.1795205705426622,0.1992471269185088,0.0208371327000218,-0.0350328381714282,0.9687696854702936,-1.6199989318847656,-0.5650795155972056,-0.0061792517142387,0.9999999999999788,-1.000000000000023,0.773363046485995,1.1860029264869845,0.9157725203502918
2019-05-16,111.30999755859376,15.289999961853027,2.4,42.85714285714285,0.0127482042779147,0.2480596947970892,0.1813428266051655,0.2000104230536718,0.0141946084422738,-0.0473777328165009,0.981112330755923,-1.1500005722045898,-0.5846819275867066,0.0146604422141829,-2.0000000000000018,-3.000000000000025,0.8199878441799899,1.3679046447047236,0.8431543859820642
2019-05-17,110.7699966430664,15.960000038146973,2.39,42.85714285714285,-0.0048631303483378,0.247860970731108,0.1497836704799937,0.1916084010420005,0.0173331969588491,-0.0106638298252631,0.9778013796761554,0.6700000762939453,-0.7351797976747046,0.0032582977044137,-0.9999999999999788,-4.000000000000004,0.7928238420332077,1.654793008722631,1.0655367161855411
2019-05-20,111.3499984741211,16.309999465942383,2.39,42.85714285714285,0.0052224307765279,0.1207492880980178,0.1499075758252078,0.1916120828665758,0.0129321493645676,-0.116438603815617,0.9837937982533635,0.3499994277954101,-0.7461230646952306,-0.0018278477834859,0.0,-2.0000000000000018,0.7786337164729293,0.8054915666090917,1.0880036833468536
2019-05-21,111.7300033569336,14.949999809265137,2.39,42.85714285714285,0.0034068966043686,0.1142905451584089,0.1504842185213523,0.1915141093928656,0.0062650758722881,-0.0667840809127067,0.9879284475613936,-1.359999656677246,-0.7502565928710683,0.0046333782122762,0.0,-2.0000000000000018,0.833772566304039,0.7594852555398833,0.993459643553511
2019-05-22,110.81999969482422,14.75,2.38,42.85714285714285,-0.0081780159188909,0.1323472194008276,0.1524090855030178,0.1922840252824689,0.0093845959067974,-0.0061686627112487,0.981088320929215,-0.1999998092651367,-0.7326342542839756,-0.0016356016239454,-1.000000000000023,-4.000000000000004,0.8418812150049247,0.8683683060233768,0.967790073099542
2019-05-23,108.63999938964844,16.920000076293945,2.37,42.85714285714285,-0.0198676024931314,0.1599773717165038,0.1655302787612266,0.1964165268855671,0.0210788008872682,0.6088883634045755,0.963783750889996,2.1700000762939453,-0.7497653068673926,0.0431126989258729,-0.9999999999999788,-2.9999999999999805,0.7539022896038693,0.966453828953356,1.0221694908579615
2019-05-24,109.70999908447266,15.850000381469728,2.35,42.85714285714285,0.0098008542921481,0.1908324040177153,0.1704328119200623,0.1962934751870622,0.0070184727872757,-0.5336958721350455,0.9748822506987266,-1.069999694824217,-0.754966780058948,0.0104869111016151,-2.0000000000000018,-4.000000000000004,0.7972835891524229,1.119692868220827,0.9299852653316436
2019-05-28,108.5199966430664,17.5,2.37,42.85714285714285,-0.0109060556274707,0.1871000159145514,0.1698587724025865,0.1969496888237524,0.0128086936292514,0.31219096925995,0.9667418635566748,1.6499996185302717,-0.7640984502141117,0.0179949876249967,2.0000000000000018,-2.0000000000000018,0.7303871890387573,1.1015034034927615,1.0302676601549206
2019-05-29,108.22000122070312,17.899999618530273,2.37,42.85714285714285,-0.002768253362534,0.1739867332636439,0.1584261310086882,0.1970277857967291,0.0123822209588812,-0.1574163323032266,0.9673110926977574,0.3999996185302734,-0.8258369783293681,0.0011073002890087,0.0,-2.0000000000000018,0.7141698916369859,1.0982199221547757,1.1298640889960647
2019-05-30,107.05999755859376,17.299999237060547,2.38,42.85714285714285,-0.0107768013332768,0.1766331646995559,0.1601103393836084,0.1976510912905293,0.0246590645418571,0.0394854137826613,0.9606183290105867,-0.6000003814697266,-0.7976571910178434,-0.0064660849109895,0.9999999999999788,0.0,0.73849587640473,1.1031964917416135,1.0805048133469677
2019-05-31,105.95999908447266,18.709999084472656,2.35,42.85714285714285,-0.0103277463975835,0.1421375130789057,0.1611643245316648,0.1988117251998094,0.0165156664318662,0.054890282037004,0.9545004105704936,1.4099998474121094,-0.8016527106717976,0.0145621208447037,-2.9999999999999805,-2.0000000000000018,0.6813298547321271,0.8819415431544787,1.1609268452458654
2019-06-03,106.45999908447266,18.86000061035156,2.35,42.85714285714285,0.0047076633813224,0.1096128243046237,0.1626153522692303,0.198943061621322,0.0146533681383554,0.0643427757737001,0.9627004481107964,0.1500015258789027,-0.7885053375457182,-0.0007061566905226,0.0,0.0,0.6752483005425609,0.6740619675511681,1.159792131995412
2019-06-04,109.73999786376952,16.969999313354492,2.35,42.85714285714285,0.0303445930196604,0.2689810400283744,0.1989104366143849,0.2077728305040272,0.025241519285426,0.0960749410754386,0.9950947693754816,-1.8900012969970668,-0.7481016217228155,0.0573513201640063,0.0,-2.0000000000000018,0.751875156427463,1.3522721311493118,0.8531477584684586
2019-06-05,110.12999725341795,16.09000015258789,2.35,42.85714285714285,0.0035475490728576,0.2652903504256269,0.1986840340102628,0.2076304409767266,0.0157994906670672,-0.432889681574575,1.0007745604751277,-0.8799991607666016,-0.753314219283979,0.003121840206893,0.0,-2.0000000000000018,0.7875532107113602,1.3352373870762235,0.8098285417215144
2019-06-06,110.37000274658205,15.93000030517578,2.33,42.85714285714285,0.0021769214326166,0.235659565426157,0.1920789492703668,0.2069706528351402,0.0175772618748652,0.045264124904078,1.0041896254638931,-0.1599998474121111,-0.7368135229252407,0.0003483070970468,-2.0000000000000018,-4.999999999999982,0.7940401296720688,1.2268890803564678,0.8293464934959113
2019-06-07,109.16000366210938,16.299999237060547,2.28,42.85714285714285,-0.0110236532817892,0.2387454690621444,0.1946177055053112,0.2083841491261681,0.0097104939816128,0.1962481407787285,0.9946673423573966,0.3699989318847674,-0.735776383161584,0.00407873993973,-5.000000000000027,-7.000000000000028,0.7790391585742453,1.2267407451046586,0.8375393798184365
2019-06-10,110.33999633789062,15.9399995803833,2.29,42.85714285714285,0.0107517452667399,0.2406116844579098,0.1991878777476746,0.2079202111853887,0.0089722484740518,0.0692747190908684,1.006371391255144,-0.3599996566772461,-0.7245391375946341,0.0038706246047076,1.000000000000023,-6.000000000000005,0.7936347262358396,1.207963492450628,0.8002494810741254
2019-06-11,110.68000030517578,15.989999771118164,2.27,42.85714285714285,0.0030766830210393,0.1253386196704821,0.1996579278850693,0.2078156938627432,0.0108420396181193,-0.1446722260056839,1.0102754113815695,0.0500001907348632,-0.7789200621105236,-0.0001538347378826,-2.0000000000000018,-8.000000000000007,0.7916075543943465,0.6277668059473789,0.8008697646267576
2019-06-12,109.2699966430664,15.90999984741211,2.24,42.85714285714285,-0.0128213048148087,0.159422247439367,0.1803162506075692,0.2095756190584946,0.0183948219820688,-0.0181579109433168,0.9974830884423124,-0.0799999237060546,-0.6802381586606442,-0.0010257034069967,-2.9999999999999805,-10.999999999999988,0.7948510138747007,0.8841257895625011,0.8823386574312587
2019-06-13,109.54000091552734,15.81999969482422,2.19,42.85714285714285,0.0024679348523057,0.1598656812581769,0.1782477788299857,0.2089238423612714,0.0101332901321368,-0.1400272172037621,1.000287011316348,-0.0900001525878888,-0.6870557105769884,0.0002221145132844,-5.000000000000027,-14.000000000000012,0.798499915456371,0.8968733428687389,0.88752857391359
2019-06-14,109.81999969482422,15.279999732971191,2.2,42.85714285714285,0.0025528713583515,0.1362788660784447,0.1780476186604614,0.2078103307310097,0.0152067547166324,0.0767350107638219,1.002878766056834,-0.5399999618530291,-0.7550604390558858,0.0013785504361255,1.000000000000023,-7.999999999999963,0.8203932862813059,0.765406845111082,0.8581973658468471
2019-06-17,109.22000122070312,15.350000381469728,2.23,42.85714285714285,-0.0054784511712934,0.111023959961505,0.1726735619658975,0.2078403223882072,0.0119941876336471,-0.1103991009874241,0.9983068795065554,0.0700006484985369,-0.7358310728983556,0.0003834951347581,2.9999999999999805,-6.000000000000005,0.8175552302371807,0.642970230633407,0.8889606611868761
2019-06-18,110.70999908447266,15.149999618530272,2.22,42.85714285714285,0.0135499537012154,0.1568674689911341,0.1790165925412808,0.2093541180535925,0.0219492396826927,0.3077021363164021,1.0119523783249875,-0.2000007629394566,-0.7161357987500079,0.0027100010780374,-0.9999999999999788,-4.999999999999982,0.8256639176031534,0.8762733485442741,0.8462902462539451
2019-06-19,109.91000366210938,14.329999923706056,2.18,42.85714285714285,-0.0072522792018031,0.1309037974289553,0.1796232538025961,0.2051108394603423,0.0171958814182078,0.1715422443361732,1.00527004779004,-0.8199996948242152,-0.6926650692073373,-0.0059468667322585,-4.000000000000004,-6.000000000000005,0.8589093966093281,0.7287686569402482,0.7977808897424027
2019-06-20,110.19000244140624,14.75,2.14,42.85714285714285,0.0025442882560445,0.1309526785114088,0.1794043211781075,0.2023014985085922,0.0186949588252269,0.0382269264366026,1.0085074364592883,0.4200000762939435,-0.6906264387665261,-0.0010686012616525,-4.000000000000004,-4.999999999999982,0.8418812150049247,0.7299304590406313,0.8221652579570041
2019-06-21,109.44000244140624,15.399999618530272,2.11,42.85714285714285,-0.0068296944736063,0.1413021749868263,0.1787520968450816,0.1924488511927086,0.0235745776087315,0.582840833488108,1.0022459017918464,0.6499996185302717,-0.712313379105825,0.0044392988025224,-3.000000000000025,-9.00000000000003,0.8155280970607746,0.7904924052963033,0.8615283339516252
2019-06-24,108.66000366210938,15.260000228881836,2.13,42.85714285714285,-0.007152701356574,0.1453170638104761,0.16648616135429,0.1922142930231923,0.0113196731647817,-0.6277099664051706,0.9950940322518064,-0.1399993896484357,-0.6359907240582124,-0.0010013738242579,2.0000000000000018,-10.000000000000009,0.821204131818851,0.8728477047484743,0.9165927128566482
2019-06-25,107.76000213623048,16.280000686645508,2.12,42.85714285714285,-0.0083172228997636,0.0710678245137678,0.1648817491146571,0.192416669514826,0.0121566922978727,0.3583966732802457,0.9876918422300514,1.020000457763672,-0.6274140441322804,0.0084835711650814,-0.9999999999999788,-10.000000000000009,0.7798499654467036,0.4310229900845359,0.9873743318506742
2019-06-26,108.4800033569336,16.209999084472656,2.15,42.85714285714285,0.0066593032111957,0.1075199402457531,0.1626006753873196,0.1924903465337213,0.010600975856357,-0.5918581572850934,0.994308486756994,-0.0700016021728515,-0.6015819202749503,0.0004661618941385,2.9999999999999805,-3.000000000000025,0.7826880601559156,0.6612514984309716,0.9969207720607528
2019-06-27,108.83999633789062,15.81999969482422,2.14,42.85714285714285,0.0033130251310523,0.1099566374639498,0.1626690597580769,0.1914773746338636,0.0101984624007666,0.0548387134017669,0.997338231045913,-0.3899993896484357,-0.6026762682793375,0.0012920777790003,-0.9999999999999788,0.0,0.798499915456371,0.6759529908605759,0.9725266573958122
2019-06-28,111.8000030517578,15.079999923706056,2.12,42.85714285714285,0.0268327077492582,0.2251462756109239,0.1815579430616384,0.1980774497094894,0.0136851407650549,0.6849303965822381,1.022347267494196,-0.7399997711181641,-0.6748760891403958,0.0198561975929316,-2.0000000000000018,1.000000000000023,0.8285019349821915,1.2400794579088583,0.8305888285254718
2019-07-01,113.68000030517578,14.0600004196167,2.21,42.85714285714285,0.0166758984557814,0.2121825991715156,0.182433201891093,0.1899920329488537,0.0126670901490679,-0.5307692382267939,1.0360558952180907,-1.0199995040893572,-0.682126026956144,0.0170094081551415,8.999999999999986,8.000000000000007,0.8698560626892521,1.163070082485216,0.7706930686887844
2019-07-02,113.8000030517578,12.93000030517578,2.2,42.85714285714285,0.0010550620357212,0.1701759868204347,0.1825291710834755,0.1898629370274622,0.0086115615224839,-0.2236053656632266,1.0338562375580762,-1.1300001144409195,-0.6484077584521672,0.0011922202211072,-0.9999999999999788,8.000000000000007,0.9156699761806152,0.9323221368413964,0.7083799388571452
2019-07-03,112.81999969482422,12.56999969482422,2.21,42.85714285714285,-0.0086489229022319,0.2212785338822368,0.1576861132445265,0.1908852870628313,0.0142705248600122,-0.3957628460736143,1.0235891745345698,-0.3600006103515589,-0.467073716116997,-0.003113617523687,0.9999999999999788,6.000000000000005,0.930265582507296,1.4032848507027154,0.7971532455322626
2019-07-05,113.48999786376952,13.279999732971191,2.23,42.85714285714285,0.0059210828831245,0.2186722441132286,0.1583220310554555,0.1911225808279654,0.0118953079525262,0.1464163135444434,1.0281753664824254,0.7100000381469709,-0.4051096307372049,-0.0042039690728897,2.0000000000000018,8.999999999999986,0.9014798506203368,1.381186450523959,0.8387967009038431
2019-07-08,112.87000274658205,13.960000038146973,2.26,42.85714285714285,-0.0054779701884096,0.1589283819134436,0.16007861776825,0.1914559298063843,0.0086825846822553,-0.1365663072717346,1.021456784226999,0.6800003051757812,-0.4267184358978962,0.0037250213998624,2.9999999999999805,13.999999999999968,0.8739104063722384,0.992814556554507,0.8720715004147038
2019-07-09,113.3499984741211,14.09000015258789,2.26,42.85714285714285,0.0042436251903147,0.0995492670091013,0.1541774860442544,0.1915127751681447,0.0118217587642627,0.2573407473261289,1.023951767006582,0.1300001144409179,-0.390868627933648,-0.0005516717603852,0.0,4.999999999999982,0.868639775050391,0.6456796615591929,0.9138818198490772
2019-07-10,113.0199966430664,13.029999732971191,2.2,42.85714285714285,-0.0029155989923032,0.0994280183165227,0.1514163635749564,0.1909094090259197,0.0096443461304245,0.0324389616318687,1.0197950095600752,-1.0600004196166992,-0.3216586884834729,-0.0030905361552754,-5.999999999999961,0.0,0.9116156711627156,0.656653058949619,0.8605410554930469
2019-07-11,114.0999984741211,12.93000030517578,2.17,42.85714285714285,0.0095104789952811,0.0993174354905044,0.1540687753123544,0.191526663098134,0.0108676413703086,0.2268004469452523,1.028029344689131,-0.0999994277954119,-0.3168264351175966,0.0009510424575884,-3.000000000000025,-4.000000000000004,0.9156699761806152,0.6446305248363997,0.839235612729567
2019-07-12,115.3000030517578,12.390000343322754,2.14,42.85714285714285,0.0104622102481324,0.1140184331570909,0.1478835426709168,0.1918808453153548,0.0123156819719066,-0.0725833047329744,1.0361605807575518,-0.5399999618530256,-0.3452992886876104,0.0056495931348898,-2.9999999999999805,-8.999999999999986,0.9375633470055498,0.7710014995435598,0.8378214451417387
2019-07-15,113.9000015258789,12.68000030517578,2.16,42.85714285714285,-0.0122165698931999,0.1504222425897685,0.1564942319612796,0.1711434773388113,0.0179104555592463,0.1828252907712642,1.0216730222250874,0.2899999618530255,-0.3747387460690043,0.0035428048030028,2.0000000000000018,-9.999999999999964,0.925805796722994,0.961199915834512,0.8102535247633351
2019-07-16,115.12000274658205,12.859999656677246,2.15,42.85714285714285,0.0106542025877479,0.1632735957592489,0.1594357443817065,0.1706322980527771,0.022411412174252,0.2691395996478451,1.0302839319827093,0.1799993515014666,-0.3463534225334821,-0.0019177495565598,-1.000000000000023,-10.999999999999988,0.91850803222474,1.0240714614682278,0.8065945128269988
2019-07-17,113.98999786376952,13.970000267028809,2.14,42.85714285714285,-0.0098643799293592,0.1853587631839226,0.1628009964177056,0.1707551739947122,0.0106149583923909,-0.2557664263348012,1.0181011369310835,1.1100006103515625,-0.4068387577104507,0.0109494677423285,-0.9999999999999788,-6.000000000000005,0.8735049642709224,1.1385603728636866,0.8581028724901273
2019-07-18,114.66999816894533,13.529999732971191,2.05,42.85714285714285,0.0059477155739977,0.1774698546618426,0.1580879636208003,0.161448605367066,0.0132553995581911,-0.3337946061614582,1.022452516973256,-0.4400005340576172,-0.4163102252666534,0.0026169980289818,-9.00000000000003,-12.00000000000001,0.8913440300779578,1.12260194006631,0.8558526166751758
2019-07-19,113.54000091552734,14.449999809265137,2.06,42.85714285714285,-0.0099032162761183,0.1676600761632032,0.1602261232767584,0.1619992880825566,0.0151488568507481,0.1016632281177028,1.0108189705491213,0.9200000762939452,-0.5326600768409249,0.0091109597295843,1.000000000000023,-8.000000000000007,0.8540442073887967,1.0463966345463165,0.901850429489932
2019-07-22,114.2699966430664,13.529999732971191,2.09,42.85714285714285,0.0064088339753549,0.1553830892508068,0.1610860648346744,0.1624879445712135,0.0147020246305199,-0.1380844751919759,1.0155613526626823,-0.9200000762939452,-0.5462021257973877,0.0058961277462817,2.9999999999999805,-7.000000000000028,0.8913440300779578,0.9645967167320112,0.8399236611098098
2019-07-23,116.36000061035156,12.609999656677246,2.06,42.85714285714285,0.0181247990909598,0.1907220880834148,0.1674449615135027,0.1664336633832816,0.0140082265801653,0.3417132802506911,1.0311162895347583,-0.9200000762939452,-0.5631985627266859,0.0166748165464955,-2.9999999999999805,-8.999999999999986,0.928643852767119,1.139013598017609,0.7530832545033238
2019-07-24,116.83000183105467,12.06999969482422,2.1,42.85714285714285,0.0040310635294957,0.158379042304147,0.1634014643722661,0.1665412673974357,0.0116408507150262,-0.2420193173018265,1.031724285125134,-0.5399999618530256,-0.5748582722142309,0.0021767741521548,4.000000000000004,-4.000000000000004,0.9505372235920536,0.9692632982977628,0.7386714520088989
2019-07-25,115.70999908447266,12.739999771118164,2.1,42.85714285714285,-0.0096328494258809,0.1878956424803559,0.1646542130637096,0.1677578257007971,0.0165931914625945,0.0126457063483706,1.0184287862593056,0.6700000762939435,-0.5698547906671134,0.0064540098502682,0.0,5.000000000000027,0.9233732214452716,1.1411529591875884,0.7737427141441365
2019-07-26,116.22000122070312,12.15999984741211,2.12,42.85714285714285,0.0043979041743538,0.1565690200606434,0.1642742907202019,0.1673228681744722,0.0084323123958032,0.2331462256515829,1.0196099835080734,-0.5799999237060547,-0.5723560546990636,0.0025507840855917,2.0000000000000018,6.000000000000005,0.9468883220103836,0.953095090986073,0.7402253751394048
2019-07-29,115.8499984741211,12.829999923706056,2.12,42.85714285714285,-0.003188719443117,0.1644648898170413,0.1657956841745912,0.1649857453888248,0.0119982685192606,-0.4093631992247318,1.013396134229089,0.6700000762939471,-0.5838970130661127,0.0021364422701684,0.0,3.000000000000025,0.9197243198636011,0.991973287096252,0.7738440229961243
2019-07-30,115.58999633789062,13.9399995803833,2.08,42.85714285714285,-0.002246822082937,0.0921482622990236,0.1419528048379671,0.1650414151043842,0.011419670703731,-0.1770510133396896,1.0095280174544483,1.1099996566772443,-0.5751113015959916,0.0024939717406749,-4.000000000000004,2.0000000000000018,0.8747212905748705,0.6491471753883751,0.9820164945874228
2019-07-31,116.0,16.1200008392334,2.08,42.85714285714285,0.0035407754820768,0.0904011148052999,0.1312503127916318,0.1644576983516297,0.0113793077140018,0.6505307828764444,1.0121322937648225,2.1800012588500977,-0.3988518373071767,-0.007718895008233,0.0,-2.0000000000000018,0.7863368844074121,0.6887687570605447,1.2281876131468672
2019-08-01,112.94000244140624,17.8700008392334,2.07,42.85714285714285,-0.0267334652448313,0.2014798402659575,0.162566683091823,0.1729313539397354,0.0371879271015217,0.1378040148562525,0.98578520511059,1.75,-0.5417130599302183,0.0467835641784548,-1.000000000000023,-3.000000000000025,0.7153861406107602,1.2393673564229335,1.0992412774479647
2019-08-02,112.93000030517578,17.610000610351562,2.06,42.85714285714285,-8.85654236097097e-05,0.1907433524691487,0.1597480940330884,0.1724312383636885,0.0179757263243701,-0.3511862338270903,0.9856528380210936,-0.2600002288818359,-0.5816150539993316,-2.302703040954128e-05,-0.9999999999999788,-6.000000000000005,0.725927403254455,1.1940258418960563,1.1023606082401227
2019-08-05,109.56999969482422,24.59000015258789,2.05,42.85714285714285,-0.0302045488058345,0.2539128593971588,0.1892936435599326,0.181692588278563,0.0247331087105515,0.3632930575086913,0.9578873733820504,6.979999542236328,-0.7315606060318193,0.2108277368381801,-1.000000000000023,-7.000000000000028,0.4429353122704791,1.3413702363268576,1.2990399302448
2019-08-06,110.43000030517578,20.170000076293945,2.05,42.85714285714285,0.0078182271904729,0.2843661246812717,0.191517438942909,0.1796498940764131,0.0195599353087037,-0.4407730306001736,0.9663873297893883,-4.420000076293945,-0.7007935991234159,0.0345565647783736,0.0,-3.000000000000025,0.6221366225529442,1.4848053850910186,1.053167804854919
2019-08-07,108.02999877929688,19.489999771118164,2.02,42.85714285714285,-0.0219728837933362,0.270050925325568,0.2035570337295718,0.1845273458131024,0.0216606161652487,0.5291830661457521,0.9474851334554084,-0.6800003051757812,-0.6170848391496742,-0.0149415676850606,-2.9999999999999805,-6.000000000000005,0.6497060668010426,1.3266597590743738,0.957471201757188
2019-08-08,109.86000061035156,16.90999984741211,2.02,42.85714285714285,0.0167978784409701,0.31605028118885,0.2139805964323781,0.1878002234270956,0.0123793974403401,-0.4628483691243072,0.9648086172693704,-2.5799999237060547,-0.6601595355273666,0.0433385250961265,0.0,-4.999999999999982,0.7543077317051854,1.477004394128454,0.7902585621942586
2019-08-09,109.73999786376952,17.969999313354492,2.0,42.85714285714285,-0.001092921305655,0.3150397050413133,0.2103207030997723,0.1878046382692332,0.0196828510548748,-0.0884022482771011,0.9655152006252672,1.0599994659423828,-0.6624010727044963,0.0011584960003113,-2.0000000000000018,-6.000000000000005,0.7236543926752459,1.497901539877718,0.8544094351391481
2019-08-12,107.68000030517578,21.09000015258789,2.0,42.85714285714285,-0.018950043434024,0.2663240773344129,0.2132748566886276,0.1834739205630207,0.0120728366277255,-0.0606239956143224,0.950425141944808,3.1200008392333984,-0.6873298243450086,0.0591241514176644,0.0,-4.999999999999982,0.6034302136109346,1.2487364027314058,0.9888648141669324
2019-08-13,109.33999633789062,17.520000457763672,2.0,42.85714285714285,0.0152983912434754,0.2905117489261503,0.2199043167789595,0.1853946264531261,0.0301811154406835,0.2552054424323862,0.9669301133392414,-3.5699996948242188,-0.7266053458481024,0.0546152520705089,0.0,-4.999999999999982,0.7527713467676447,1.3210825198041156,0.7967101653295053
2019-08-14,104.8000030517578,22.100000381469727,1.96,42.85714285714285,-0.0424084589672243,0.3961237197987262,0.2555335665557433,0.2036699279299542,0.0234733458228264,0.4747491700594671,0.9308266849700284,4.579999923706055,-0.7803042280583927,0.1942307388343789,-4.000000000000004,-6.000000000000005,0.5611796277387763,1.5501827221290472,0.8648570393059782
2019-08-15,105.1999969482422,21.18000030517578,1.91,42.85714285714285,0.0038094702877367,0.3577576645772355,0.2562872106624402,0.202039382000278,0.019391644246254,-0.3773096223474463,0.9378661317725506,-0.9200000762939452,-0.7820821837354295,0.0035047129553573,-5.000000000000004,-11.00000000000001,0.5996653043894469,1.395924766017465,0.8264165913870858
2019-08-16,107.72000122070312,18.46999931335449,1.87,42.85714285714285,0.02367200798108,0.4272473625019136,0.2716915451624868,0.2077419779721702,0.0195878257189066,-0.1219948467450194,0.9631739762648228,-2.7100009918212926,-0.7971983331937961,0.0641511651071284,-3.999999999999981,-12.99999999999999,0.7130307535689397,1.5725456684579409,0.6798150197242389
2019-08-19,108.69000244140624,16.8799991607666,1.94,42.85714285714285,0.0089645367616162,0.4101590949181004,0.2734870201088417,0.2082908763761999,0.0122366528768058,-0.3586112682603101,0.9738582690288656,-1.590000152587887,-0.8009005436452468,0.0142536148188495,6.999999999999984,-6.000000000000005,0.7795440434303016,1.499738798407567,0.6172139048518185
2019-08-20,107.30999755859376,17.5,1.94,42.85714285714285,-0.0127779968491315,0.4005563894518908,0.2740600485751976,0.209604774461165,0.011182598126344,0.0130535406408495,0.9643572206200556,0.6200008392333984,-0.7966228295553716,0.0079223687701832,0.0,-6.000000000000005,0.7536080109921292,1.4615643233456723,0.638546190551312
2019-08-21,107.61000061035156,15.800000190734863,1.97,42.85714285714285,0.0027917666961169,0.2079327348001435,0.2641412003692994,0.2091491683347265,0.0091069914633873,-0.0223032434702195,0.9706879221927532,-1.6999998092651367,-0.8065385296488741,0.0047460028509116,3.0000000000000027,1.0000000000000009,0.8247228344051174,0.7872029600434537,0.5981649272678654
2019-08-22,108.72000122070312,16.68000030517578,2.0,42.85714285714285,0.0102621951866557,0.2100695938776404,0.2673088436855445,0.206452835684352,0.0123252053241833,0.1318417875686722,0.9841289131358634,0.880000114440918,-0.7803696515668883,-0.0090307329386721,3.0000000000000027,9.000000000000007,0.7879104463090697,0.7858684770069229,0.6239973236649708
2019-08-23,106.0199966430664,19.8700008392334,1.97,42.85714285714285,-0.025148057174393,0.2431653169375316,0.2770730716202897,0.2114884577462786,0.0346160939931073,0.4574064218954907,0.963713856447115,3.190000534057617,-0.7941633315818751,0.0802223158168252,-3.0000000000000027,9.999999999999986,0.6544655344741033,0.8776216162600369,0.7171393713230969
2019-08-26,106.87000274658205,19.31999969482422,2.01,42.85714285714285,0.0079854443405717,0.2401651117091556,0.2787436922263968,0.2111006433923579,0.0091699794362583,-0.5867846133209494,0.9753879193496104,-0.5500011444091797,-0.7925772696361036,0.0043920035259302,3.999999999999981,6.999999999999984,0.6774733219152724,0.8615983730103298,0.6931098436886756
2019-08-27,105.73999786376952,20.309999465942383,1.98,42.85714285714285,-0.0106299376323882,0.2353029802697231,0.2796632283223043,0.2120662092242979,0.0257234847328771,0.5571888242889013,0.9693337065584964,0.989999771118164,-0.7937542168975186,0.0105236358230646,-2.9999999999999805,4.000000000000004,0.6360594002675984,0.8413797612267522,0.7262306019916088
2019-08-28,106.8000030517578,19.350000381469727,1.99,42.85714285714285,0.0099747244959727,0.2513213289401318,0.2839914015279683,0.2119875439461597,0.0203183343346318,-0.3029957044319891,0.9828221139732312,-0.9599990844726562,-0.7986056380912979,0.0095757263840007,1.0000000000000009,2.0000000000000018,0.6762183255785458,0.8849610501865174,0.6813586706273598
2019-08-29,109.22000122070312,17.8799991607666,1.99,42.85714285714285,0.0224062527999553,0.297674773670084,0.2973143604217308,0.2156081587835404,0.0171214312917217,-0.0566800713292631,1.008087140761856,-1.470001220703125,-0.8203523790384847,0.0329372189673172,0.0,-1.0000000000000009,0.7377117896703855,1.0012122295332186,0.6013836376892256
2019-08-30,109.86000061035156,18.979999542236328,1.99,42.85714285714285,0.0058426255696351,0.1877055429160802,0.2855496324557767,0.2157105156507306,0.009921685161432,0.016666639352875,1.01536877720436,1.1000003814697266,-0.808854838295582,-0.0064268903553834,0.0,2.0000000000000018,0.6916962945767393,0.6573482210492786,0.6646830317729712
2019-09-03,108.55999755859376,19.65999984741211,1.98,42.85714285714285,-0.011903840432586,0.230198760994088,0.2878335315505622,0.2083761332094943,0.0153831817105922,-0.0300934426437054,1.0052871111731574,0.6800003051757812,-0.8075142680598972,0.0080946151269222,-1.0000000000000009,-2.9999999999999805,0.6632503492538055,0.7997635291274261,0.6830336876146251
2019-09-04,109.87000274658205,17.329999923706055,1.97,42.85714285714285,0.0119948806736507,0.1988512247200967,0.272205514264826,0.2096698155230926,0.0151087978575753,-0.3536338990841152,1.017283442745891,-2.3299999237060547,-0.7935347548590754,0.0279480710544695,-1.0000000000000009,-1.0000000000000009,0.7607194973228626,0.7305187231682473,0.6366513173148239
2019-09-05,112.37000274658205,16.270000457763672,1.97,42.85714285714285,0.0224991486508571,0.2260438165427498,0.2820043455525539,0.2144276768056421,0.0224259518631859,0.6463419267544025,1.0395417004583778,-1.0599994659423828,-0.8174262027663024,0.0238490855540669,0.0,-2.0000000000000018,0.80506166396754,0.801561465657006,0.5769414803124593
2019-09-06,112.61000061035156,15.0,1.96,42.85714285714285,0.002133504766864,0.2013652400841071,0.2695328860980549,0.2132185476184653,0.0090578480324346,-0.5232812263476578,1.0396642949686483,-1.270000457763672,-0.8675860421084869,0.0027095520305583,-1.0000000000000009,-3.0000000000000027,0.8581886453919196,0.7470896891255463,0.5565183609744402
2019-09-09,115.4000015258789,15.270000457763672,1.96,42.85714285714285,0.0244738401675382,0.2395987987282263,0.2760830391856282,0.2176225353842253,0.0213171494969261,0.5791874103173773,1.0628341484274304,0.2700004577636719,-0.8125039242126145,-0.0066079480484702,0.0,-3.0000000000000027,0.8468939177274561,0.8678504823584211,0.5530944784875639
2019-09-10,116.87000274658205,15.199999809265137,1.95,42.85714285714285,0.012657862149718,0.1432550171142116,0.2780293666189845,0.218885726562505,0.0131769765546433,0.0245790706764089,1.0730175175535517,-0.0700006484985351,-0.8067733621891492,0.0008860585590853,-1.0000000000000009,-3.0000000000000027,0.8498222026188056,0.5152513882122763,0.5467048317271981
2019-09-11,117.19000244140624,14.609999656677246,1.96,42.85714285714285,0.0027343406571615,0.167514444118038,0.266363848452548,0.2171367329502945,0.0155303324251932,-0.3680992749396846,1.0715004282173173,-0.5900001525878906,-0.7859735308663979,0.0016132614049525,1.0000000000000009,-1.0000000000000009,0.8745032387202515,0.628893316759088,0.5484978438911531
2019-09-12,117.91000366210938,14.220000267028809,1.95,42.85714285714285,0.0061250825436957,0.1475431571718111,0.2633526915320207,0.2173527288856661,0.0216266896154566,0.2137846255127203,1.0740758657091944,-0.3899993896484375,-0.7992730880373746,0.0023887784535876,-1.0000000000000009,-2.0000000000000018,0.8908177921542373,0.5602492851449427,0.5399603164982204
2019-09-13,120.2300033569336,13.739999771118164,1.96,42.85714285714285,0.0194849502606535,0.1434039219030801,0.2087452491955723,0.2204075793104211,0.0137237085570101,0.2802789891730128,1.0879277348668832,-0.4800004959106445,-0.6527805194365685,0.0093527857879079,1.0000000000000009,0.0,0.910897294704057,0.6869805298837041,0.6582185618147999
2019-09-16,119.16000366210938,14.670000076293944,1.99,42.85714285714285,-0.0089394443299606,0.170084659278077,0.2154122496827548,0.2209569925532838,0.0125042417537108,-0.3041377003597519,1.0717984729603938,0.9300003051757796,-0.6772060717900963,0.0083136859549653,3.0000000000000027,3.0000000000000027,0.8719932859411443,0.7895774707732109,0.6810197701337302
2019-09-17,118.56999969482422,14.4399995803833,1.99,42.85714285714285,-0.0049636576816115,0.1752494693762903,0.2084275087471863,0.2199132703380667,0.0115543792705419,-0.1108514952780869,1.061558321332206,-0.2300004959106427,-0.6274188579239967,-0.0011416437283013,0.0,4.000000000000004,0.8816147250509849,0.8408173682527693,0.6928068020953223
2019-09-18,119.76000213623048,13.949999809265137,1.95,42.85714285714285,0.0099862570527922,0.1822698272760005,0.2087287790726864,0.2199583346832666,0.0194555927646379,-0.006523082800106,1.0671758720245863,-0.489999771118164,-0.6323942864994355,0.0048932636701953,-4.000000000000004,-1.0000000000000009,0.9021125198187008,0.8732376440171098,0.6683314045739364
2019-09-19,119.37999725341795,14.050000190734863,1.93,42.85714285714285,-0.0031780982155186,0.1883886833946473,0.2011593079334804,0.2201310312632217,0.0104707658632837,-0.1281666990208876,1.0583690418477818,0.1000003814697265,-0.6244318012006387,0.0003178110339001,-2.0000000000000018,-2.0000000000000018,0.8979292784849707,0.9365148713722156,0.698451408243109
2019-09-20,118.9000015258789,15.31999969482422,1.91,42.85714285714285,-0.0040288432034178,0.1138825990910129,0.2035089137300911,0.2197830747333505,0.0123632764713516,0.8459296522671068,1.0491132414527724,1.2699995040893572,-0.6756892194076184,0.0051166288703944,-2.0000000000000018,-5.000000000000004,0.8448023369549371,0.5595951401030653,0.7527925639238957
2019-09-23,118.87999725341795,14.90999984741211,1.94,42.85714285714285,-0.0001682586644027,0.0970867556982345,0.203157044431134,0.2191321650735727,0.0121130759982824,-0.8726624256999509,1.044477974507282,-0.4099998474121111,-0.6980637929900972,-6.89860267308795e-05,3.0000000000000027,-5.000000000000004,0.8619535546134074,0.4778901758986011,0.7339149813466738
2019-09-24,117.33000183105467,17.049999237060547,1.92,42.85714285714285,-0.0131240648240741,0.1319165723343897,0.1846582619253308,0.2202091678321975,0.0189210021823723,0.2471655150741331,1.0260048018407533,2.139999389648437,-0.6253327080308979,0.0280854907132252,-2.0000000000000018,-7.000000000000006,0.7724325570995683,0.7143821833855022,0.9233271806681984
2019-09-25,118.0,15.960000038146973,1.89,42.85714285714285,0.0056941314241094,0.1085942849512426,0.1843347266200897,0.2201230376896374,0.010508456472623,-0.2197082583366406,1.027103417404626,-1.0899991989135742,-0.614693829459462,0.0062065986907879,-3.0000000000000027,-6.000000000000005,0.8180296801866263,0.5891146337014042,0.8658162425922178
2019-09-26,117.02999877929688,16.06999969482422,1.83,42.85714285714285,-0.0082543227096754,0.1150229045701718,0.1820115950923699,0.2209148932429192,0.0093993515764283,0.052872552379543,1.01391556978895,0.1099996566772461,-0.5810279323057386,0.0009079726641674,-5.999999999999983,-9.999999999999986,0.813428146635,0.6319537198264664,0.8829107665733479
2019-09-27,117.72000122070312,17.219999313354492,1.8,42.85714285714285,0.00587863197883,0.1345801162371092,0.1811038210632926,0.2149075581319257,0.0115528423058866,0.0306981881394226,1.0153194087061053,1.1499996185302734,-0.5467669759363661,-0.0067604245331344,-3.0000000000000027,-10.999999999999988,0.7653210707688348,0.7431103079270525,0.9508357809488954
2019-09-30,117.69000244140624,16.239999771118164,1.88,42.85714285714285,-0.0002548641008674,0.134507450454842,0.1697435976103201,0.2124840368326605,0.013170153710677,-0.0453721598589354,1.0115418256494653,-0.979999542236328,-0.4668870461685782,-0.0002497667021825,7.999999999999985,-6.000000000000005,0.8063166603042665,0.792415456891814,0.9567371022970944
2019-10-01,115.5500030517578,18.559999465942383,1.82,42.85714285714285,-0.0183507065028503,0.1636671397132076,0.18558827455719,0.215815127474366,0.0310687688712788,0.142614820886472,0.9908411004100371,2.3199996948242188,-0.5925125781992855,0.0425736334864215,-5.999999999999983,-9.999999999999986,0.7092658443474518,0.8818829751163656,1.0000631510921782
2019-10-02,113.25,20.559999465942383,1.79,42.85714285714285,-0.0201055987679582,0.1785643347714919,0.1954675501894172,0.2189274754101417,0.0173951542666942,0.109222279593511,0.9692623589134776,2.0,-0.645015284282112,0.0402111975359164,-3.0000000000000027,-9.999999999999986,0.6256013368276194,0.9135241864875,1.0518369645508312
2019-10-03,112.19000244140624,19.1200008392334,1.7,12.499999999999996,-0.0094038800449169,0.1787657026458676,0.1957556867096617,0.2194049870965938,0.0213032085482947,0.0147527385037315,0.959283231627075,-1.4399986267089844,-0.5378536174320777,-0.0135415743504164,-9.000000000000007,-13.00000000000001,0.6858397247940404,0.913208222201008,0.9767277344842372
2019-10-04,114.62000274658205,17.040000915527344,1.71,12.499999999999996,0.0214284487678671,0.2687232232939569,0.1943034477885477,0.2233298210180592,0.0232944140146554,-0.2980270830192157,0.9791639668576828,-2.0799999237060547,-0.5765611908621152,0.0445711718023028,1.0000000000000009,-9.000000000000007,0.7860029379804169,1.3830080029583267,0.8769788240747668
2019-10-07,114.37000274658205,17.860000610351562,1.75,12.499999999999996,-0.0021835022780867,0.2667668669388401,0.1945458061202059,0.2232319116446961,0.0125032811999168,-0.3336053342586157,0.9763292796272433,0.8199996948242188,-0.5907410964775167,0.001790471201679,4.000000000000004,-12.99999999999999,0.7511167547607556,1.3712290810011618,0.9180357555133434
2019-10-08,111.81999969482422,20.280000686645508,1.72,12.499999999999996,-0.0225483979386777,0.2805913827853299,0.1904093273287904,0.2277329239575178,0.0125200670748096,0.467391901609797,0.9559521442458396,2.4200000762939453,-0.7236071797955649,0.0545671247319063,-3.0000000000000027,-10.000000000000009,0.64815992857403,1.4736220474158663,1.0650739105667288
2019-10-09,112.62999725341795,18.63999938964844,1.69,12.499999999999996,0.007217652804392,0.2640704827698501,0.1861983453277692,0.2273827042952295,0.0096777412222841,-0.3958641944589773,0.9645417220394972,-1.6400012969970668,-0.7445923694546859,0.0118369599604775,-3.0000000000000027,-10.000000000000009,0.7179323761598632,1.4182214256791634,1.0010829772324783
2019-10-10,114.20999908447266,17.56999969482422,1.68,12.499999999999996,0.0139307653726192,0.2697321941408745,0.1934997209735326,0.2281486657368711,0.0210139352518845,0.413093662335799,0.979262600583397,-1.0699996948242223,-0.7546533687551944,0.0149059146973704,-1.0000000000000009,-2.0000000000000018,0.7634545948072999,1.393966837697762,0.9080116294962248
2019-10-11,116.13999938964844,15.579999923706056,1.68,12.499999999999996,0.0167575036422542,0.2516825033611625,0.201912107535871,0.2292769715990442,0.0182537896360315,0.3157784748831909,0.9965310434507394,-1.9899997711181625,-0.7779823605724855,0.0333474284125978,0.0,-3.0000000000000027,0.8481174270748101,1.2464953510351002,0.7716228666940226
2019-10-14,116.4499969482422,14.56999969482422,1.68,12.499999999999996,0.0026656154351613,0.2481637638430892,0.1886776620949175,0.2283668023859107,0.0103907180436464,-0.5407747342066954,1.0007365730571356,-1.010000228881836,-0.8040244643670658,0.0026922721996239,0.0,-7.000000000000006,0.8910870199406037,1.3152789847387778,0.7722164634144414
2019-10-15,119.95999908447266,13.539999961853027,1.67,12.499999999999996,0.0296963761251134,0.1642913773259713,0.2151496745310271,0.2349056864654986,0.0310102835920251,0.9794756775854618,1.0305631025614688,-1.0299997329711932,-0.7625053375270543,0.0305872594790789,-1.0000000000000009,-5.000000000000004,0.9349074745425264,0.7636143428247602,0.6293293257992076
2019-10-16,119.68000030517578,13.68000030517578,1.66,12.499999999999996,-0.0023368294727713,0.1995547885093263,0.2145285962565631,0.2347535600705776,0.0103610084391891,-0.74600179772507,1.027690999638955,0.1400003433227521,-0.7685088922562774,0.0003271569284747,-1.0000000000000009,-3.0000000000000027,0.9289512800966006,0.9302013437438008,0.6376772394863076
2019-10-17,120.3499984741211,13.789999961853027,1.66,12.499999999999996,0.0055826347743044,0.2036019092532354,0.2125941512999309,0.2339580431805435,0.0140423968660844,-0.0245787541591162,1.0331950070028464,0.1099996566772478,-0.7639532889459445,-0.0006140879085279,0.0,-2.0000000000000018,0.9242714391147512,0.9577023074637216,0.648653778927243
2019-10-18,120.55999755859376,14.25,1.66,12.499999999999996,0.0017433825172877,0.2023025424439129,0.2122822404438914,0.2336994615102192,0.00962173238392,-0.0377801466090102,1.0344987994411237,0.4600000381469726,-0.7607127917580844,-0.0008019560244571,0.0,-2.0000000000000018,0.9047011323047144,0.9529885402607844,0.6712761260764267
2019-10-21,123.5500030517578,14.0,1.67,12.499999999999996,0.0244984230675175,0.2274497068545948,0.2271484459202057,0.2359511274233864,0.0144071123863202,0.1992734544361011,1.0581448708940495,-0.25,-0.7213857989572102,0.0061246057668793,1.0000000000000009,-1.0000000000000009,0.9153371677324896,1.0013262733679231,0.6163370364822138
2019-10-22,124.79000091552734,14.460000038146973,1.65,12.499999999999996,0.009986374721099,0.164193233853428,0.2287428299050569,0.2365668452160212,0.0158666216284375,-0.0131019896135663,1.0661949931617791,0.4600000381469726,-0.7076660476525978,-0.0045937327526555,-2.0000000000000018,-2.0000000000000018,0.895766860922453,0.7178071283002788,0.632150963776605
2019-10-23,125.12000274658205,14.010000228881836,1.65,12.499999999999996,0.0026409668922765,0.1476175873537883,0.2217519856137628,0.2355864204321161,0.0078325074761904,-0.3516864792597264,1.0656370856002606,-0.4499998092651367,-0.6833775633063505,0.0011884345977999,0.0,-1.0000000000000009,0.9149117165777976,0.6656877815331118,0.6317869123067874
2019-10-24,125.02999877929688,13.710000038146973,1.67,12.499999999999996,-0.0007196000049571,0.1625402975870345,0.2219053984190438,0.2355300207874069,0.0127169797873215,-0.0959617065243864,1.0618430658007454,-0.3000001907348633,-0.6826460425529929,-0.0002158801387399,2.0000000000000018,1.0000000000000009,0.9276749672057788,0.7324756348653363,0.6178308475514035
2019-10-25,126.02999877929688,12.649999618530272,1.66,12.499999999999996,0.0079662654199599,0.1541282728597653,0.2188580907294528,0.2357494498567189,0.0150757878622706,0.1213936296288696,1.0664541655572983,-1.060000419616701,-0.6889520909840031,0.0084442446879356,-1.0000000000000009,0.0,0.9727717752717786,0.7042384055625115,0.5780000902122416
2019-10-28,126.51000213623048,13.109999656677246,1.65,12.499999999999996,0.0038014091488541,0.0678285791129751,0.2186952218504794,0.2356860836698395,0.0064026365102856,0.0502315208388761,1.0667376176359278,0.4600000381469744,-0.7111585583545077,-0.0017486483534851,-1.0000000000000009,-2.0000000000000018,0.9532014684617418,0.310151170835132,0.5994643845323915
2019-10-29,126.43000030517578,13.199999809265137,1.63,12.499999999999996,-0.0006325755748418,0.0570768135348538,0.2187792902487737,0.2356821731753768,0.0117060485957975,0.0284809229700314,1.0623349500540609,0.0900001525878906,-0.7282556382628247,5.693189825914045e-05,-2.0000000000000018,-2.0000000000000018,0.9493724892160218,0.2608876437525319,0.6033477754798193
2019-10-30,125.7300033569336,12.329999923706056,1.62,12.499999999999996,-0.0055520204329658,0.081303333643912,0.2069088240469704,0.2291337898522322,0.0106577899587024,-0.1404302068091284,1.0521674587732548,-0.8699998855590803,-0.6475589062625695,-0.0048302571413019,-0.9999999999999788,-2.9999999999999805,0.9863858876358892,0.3929428047276289,0.5959146489038581
2019-10-31,124.91999816894533,13.220000267028809,1.54,12.499999999999996,-0.0064632595475735,0.0974557614201942,0.1917037738878918,0.2296903835190932,0.0149696027376896,0.3083883704838243,1.0405499039779198,0.8900003433227521,-0.5887056768670283,0.0057523032163245,-8.000000000000007,-12.99999999999999,0.9485215869066372,0.5083664209823344,0.6896056347205691
2019-11-01,127.8000030517578,12.300000190734863,1.52,12.499999999999996,0.0227930480655439,0.1891784189171258,0.194347114843739,0.2242541492107736,0.0154147196687098,0.0080355541802614,1.0579887488642037,-0.9200000762939452,-0.6923487319731154,0.0209696059592719,-2.0000000000000018,-13.99999999999999,0.9876622005267108,0.9734048229593272,0.6328882319979093
2019-11-04,128.82000732421875,12.829999923706056,1.53,12.499999999999996,0.0079495721523636,0.1928333655892333,0.1864926969021181,0.2242670990509475,0.0066759863488214,-0.2432652937716133,1.0604963519147983,0.5299997329711932,-0.6413751396760424,-0.0042132711179879,1.0000000000000009,-11.99999999999999,0.9651138167803386,1.0339995549018373,0.687962592467627
2019-11-05,129.10000610351562,13.100000381469728,1.56,12.499999999999996,0.0021712071550542,0.189944585617906,0.1848165294970844,0.2187122102111715,0.0113091142125626,0.4060290018273241,1.0566995688981593,0.2700004577636719,-0.6329606655519627,-0.0005862269257643,3.0000000000000027,-6.999999999999984,0.9536268790431788,1.027746739616721,0.7088110796754459
2019-11-06,129.3000030517578,12.619999885559082,1.56,12.499999999999996,0.001547964249939,0.1729555198495805,0.1546921248418959,0.2168720687451459,0.0097447368685024,-0.2021775475553131,1.051174765072209,-0.4800004959106463,-0.4359130292001803,0.0007430236076226,0.0,-6.000000000000005,0.9740480881626,1.118062862129218,0.8158139852599109
2019-11-07,130.0,12.729999542236328,1.56,12.499999999999996,0.0053991410756223,0.1377521807052936,0.1547757506411666,0.2168131011962073,0.0105384239783653,0.1861414221967073,1.0498061821114175,0.1099996566772461,-0.4674892863572019,-0.0005939036646704,0.0,2.0000000000000018,0.9693682471807508,0.8900113883127557,0.8224802328208157
2019-11-08,130.3800048828125,12.06999969482422,1.55,12.499999999999996,0.0029188504914353,0.0420618501545357,0.1531018222629899,0.2123064772302202,0.0088203240789721,-0.3755236672649672,1.046368477630924,-0.6599998474121076,-0.4307528805736358,0.001926440878966,-1.0000000000000009,3.0000000000000027,0.9974473742183568,0.2747312183017925,0.788364208630452
2019-11-11,129.9199981689453,12.6899995803833,1.55,12.499999999999996,-0.003534438627359,0.0519352050861904,0.1517781038529597,0.2112238431651073,0.0057727833325914,-0.0683981561375233,1.0372144240642651,0.6199998855590803,-0.4006365660788499,0.0021913515444782,0.0,2.0000000000000018,0.9710700112262648,0.3421785077543496,0.8360889521111143
2019-11-12,129.16000366210938,12.68000030517578,1.59,12.499999999999996,-0.0058668880763066,0.0740065666124741,0.156477157535021,0.1911705683302224,0.0124651638642208,0.0472582027124459,1.026188565953314,-0.0099992752075213,-0.4395254806225468,-5.866462848671528e-05,4.000000000000004,3.0000000000000027,0.9714954218077018,0.4729544412634849,0.8103419377577764
2019-11-13,128.47999572753906,13.0,1.57,12.499999999999996,-0.0052787572987999,0.0810817118246154,0.1316750337461348,0.1919380593314494,0.0108967092296792,-0.1258147088055444,1.0175059710759444,0.3199996948242205,-0.3220411786649269,0.0016892007246671,-2.0000000000000018,1.0000000000000009,0.9578813094435912,0.6157713388624478,0.9872790330977684
2019-11-14,128.60000610351562,13.050000190734863,1.57,12.499999999999996,0.000933642320207,0.0618504831377975,0.1304024189313036,0.1874015170126008,0.0097200617470719,0.0557615042747034,1.015041868817555,0.0500001907348632,-0.3172892046288895,-4.6682294088493925e-05,0.0,1.0000000000000009,0.9557540942433848,0.4743047226016608,1.000748321824432
2019-11-15,129.52999877929688,12.050000190734863,1.57,12.499999999999996,0.0072056458533096,0.086590503625974,0.1308614728703204,0.1871997260545916,0.0087238855358741,0.1807013972549837,1.0188668423736034,-1.0,-0.3358759386225083,0.0072056458533096,0.0,2.0000000000000018,0.9982982359544862,0.6616959272022139,0.920821073340358
2019-11-18,130.6199951171875,12.460000038146973,1.57,12.499999999999996,0.0083798019746279,0.1063488286383458,0.1317550398424945,0.1848181406591815,0.0127085321189227,-0.1498390129293442,1.023583623726973,0.4099998474121094,-0.3001052384171607,-0.0034357175309411,0.0,2.0000000000000018,0.9808551443446556,0.8071708586288587,0.9456943774630688
2019-11-19,130.5800018310547,12.859999656677246,1.57,12.499999999999996,-0.0003062273117351,0.0894702185304636,0.1086958552063798,0.1849443313634841,0.0081942664206968,0.0085582468211308,1.02059289088093,0.3999996185302734,-0.3320819078277437,0.0001224908078775,0.0,-2.0000000000000018,0.963837503889517,0.8231244729671368,1.1831177584701895
2019-11-20,129.6300048828125,12.779999732971191,1.57,12.499999999999996,-0.0073018035017076,0.100569365878454,0.1104479660444991,0.1855037305467646,0.012959905982415,0.2891088969906245,1.0113460573862976,-0.0799999237060546,-0.38256191176801,-0.0005841437230532,0.0,0.0,0.9672410319805448,0.9105587860072948,1.1571059378152937
2019-11-21,129.92999267578125,13.130000114440918,1.58,12.499999999999996,0.0023115112448918,0.1003123196933747,0.1104227030845968,0.1766095402195661,0.0102362957440741,-0.4247064813878126,1.0118782952091043,0.3500003814697265,-0.3755557752068157,-0.0008090298174837,1.0000000000000009,1.0000000000000009,0.9523505661523572,0.9084392692010412,1.189067080198334
2019-11-22,130.7899932861328,12.34000015258789,1.58,12.499999999999996,0.0065971446437294,0.0984201752883174,0.1112281535361611,0.1764793178633275,0.0085633089279028,0.0582774782950057,1.016404728386021,-0.7899999618530273,-0.4084774066314903,0.0052117440168851,0.0,1.0000000000000009,0.985960436481197,0.8848494932204397,1.109431358902857
2019-11-25,131.49000549316406,11.869999885559082,1.61,12.499999999999996,0.0053379127072389,0.0876535883514316,0.1098590654895503,0.17426671054872,0.0091262617453737,0.2091999004480219,1.0197842061847544,-0.4700002670288086,-0.3815480128642764,0.0025088203977787,3.0000000000000027,4.000000000000004,1.0,0.797873056363921,1.080475228208467
2019-11-26,131.6699981689453,11.539999961853027,1.6,12.499999999999996,0.0013679335867456,0.0864855144473421,0.1096850349237433,0.1738083885049476,0.0110883780221053,0.0410774120647772,1.0192378361810213,-0.3299999237060547,-0.398188795655134,0.000451417979261,-1.0000000000000009,3.0000000000000027,1.0,0.7884896468097922,1.0521034131844895
2019-11-27,132.05999755859375,11.75,1.62,12.499999999999996,0.0029575678174666,0.0345911378497474,0.1093435721380838,0.1694263788132209,0.0059063970446523,-0.4622232474688438,1.0201396834976215,0.2100000381469726,-0.3886914473359028,-0.0006210893544902,2.0000000000000018,5.000000000000004,0.9912408739815852,0.3163527327062653,1.0745944887516192
2019-11-29,131.75999450683594,12.619999885559082,1.59,12.499999999999996,-0.0022743021006229,0.0553810221613939,0.1070279723425241,0.1696531932320917,0.0072860257581247,-0.1456966778949732,1.0155695552150428,0.869999885559082,-0.5316223279217677,0.0019786425672687,-3.0000000000000027,1.0000000000000009,0.9549530775561148,0.5174443741133088,1.1791309887821662
2019-12-02,131.47000122070312,14.90999984741211,1.6,12.499999999999996,-0.0022033461851589,0.0525063072888746,0.103631324145257,0.1673092815481569,0.0105727494998269,0.4110052884837797,1.0109040763620514,2.289999961853028,-0.4527068240305875,0.005045662679963,1.0000000000000009,2.0000000000000018,0.8594369127733388,0.5066644445773758,1.438754157624503
2019-12-03,129.77999877929688,15.960000038146973,1.57,12.499999999999996,-0.012937998206464,0.0984242057597379,0.087908036944056,0.1693040761123749,0.0105564061401047,0.1845031980634704,0.9971863022394684,1.0500001907348633,-0.4297344048340471,0.0135849005845145,-3.0000000000000027,-4.000000000000004,0.8156412826812653,1.1196269326588917,1.815533663697187
2019-12-04,132.33999633789062,14.800000190734863,1.55,12.499999999999996,0.0195336411248558,0.1882613998316679,0.1069814201358316,0.1679892667007375,0.0187395783297978,-0.0041683853484617,1.0155485209018351,-1.1599998474121094,-0.5863301532787214,0.0226590207242356,-2.0000000000000018,-5.000000000000004,0.8640250112485592,1.759757905556284,1.383417809554563
2019-12-05,133.05999755859375,14.520000457763672,1.54,12.499999999999996,0.0054257950536441,0.1906659274057737,0.1079116297898894,0.1680814092969438,0.0084924462914926,-0.0734595898448109,1.01959824165833,-0.2799997329711914,-0.5943416395554446,0.0015192211661767,-1.0000000000000009,-8.000000000000007,0.8757038326804899,1.7668709830164928,1.345545469569407
2019-12-06,135.0399932861328,13.619999885559082,1.53,12.499999999999996,0.0147708451644466,0.2070548917757957,0.1173859532503516,0.1640319347539142,0.008367927569562,0.0590514689790977,1.0326075839397588,-0.9000005722045898,-0.6394603389285213,0.0132937690999473,-1.0000000000000009,-6.000000000000005,0.9132429612356386,1.7638813336907968,1.160275101784232
2019-12-09,134.41000366210938,15.859999656677246,1.54,12.499999999999996,-0.0046761238011603,0.213069558970282,0.1189618454788428,0.1633287139353521,0.0078119412480442,-0.1796468290052814,1.0261424712595073,2.239999771118164,-0.6410656574590762,0.0104745162443194,1.0000000000000009,-6.000000000000005,0.8198123102244597,1.7910747610936824,1.3332005394534598
2019-12-10,134.5,15.68000030517578,1.56,12.499999999999996,0.0006693417130268,0.158001347418268,0.118900104707072,0.163354474792865,0.0140520400717355,-0.1205742825333012,1.025293857232055,-0.1799993515014666,-0.6415607137593634,0.0001204810742777,2.0000000000000018,-1.0000000000000009,0.8273201041131961,1.3288579333679114,1.3187541208484022
2019-12-11,134.17999267578125,14.989999771118164,1.57,12.499999999999996,-0.0023820714921789,0.1223147419378895,0.1183533270366362,0.1634069111624045,0.0075272754565241,0.1792658323606345,1.0212751625499226,-0.6900005340576154,-0.5949369526086953,-0.0016436306017669,1.0000000000000009,2.0000000000000018,0.8561001066499301,1.033471090339751,1.2665465472278628
2019-12-12,138.02000427246094,13.9399995803833,1.56,12.499999999999996,0.0282165055981161,0.2208850170829424,0.146931935735755,0.1680600231291587,0.030865051260442,0.4201191737739284,1.0471397931751976,-1.0500001907348633,-0.6317932466409245,0.0296273362598932,-1.0000000000000009,2.0000000000000018,0.8998957367420035,1.5033152321642709,0.948738578211699
2019-12-13,136.80999755859375,12.630000114440918,1.57,12.499999999999996,-0.0088055490610407,0.2338167717742172,0.1499606356355445,0.1680241916645296,0.0190775576122186,-0.2585566597286399,1.034845305352183,-1.3099994659423828,-0.495995798301019,-0.0115352645672927,1.0000000000000009,4.000000000000004,0.954535966846222,1.559187654702076,0.842221030933486
2019-12-16,137.33999633789062,12.140000343322754,1.57,12.499999999999996,0.0038664924411893,0.2247481499337994,0.1497976152135178,0.1674226504051005,0.0110673442129146,0.0710457535510545,1.035594112907392,-0.489999771118164,-0.4950752372923935,0.0018945804112129,0.0,3.0000000000000027,0.9749739142965675,1.50034531333125,0.8104268099341032
2019-12-17,138.17999267578125,12.289999961853027,1.56,12.499999999999996,0.0060975535277558,0.2224965898820196,0.1494666588861846,0.1668798678209797,0.0104212079731759,0.0152541485148121,1.0387018785161992,0.1499996185302734,-0.4836229014573541,-0.0009146307031313,-1.0000000000000009,0.0,0.9687174127596428,1.4886034888318844,0.8222569537204667
2019-12-18,138.0399932861328,12.579999923706056,1.56,12.499999999999996,-0.0010136804630476,0.2196760944007278,0.1488092297997673,0.1666485999060973,0.0094175826933223,-0.1063829663356747,1.03490078986956,0.2899999618530291,-0.5047357357776834,0.0002939672956149,0.0,-1.0000000000000009,0.9566214806178192,1.4762262710203968,0.8453776651242183
2019-12-19,137.35000610351562,12.5,1.57,12.499999999999996,-0.0050109926137237,0.0975569808711267,0.1508576925390681,0.1668118262370982,0.0081543142877139,-0.104606252833702,1.0272451053039051,-0.0799999237060564,-0.4907757306672036,-0.0004008790267895,1.0000000000000009,1.0000000000000009,0.959958286741228,0.6466821759577299,0.8285954656745682
2019-12-20,137.24000549316406,12.510000228881836,1.58,12.499999999999996,-0.0008011989627462,0.0696218935651203,0.1472232748168021,0.1668545305844242,0.0144273601506577,0.9602817244523806,1.0236480558568395,0.0100002288818359,-0.50693386792538,8.012173007351631e-06,1.0000000000000009,1.0000000000000009,0.9595411760313352,0.4729000468964883,0.8497297892910411
2019-12-23,137.1999969482422,12.609999656677246,1.59,12.499999999999996,-0.0002915649675659,0.0634169460485282,0.1475892017729717,0.1639886512538903,0.0075072798994699,-0.9196240144733197,1.020713979524703,0.0999994277954101,-0.5085262957408105,2.915632992177784e-05,1.0000000000000009,2.0000000000000018,0.9553701882660076,0.4296855412639128,0.8543985268024218
2019-12-24,137.5800018310547,12.670000076293944,1.58,12.499999999999996,0.0027658863582341,0.0439980634023754,0.146874375428833,0.1638601437914889,0.004143097228031,-1.0748177074849972,1.0210848713741696,0.0600004196166974,-0.5012195180708362,-0.0001659543421061,-1.0000000000000009,2.0000000000000018,0.9401165807475342,0.2995625565992238,0.8626419713650527
2019-12-26,139.0399932861328,12.649999618530272,1.58,12.499999999999996,0.0105560338228875,0.0920504446138117,0.1492776666339917,0.1631890898718174,0.0094937240215646,0.7113748918989672,1.029174429458123,-0.0200004577636718,-0.4907678333998053,0.0002111255086265,0.0,2.0000000000000018,0.93973942944904,0.6166390906920235,0.8474140776561255
2019-12-27,139.13999938964844,13.43000030517578,1.57,12.499999999999996,0.0007190028791215,0.073945609552802,0.149365262216101,0.1631114065900034,0.0079057503833614,0.1501953020969622,1.0272100323522015,0.7800006866455078,-0.4960951355982052,-0.0005608227394148,-1.0000000000000009,0.0,0.8874999808413645,0.4950656428120334,0.8991381333194667
2019-12-30,138.6300048828125,14.81999969482422,1.57,12.499999999999996,-0.0036720673367072,0.0843202669897942,0.1509380582777094,0.1635017759721519,0.0116136518332559,-0.1222189036637721,1.0210865708713204,1.389999389648441,-0.5120755124656332,0.005104171356771,0.0,-1.0000000000000009,0.7641984511808934,0.558641524556081,0.981859702180417
2019-12-31,139.39999389648438,13.779999732971191,1.55,12.499999999999996,0.005538905770048,0.0844298214675755,0.1503723382367444,0.1579468585566218,0.0085366032532965,0.0336928075961215,1.0240139582253076,-1.0399999618530291,-0.5041349869348486,0.0057604617895574,-2.0000000000000018,-4.000000000000004,0.8389647992728216,0.5614717604154709,0.9163919304942988
2020-01-02,141.08999633789062,12.470000267028809,1.54,12.499999999999996,0.0120505041269906,0.1048179900494234,0.1526249086612173,0.1518194275732837,0.013041403674525,0.405585444494793,1.032952499036953,-1.3099994659423828,-0.5451642637374312,0.0157861539706942,-1.0000000000000009,-4.000000000000004,0.933141606641522,0.686768568570211,0.8170357234878721
2020-01-03,138.33999633789062,14.020000457763672,1.52,12.499999999999996,-0.0196835619685923,0.189871806518461,0.1631298301816995,0.1566818301630961,0.0155413759823521,-0.0393528988288046,1.0098055779280557,1.5500001907348633,-0.5875866913418392,0.0305095248056596,-2.0000000000000018,-6.000000000000005,0.8099616506004823,1.1639306330851655,0.85943818136436
2020-01-06,138.22999572753906,13.850000381469728,1.56,12.499999999999996,-0.0007954631327167,0.1893068248122738,0.1520587036227074,0.1524938896274158,0.012804777017788,-0.0123804001169438,1.0069411024612598,-0.1700000762939435,-0.5456997664323717,-0.0001352287932508,4.000000000000004,-1.0000000000000009,0.822988476179737,1.2449588238104905,0.9108324647982506
2020-01-07,135.8800048828125,13.789999961853027,1.54,12.499999999999996,-0.0171467543407947,0.2213468685450371,0.1653155729718582,0.1574077431811049,0.0150131970328686,0.0261964062102695,0.9888552048488648,-0.0600004196167009,-0.4960158664752272,-0.0010288124555121,-2.0000000000000018,-3.0000000000000027,0.8275862094164996,1.3389353741206045,0.8341621853254263
2020-01-08,136.94000244140625,13.449999809265137,1.54,12.499999999999996,0.0077707122940854,0.2278814057879288,0.1596489992201663,0.1490724896937546,0.0144588556465541,-0.0827105433145227,0.9959135018570812,-0.3400001525878906,-0.4691227528487511,0.0026420433657056,0.0,-1.0000000000000009,0.8536398605750093,1.42739013022979,0.8424731676968872
2020-01-09,137.44000244140625,12.539999961853027,1.54,12.499999999999996,0.0036445844781698,0.1973737710780691,0.158740692563629,0.1488538363375402,0.0086583412417616,-0.0236179269999594,0.9985020513006598,-0.9099998474121094,-0.4890013822215523,0.0033165713190151,0.0,0.0,0.9233716486295556,1.243372243692049,0.7899675728595265
2020-01-10,136.07000732421875,12.5600004196167,1.54,12.499999999999996,-0.0100179629697679,0.161484374125895,0.1633244001957479,0.149515138436122,0.0105828056433855,0.0734718602173225,0.9880123954882896,0.0200004577636718,-0.486529063398208,0.0002003638452548,0.0,2.0000000000000018,0.921839046524471,0.9887339180940048,0.7690216773833709
2020-01-13,137.1999969482422,12.31999969482422,1.57,12.499999999999996,0.0082701800190416,0.1819079039439357,0.1650718706412554,0.1472363574889694,0.0104956448501196,0.1925818618690945,0.995178141261225,-0.2400007247924787,-0.5033521074996756,0.0019848491987342,3.0000000000000027,1.0000000000000009,0.9402299063930304,1.1019921397708603,0.7463415569814932
2020-01-14,138.8000030517578,12.390000343322754,1.57,12.499999999999996,0.0115943770107797,0.134333984514083,0.1385242319448513,0.1483203384791047,0.0221180979677997,0.6816238204987889,1.0065125924528031,0.0700006484985333,-0.4046459412317101,-0.000811613909691,0.0,3.0000000000000027,0.9348658721037258,0.9697507983120496,0.89442837324342
2020-01-15,136.72000122070312,12.420000076293944,1.57,12.499999999999996,-0.0150990223236064,0.1851153236013179,0.1452698762895601,0.1422199524353381,0.017919925286398,-0.4049407297466818,0.9914602050216188,0.0299997329711896,-0.5185804110338439,0.0004529666378342,0.0,3.0000000000000027,0.93256704202459,1.2742856835118082,0.8549604634850586
2020-01-16,137.25,12.31999969482422,1.55,12.499999999999996,0.0038690326538147,0.1854248815830739,0.1452707353448877,0.1419787234946719,0.0077231151810109,-0.4127151098359803,0.9953345600006688,-0.100000381469723,-0.5127728968948289,0.0003869047413002,-2.0000000000000018,1.0000000000000009,0.9402299063930304,1.2764090519873534,0.8480716825433054
2020-01-17,138.1999969482422,12.100000381469728,1.56,12.499999999999996,0.0068978088617454,0.1674561515088884,0.1457218818204579,0.1421313308071248,0.0070187118909802,0.3096460109542026,1.0022169975400397,-0.2199993133544922,-0.5302968923268774,0.0015175132132345,1.0000000000000009,2.0000000000000018,0.9570880910780152,1.1491489776065955,0.8303488968374688
2020-01-21,136.83999633789062,12.850000381469728,1.56,12.499999999999996,-0.009889555903962,0.1812375861119077,0.1496947382354914,0.1441712257616125,0.010084806487461,-0.5506647654273463,0.9927657626591404,0.75,-0.5571715882840501,0.0074171669279715,0.0,-1.0000000000000009,0.8996168275501816,1.210714472988321,0.8584136311628281
2020-01-22,136.67999267578125,12.90999984741211,1.55,12.499999999999996,-0.0011699596869502,0.14685440946071,0.1487977375518739,0.136852134484181,0.0074626065871351,-0.1155979026733593,0.991834527574594,0.059999465942381,-0.5645424130900688,7.019695639113194e-05,-1.0000000000000009,-2.0000000000000018,0.8950191673919098,0.9869398008119148,0.8676207084742412
2020-01-23,136.5399932861328,12.979999542236328,1.55,12.499999999999996,-0.001024810841771,0.1011569885954473,0.148810514825471,0.1358790044101663,0.0147942315203416,0.2134879936118217,0.9910583340302486,0.0699996948242187,-0.5647732994568289,7.173644617652505e-05,0.0,-2.0000000000000018,0.8896552061810956,0.679770436343742,0.8722501603774179
2020-01-24,133.14999389648438,14.5600004196167,1.54,12.499999999999996,-0.0251412963981582,0.1937619518502195,0.1720022448884124,0.1458652000459668,0.0308673341341476,0.4841661102474145,0.9678072165671296,1.580000877380371,-0.6608480552100222,0.0397232703675699,-1.0000000000000009,-1.0000000000000009,0.7685823437835818,1.1265082730514584,0.8465006040509873
2020-01-27,132.02999877929688,18.229999542236328,1.55,12.499999999999996,-0.0084471061750838,0.1560354126756061,0.1729416713829472,0.147046726036536,0.0244641048049872,-0.1649218564141505,0.961513520594476,3.669999122619629,-0.5571613392402989,0.0310008722512325,1.0000000000000009,-1.0000000000000009,0.4873563614862616,0.9022430015152028,1.0541126031949457
2020-01-28,134.42999267578125,16.280000686645508,1.57,12.499999999999996,0.0180144027371861,0.2468511872737446,0.1814632073855655,0.1503551401717762,0.0185226930657466,0.0156078976659909,0.9805591789217428,-1.9499988555908203,-0.6322702830221829,0.0351280647216651,2.0000000000000018,1.0000000000000009,0.6367815589644398,1.360337397482705,0.8971516001067054
2020-01-29,134.22999572753906,16.389999389648438,1.56,12.499999999999996,-0.0014888483125061,0.2466674949256174,0.1812679061996614,0.150330242519058,0.0137822461715761,-0.3369622975823515,0.9807730251317238,0.1099987030029296,-0.6427695186828126,0.0001637713833437,-1.0000000000000009,1.0000000000000009,0.6283525397004381,1.36078967367737,0.904186501254961
2020-01-30,135.88999938964844,15.489999771118164,1.57,12.499999999999996,0.0122910157707541,0.2722708055011891,0.1874217662412639,0.1519935112571608,0.0253146107650089,-0.0301629950230508,0.993849592216715,-0.8999996185302734,-0.6673857706804703,0.0110619095050282,1.0000000000000009,2.0000000000000018,0.6973180267024419,1.4527171041099942,0.8264781664248233
2020-01-31,132.36000061035156,18.84000015258789,1.55,12.499999999999996,-0.0263202427761834,0.2789163763462202,0.2051752203201267,0.1611148367774553,0.0253853172775581,0.3456450485897457,0.9704117378360472,3.3500003814697266,-0.7318264275460199,0.0881728233405903,-2.0000000000000018,1.0000000000000009,0.4406130203800563,1.3594057601645952,0.9182395477968824
2020-02-03,133.3699951171875,17.969999313354492,1.57,12.499999999999996,0.0076016963585661,0.2758639843280103,0.2017591065427757,0.160987723813809,0.0118467563087664,-0.243595381882415,0.9804591946946276,-0.8700008392333984,-0.7227181141939215,0.00661348221155,2.0000000000000018,2.0000000000000018,0.5072797503814149,1.3672938439064872,0.8906660829975771
2020-02-04,135.2899932861328,16.049999237060547,1.57,12.499999999999996,0.0142933889662448,0.2632482641789142,0.2000019591537638,0.1571717090301008,0.011235156684842,-0.0901633353972576,0.9956369618361024,-1.920000076293945,-0.7317142025688731,0.027443307905689,0.0,0.0,0.6544061908589478,1.3162284274251828,0.8024921008259284
2020-02-05,137.58999633789062,15.149999618530272,1.57,12.499999999999996,0.0168576488341018,0.2826198523303762,0.2094248552021382,0.1597828448104698,0.0125009177010164,0.1030131339538742,1.0127904799275116,-0.8999996185302752,-0.7374705763219414,0.0151718775200089,0.0,1.0000000000000009,0.7233716778609518,1.3495048238547886,0.7234098170395004
2020-02-06,137.61000061035156,14.960000038146973,1.57,12.499999999999996,0.0001453798889389,0.2758013379741029,0.2001783754214859,0.1597761999900833,0.0085749049527472,-0.1211740130428988,1.0123238578081586,-0.189999580383299,-0.776899743510921,2.762211789457532e-05,0.0,0.0,0.7379310324668003,1.377777881319043,0.7473334722917957
2020-02-07,137.1699981689453,15.470000267028809,1.56,12.499999999999996,-0.0032025825710453,0.1378686515516968,0.1988318931652703,0.1599939265744231,0.0099875711560493,-0.3432319066811685,1.0090056980449544,0.5100002288818359,-0.7775504102789511,0.0016333178442461,-1.0000000000000009,1.0000000000000009,0.6988505557290358,0.6933930435249619,0.7780442071318028
2020-02-10,137.74000549316406,15.039999961853027,1.58,12.499999999999996,0.0041468708557084,0.139312458917827,0.1989529329051985,0.1598715567114234,0.0079861046874302,-0.0679488250579423,1.013092141253754,-0.4300003051757812,-0.780527368236641,0.0017831557334792,2.0000000000000018,1.0000000000000009,0.7318007702034439,0.7002282242514599,0.7559576902050303
2020-02-11,138.0,15.18000030517578,1.57,12.499999999999996,0.0018857951599791,0.1220739045068455,0.1955668207356349,0.1598323520488389,0.0075362938037817,0.0986340328968755,1.0143187824487068,0.1400003433227521,-0.7971918807727237,-0.0002640119698334,-1.0000000000000009,0.0,0.7210727747033252,0.6242055991280019,0.776205301496205
2020-02-12,138.0,13.739999771118164,1.58,12.499999999999996,0.0,0.0429344219044793,0.1936061211731595,0.1595897729863448,0.0107970306838768,0.1903557552628452,1.0140348463508917,-1.4400005340576154,-0.7727392855985723,0.0,1.0000000000000009,1.0000000000000009,0.83141764160072,0.2217616966050323,0.7096882933174015
2020-02-13,137.8800048828125,14.149999618530272,1.59,12.499999999999996,-0.000869908095047,0.044191033910615,0.1891898466067711,0.1590331918677544,0.0140702231846822,-0.0662993063994365,1.0134793671950733,0.4099998474121076,-0.7903240849844545,0.0003566621862318,1.0000000000000009,2.0000000000000018,0.8000000292313963,0.2335803675683801,0.7479259522811962
2020-02-14,137.4600067138672,13.68000030517578,1.58,12.499999999999996,-0.0030507625263659,0.0434194259836527,0.1817871480561799,0.1587357056859335,0.009093554044428,-0.1166356578922951,1.0101305522426824,-0.4699993133544922,-0.816461822335603,-0.0014338562925996,-1.0000000000000009,2.0000000000000018,0.8360153017589921,0.2388476107795822,0.752528462625316
2020-02-18,135.63999938964844,14.829999923706056,1.58,12.499999999999996,-0.0133287017781441,0.0952690392672447,0.1871639355524024,0.1613281344024598,0.019610761383654,0.3055817496018745,0.9973180304432856,1.149999618530277,-0.82138625227353,0.0153280019603696,0.0,0.0,0.7478927269143768,0.5090138705732182,0.7923534990828364
2020-02-19,137.49000549316406,14.380000114440918,1.58,12.499999999999996,0.0135469143846838,0.1523653907798632,0.1918613948387046,0.1628356335751477,0.0149101968859819,-0.2407943005502785,1.011171905355182,-0.4499998092651385,-0.8148205224419165,0.0060961088892389,0.0,1.0000000000000009,0.7823754704153789,0.794143036997906,0.7494994043241473
2020-02-20,137.49000549316406,15.5600004196167,1.58,12.499999999999996,0.0,0.1523653907798632,0.1886290443478761,0.1621418628908923,0.0133100716993256,0.0485261477234456,1.0109417716731983,1.1800003051757812,-0.803666298400859,-0.0,0.0,0.0,0.6919539924131373,0.8077514854969302,0.8248994990888262
2020-02-21,135.80999755859375,17.079999923706055,1.56,12.499999999999996,-0.0122943950029855,0.1731463486992019,0.1935386154633184,0.1642375757151045,0.0147264563430768,0.2750466721140748,0.998893223801524,1.5199995040893557,-0.8130469170820519,0.0186874743076166,-2.0000000000000018,-3.0000000000000027,0.5754789363308765,0.8946346354948401,0.8825112178682112
2020-02-24,132.16000366210938,25.030000686645508,1.53,12.499999999999996,-0.0272434946570128,0.2440400244798239,0.2149009708647234,0.1727697449953036,0.018159759609423,0.3318188029161021,0.9735406969438364,7.950000762939453,-0.8106745138554362,0.2165858033083894,-3.0000000000000027,-5.000000000000004,0.0,1.1355929361223922,1.1647225503881724
2020-02-25,126.26000213623048,27.850000381469727,1.53,12.499999999999996,-0.0456700476235561,0.3667983457487245,0.2518781517499929,0.195643512477092,0.0525898881459236,0.423396542742969,0.932332375765046,2.8199996948242188,-0.7802930943671219,0.1287895203610359,0.0,-5.000000000000004,0.0,1.4562531255700104,1.1056933754664378
2020-02-26,126.63999938964844,27.559999465942383,1.53,12.499999999999996,0.0030051208944003,0.3211091145404892,0.2516124647083949,0.1952487643040157,0.0206096069403874,0.1608824853253762,0.9369140799860324,-0.2900009155273437,-0.7956478722551852,0.0008714878106464,0.0,-5.000000000000004,0.0177805584344772,1.2762051153254157,1.0953352210862413
2020-02-27,121.37000274658205,35.514999032020576,1.45,12.499999999999996,-0.0425046570050806,0.3257562766147296,0.2770543718287417,0.212138362848856,0.0355936359649287,-0.0599675298097619,0.9020757920566832,7.954999566078193,-0.8391972827144663,0.3381245280317189,-8.000000000000007,-13.00000000000001,0.0,1.1757846464017987,1.2818783113797532
2020-02-28,116.11000061035156,35.514999032020576,1.27,12.499999999999996,-0.0443057308525149,0.3267294801292857,0.3084054848623871,0.2288386900770051,0.0502109566016174,0.0599675298097619,0.8685512561665275,0.0,-0.7161606642793747,0.0,-17.999999999999993,-29.000000000000004,0.0,1.0594152703706772,1.1515683337430795
2020-03-02,121.5199966430664,33.41999816894531,1.13,12.499999999999996,0.0455408077673998,0.6413670790024245,0.3527963075214779,0.2476595952686575,0.0585912026272942,0.0,0.9136972661259006,-2.0950008630752635,-0.7138957588885799,0.0954080315778473,-14.000000000000012,-40.000000000000014,0.0873827296903675,1.8179529244743544,0.9472887741862416
2020-03-03,116.95999908447266,35.514999032020576,0.95,12.499999999999996,-0.0382468424892089,0.6221847594326244,0.3639823048969602,0.2584382853770792,0.0573700336610509,0.0,0.8842869170925856,2.0950008630752635,-0.6945295087935028,0.0801271680247964,-17.999999999999993,-58.00000000000001,0.0,1.7093818876957732,0.9757342198839726
2020-03-04,119.8499984741211,31.989999771118164,0.72,12.499999999999996,0.024408959975049,0.6779205111557652,0.3762808954948373,0.2637341364060643,0.0458073054907003,0.0,0.9105692946660348,-3.524999260902412,-0.7176478050444689,0.0860415658714442,-23.0,-81.0,0.1470281292018326,1.8016341495739487,0.850162741561698
2020-03-05,113.97000122070312,35.514999032020576,0.62,12.499999999999996,-0.0503056815704366,0.7025589508606805,0.4001373895509824,0.2804014494178715,0.0337808057636638,0.0,0.8726264454981602,3.524999260902412,-0.718549513542253,0.1773274903549812,-9.999999999999998,-83.0,0.0,1.75579430767283,0.8875701186503475
2020-03-06,108.08000183105467,35.514999032020576,0.45,12.499999999999996,-0.0530635559847807,0.729699773859543,0.4179541346741677,0.2948929153971908,0.0490377772202716,0.0,0.8365294296015279,0.0,-0.6321206339412739,0.0,-17.0,-82.0,0.0,1.7458848072609896,0.8497343628316457
2020-03-09,93.44000244140624,35.514999032020576,0.33,12.499999999999996,-0.1455521653856239,0.965020110271941,0.6218346871459185,0.4093105747922081,0.066673835553892,0.0,0.7351856952913263,0.0,-0.3592708738952671,0.0,-12.0,-79.99999999999999,0.0,1.551891732996058,0.5711324853077342
2020-03-10,100.6999969482422,35.514999032020576,0.44,12.499999999999996,0.0748262242110963,1.3339641812629095,0.6997780465205866,0.4380775054199141,0.066534231889658,0.0,0.8032834498774822,0.0,-0.3518209546283567,-0.0,10.999999999999998,-51.0,0.0,1.9062675485400007,0.507518051024994
2020-03-11,95.95999908447266,35.514999032020576,0.42,12.499999999999996,-0.0482143409883009,1.244178603410624,0.7054768602079647,0.4466551044671498,0.0573155486918919,0.0,0.7778167903454157,0.0,-0.3262708044473783,0.0,-2.0000000000000018,-30.0,0.0,1.7635994510774704,0.5034183406320548
2020-03-12,88.05000305175781,35.514999032020576,0.33,12.499999999999996,-0.0860265588291875,1.280074879060071,0.7403601378259038,0.4746833825670028,0.120840420452842,0.0,0.7277317912750648,0.0,-0.2790101186970579,0.0,-8.999999999999996,-29.0,0.0,1.7289894656120466,0.4796989629440578
2020-03-13,103.91000366210938,35.514999032020576,0.28,12.499999999999996,0.1656203055060559,2.002172010506076,0.9831580272600888,0.5866466500419715,0.1153882921875177,0.0,0.8704936871801886,0.0,-0.2549045372245072,-0.0,-4.999999999999999,-17.0,0.0,2.036470185862006,0.3612338815052495
2020-03-16,88.36000061035156,35.514999032020576,0.24,12.499999999999996,-0.1621057896481723,2.0759760188154304,1.1077913715520125,0.6626548662596756,0.1067225015848521,0.0,0.7551429833587278,0.0,-0.1844183764878959,0.0,-4.000000000000004,-9.000000000000002,0.0,1.87397742221714,0.3205928475707855
2020-03-17,93.76000213623048,35.514999032020576,0.19,12.499999999999996,0.059318963153259,2.03807445232069,1.141222742465119,0.675809994656656,0.1060153819852063,0.0,0.815800933563904,0.0,-0.1939924615024828,-0.0,-4.999999999999999,-25.0,0.0,1.7858691178185873,0.3112012906026195
2020-03-18,83.88999938964844,35.514999032020576,0.02,12.499999999999996,-0.1112319390301448,2.150193270857237,1.1854725756403084,0.7074464136647974,0.1243294836221298,0.0,0.7459162034653914,0.0,-0.1640526615402337,0.0,-17.0,-40.0,0.0,1.813785755183628,0.2995851592166768
2020-03-19,85.30000305175781,35.514999032020576,0.04,12.499999999999996,0.0166680806918094,2.095136134378897,1.1867296638818094,0.7086068599456118,0.131301249091941,0.0,0.7755922259688172,0.0,-0.1612456145868735,-0.0,2.0,-29.000000000000004,0.0,1.7654704337006943,0.299267812315827
2020-03-20,83.5,35.514999032020576,0.05,12.499999999999996,-0.0213278584175851,1.4492437205990452,1.1838784217673186,0.7089974084668542,0.0835927632040606,0.0,0.7773984701738148,0.0,-0.1627417180926942,0.0,1.0000000000000002,-23.000000000000004,0.0,1.2241491135851463,0.299988566216141
2020-03-23,79.02999877929688,35.514999032020576,0.02,12.499999999999996,-0.0550191200859986,1.0397663425144197,1.1879147461595383,0.7151740355379905,0.0716184202142756,0.0,0.7547820936131721,0.0,-0.1570672303385717,0.0,-3.0000000000000004,-22.0,0.0,0.8752870068125055,0.2989692580788189
2020-03-24,88.43000030517578,35.514999032020576,0.01,12.499999999999996,0.1123837702678762,1.3299905459771528,1.2806051392111186,0.7550179240783608,0.081420297674937,0.0,0.8616948695487854,0.0,-0.1959954057708587,-0.0,-1.0,-18.0,0.0,1.0385641172707278,0.2773298181037959
2020-03-25,91.7300033569336,35.514999032020576,0.0,12.499999999999996,0.0366382340786855,1.008244967503494,1.2908152239104316,0.759943517149445,0.115665542593154,0.0,0.9084062977950232,0.0,-0.1873655655335069,-0.0,-1.0,-2.0,0.0,0.7810916301785538,0.2751361959028531
2020-03-26,98.12000274658205,35.514999032020576,0.0,12.499999999999996,0.0673417312649866,1.066916434137282,1.3211406667618708,0.7739513934004505,0.0512637447869628,0.0,0.984933386430278,0.0,-0.1886493289634384,-0.0,0.0,-4.0,0.0,0.8075721692469774,0.2688207238300233
2020-03-27,91.12999725341795,35.514999032020576,0.03,12.499999999999996,-0.0739042190134889,1.2666612260996952,1.3346393817622202,0.785241122580193,0.0470755340220524,0.0,0.9281840781878464,0.0,-0.2012946515775151,0.0,3.0,-2.0000000000000004,0.0,0.949066274687048,0.266101836326211
2020-03-30,93.5,35.514999032020576,0.12,12.499999999999996,0.0256744079257706,1.093343009170052,1.3363980389246275,0.787782304377386,0.0512298747179979,-0.1203767372168019,0.9628823161662248,0.0,-0.2010297542412126,-0.0,9.0,10.0,0.0,0.8181267686159155,0.2657516548033756
2020-03-31,90.02999877929688,35.514999032020576,0.11,12.499999999999996,-0.0378185017331044,0.9175756672319608,1.3236370708216076,0.790273808262505,0.0536488048044425,0.0765269051061804,0.941689476948748,0.0,-0.1560714453320186,0.0,-0.9999999999999996,10.0,0.0,0.6932230045977811,0.2683137229601443
2020-04-01,84.36000061035156,35.514999032020576,0.09,12.499999999999996,-0.0650495717158805,0.9693393842591008,1.3329748039925002,0.798344298608543,0.0392365758018687,0.0438498321106214,0.8969469902788165,0.0,-0.1406870267705705,0.0,-2.0000000000000004,9.0,0.0,0.7272000801183596,0.2664341360815428
2020-04-02,87.51000213623047,35.514999032020576,0.09,12.499999999999996,0.0366597341133558,0.8136135452645288,1.3382681678667163,0.8023600312778565,0.0565650149331597,-0.0168972983480775,0.9459274580526742,0.0,-0.0960243259466805,-0.0,0.0,9.0,0.0,0.6079600223634399,0.2653802868869975
2020-04-03,84.05000305175781,35.514999032020576,0.1,12.499999999999996,-0.0403412007955504,0.7092216102541873,1.3353956812517986,0.8046867729807071,0.0560381504206106,-0.1248306698478232,0.9227379427167384,0.0,,0.0,1.0000000000000009,7.000000000000001,0.0,0.5310947311057376,0.2659511299207501
2020-04-06,89.45999908447266,35.514999032020576,0.15,12.499999999999996,0.0623796916073106,0.874326089912955,1.353152855394134,0.8167855716054357,0.0367762234428456,0.1417279681959007,0.9917855182765486,0.0,,-0.0,4.999999999999999,3.0,0.0,0.6461399290018047,0.2624611025313625
2020-04-07,90.63999938964844,35.514999032020576,0.14,12.499999999999996,0.0131040222151791,0.8421204598064387,1.2598195173896165,0.8174845572554467,0.0454545760627241,-0.079353995424775,1.0063549997724193,0.0,,-0.0,-0.999999999999998,3.0000000000000013,0.0,0.6684453194941268,0.2819054518666984
2020-04-08,94.3000030517578,35.514999032020576,0.22,12.499999999999996,0.0395856120156844,0.6209276543887942,1.2386730813741391,0.8221931199511097,0.0457051688134958,0.0149341528197935,1.0505459059152895,0.0,,-0.0,7.999999999999999,13.0,0.0,0.5012845307818908,0.2867180983106658
2020-04-09,102.76000213623048,35.514999032020576,0.25,12.499999999999996,0.0859149710285877,0.7727117830340621,1.2640414622864469,0.8423021200559808,0.0729855959914942,0.0644198426049815,1.1406793559116983,0.0,,-0.0,3.0,16.0,0.0,0.611302560943176,0.2809638773065219
2020-04-13,98.19000244140624,35.514999032020576,0.26,12.499999999999996,-0.0454917909849225,0.8034000220166225,1.2354405307988685,0.8462058027105133,0.0591709686743394,0.0,1.0841395336642756,0.0,,0.0,1.0000000000000009,16.0,0.0,0.6502943702981179,0.2874683009554142
2020-04-14,95.5,35.514999032020576,0.2,12.499999999999996,-0.0277781545586165,0.8365249502738156,1.0923696004815555,0.8469481233975488,0.0875392734068226,0.0,1.0591217451912551,0.0,,0.0,-6.0,5.000000000000002,0.0,0.765789298699859,0.3251188884821062
2020-04-15,90.79000091552734,35.514999032020576,0.14,12.499999999999996,-0.0505770900190079,0.9507169416553058,0.9477492018963896,0.8508913199372513,0.0209274315091891,0.0,1.005596050858225,0.0,,0.0,-6.0,0.0,0.0,1.0031313555875097,0.3747299281387647
2020-04-16,87.33000183105469,35.514999032020576,0.14,12.499999999999996,-0.03885509007496,0.9088421873423091,0.9329137801958404,0.8531635824133841,0.0403068426573041,0.0,0.970564431044737,0.0,,0.0,0.0,-7.999999999999999,0.0,0.974197408844708,0.3806889745434476
2020-04-17,95.18000030517578,35.514999032020576,0.12,12.499999999999996,0.0860757715065492,0.9099710383610764,0.8951261641436784,0.8730750543699134,0.0498003556269351,0.0,1.0515245818648606,0.0,,-0.0,-2.0000000000000018,-13.0,0.0,1.0165841138512572,0.3967597022034985
2020-04-20,91.70999908447266,35.514999032020576,0.12,12.499999999999996,-0.037138424311265,0.8943227305428694,0.9063908829528194,0.8749101362685021,0.0463417298269231,-0.0310953757296104,1.0097837018565208,0.0,,0.0,0.0,-14.000000000000002,0.0,0.986685487865197,0.3918287319519435
2020-04-21,89.05000305175781,35.514999032020576,0.11,12.499999999999996,-0.0294333705821701,0.896045087621029,0.9096119998364632,0.8760894116717483,0.0342503685327281,-0.0275906734690783,0.9776505887628592,0.0,,0.0,-0.9999999999999996,-9.000000000000002,0.0,0.985084945869367,0.3904411885331958
2020-04-22,89.33999633789062,35.514999032020576,0.12,12.499999999999996,0.0032512309274382,0.8371102138106523,0.8847873631555593,0.8762498966205361,0.0301097218678235,-0.3238601144014374,0.9755759720526392,0.0,,-0.0,0.9999999999999996,-2.0000000000000018,0.0,0.9461145679399532,0.4013958665204906
2020-04-23,89.38999938964844,35.514999032020576,0.11,12.499999999999996,0.0005595373385295,0.7759368032742491,0.7954023635816653,0.8762976927322613,0.0225975685966983,-0.001417366578435,0.9756349678511432,0.0,,-0.0,-0.9999999999999996,-3.0000000000000013,0.0,0.9755274044953004,0.4465035642099169
2020-04-24,90.70999908447266,35.514999032020576,0.12,12.499999999999996,0.0146587822621496,0.3557257402874585,0.7864182087142052,0.8765130654858599,0.0287730199172533,-0.0511452683524106,0.9905670524393688,0.0,,-0.0,0.9999999999999996,0.0,0.0,0.4523366020085809,0.4516044852278744
2020-04-27,94.62000274658205,33.290000915527344,0.12,12.499999999999996,0.0422013046965531,0.4107389576317621,0.7635686959424032,0.8817973874535433,0.0432254937557413,0.3692427040217466,1.0351488873025656,-2.224998116493232,-0.2092677505538202,0.0938978234633877,0.0,0.0,0.0928049302517733,0.5379201109401486,0.4359791213603974
2020-04-28,95.29000091552734,33.56999969482422,0.11,12.499999999999996,0.0070559837373961,0.2678885598444117,0.7172457251065549,0.8808922454067803,0.0349459733346698,-0.1222282579610626,1.0402243603796124,0.279998779296875,-0.1973019235575327,-0.0019756668332095,-0.9999999999999996,0.0,0.0811261485977093,0.3734962098304787,0.4680404290989258
2020-04-29,97.86000061035156,31.229999542236328,0.1,12.499999999999996,0.0266130091300669,0.2626205751396125,0.7176412722512435,0.8831974195687127,0.0222767248270913,0.0109923345574241,1.0658637896336065,-2.34000015258789,-0.2309497369228912,0.0622744454251796,-0.9999999999999996,-1.9999999999999991,0.1787278271520826,0.365949653809306,0.4351756337016082
2020-04-30,95.76000213623048,34.150001525878906,0.09,12.499999999999996,-0.0216928085400759,0.3787293522230818,0.7084344008217871,0.8831059304570653,0.0239138809006606,-0.0674665114887403,1.039900726972639,2.920001983642578,-0.2458250457086637,0.0633430439678003,-1.0000000000000009,-2.0000000000000004,0.0569342047583291,0.5346004538793627,0.4820488881717876
2020-05-01,93.25,35.514999032020576,0.12,12.499999999999996,-0.0265610250339638,0.473749777555942,0.6735826661140959,0.8831290729957215,0.0203753514839559,-0.0307865260371483,1.0080095033989134,1.3649975061416697,-0.2925935337473259,0.0362557329319271,3.0,0.0,0.0,0.7033283387308769,0.5272552400569763
2020-05-04,92.13999938964844,35.514999032020576,0.13,12.499999999999996,-0.0119749056403298,0.3492770077710159,0.665593661119204,0.882811131236978,0.0202951500930617,-0.1650367574948059,0.993642530413117,0.0,-0.2961054830628435,0.0,1.0000000000000009,1.0000000000000009,0.0,0.5247601174321617,0.5335837930352532
2020-05-05,92.0,33.61000061035156,0.13,12.499999999999996,-0.0015205758345547,0.3351661621056664,0.647481819843055,0.8819091531236785,0.0251086691151494,0.1386175086114261,0.988098824325945,-1.9049984216690128,-0.2696338114404495,-0.0028966945648548,0.0,2.0000000000000004,0.0794577057581383,0.5176456725640705,0.5190879431718776
2020-05-06,90.2699966430664,34.119998931884766,0.12,12.499999999999996,-0.0189834349266765,0.1544386331366769,0.6161135874527054,0.8810261858393931,0.0313504147146999,0.1495477262749754,0.9691167643123568,0.5099983215332031,-0.3014395116285729,0.0096815199495398,-1.0000000000000009,1.9999999999999991,0.0581856164437407,0.2506658451977933,0.5537939695982426
2020-05-07,91.20999908447266,31.440000534057617,0.11,12.499999999999996,0.0103593880321268,0.2307171494986925,0.615475181225487,0.8815849304784077,0.0255454649100128,-0.2237694025668199,0.9789231450753156,-2.6799983978271484,-0.2965823253237854,0.0277631433285697,-0.9999999999999996,2.0000000000000004,0.1699686613558012,0.3748601999503964,0.5108248308478776
2020-05-08,92.6999969482422,27.979999542236328,0.12,12.499999999999996,0.0162039094965221,0.2339761926609091,0.6018483609540671,0.8827361041642026,0.0212513623037445,0.2001247200651928,0.995728975153762,-3.460000991821289,-0.3219739577205082,0.056065542929349,0.9999999999999996,0.0,0.3142857051936306,0.3887626981155243,0.4649011504805236
2020-05-11,89.97000122070312,27.56999969482422,0.12,12.499999999999996,-0.0298921446540947,0.3086873308489737,0.5196630928017694,0.8837358899673476,0.0197843587323112,0.175871260548784,0.9727688484326028,-0.4099998474121094,-0.4074827081490556,-0.0122557747469995,0.0,-1.0000000000000009,0.3313868465205672,0.5940143433790585,0.5305360353028008
2020-05-12,87.02999877929688,33.040000915527344,0.13,12.499999999999996,-0.0332234222217295,0.3646602521683257,0.5096551414188172,0.8851283269037578,0.044697224453757,0.0,0.946419126823756,5.470001220703125,-0.4283444757044135,0.1817321601087961,1.0000000000000009,0.0,0.1032324593318925,0.7155039212459555,0.6482815188236509
2020-05-13,84.02999877929688,35.279998779296875,0.13,12.499999999999996,-0.0350790093620536,0.40250162795253,0.5142388836636859,0.8867286302669295,0.04117576026105,0.0,0.9192552611128416,2.2399978637695312,-0.4611074990969822,0.0785769060341514,0.0,1.0000000000000009,0.0098018878764468,0.7827133278699467,0.6860624487970483
2020-05-14,87.5199966430664,32.61000061035156,0.12,12.499999999999996,0.0406934369043471,0.5502127810873376,0.511948332715607,0.8919440996162361,0.0652422223890135,0.0,0.9590682002526328,-2.6699981689453125,-0.5286998448533664,0.1086514020226985,-1.0000000000000009,0.9999999999999996,0.1211678220786146,1.074742793220477,0.6369783536040302
2020-05-15,85.9000015258789,31.88999938964844,0.12,12.499999999999996,-0.0186834535638394,0.5064989174182312,0.49810714823301,0.8921954229966104,0.0230500080601576,0.0,0.9420187886465868,-0.7200012207031214,-0.5304186696546949,-0.0134521093729145,0.0,0.0,0.1511991567450268,1.0168473173191557,0.6402236848592783
2020-05-18,90.4499969482422,29.299999237060547,0.13,12.499999999999996,0.0516133313479395,0.6639660480708139,0.4323506275824286,0.8998809811119769,0.0361526189363181,0.0,0.9943722890451931,-2.590000152587894,-0.7176678847438758,0.1336785360667328,1.0000000000000009,1.0000000000000009,0.2592283643795192,1.5357120025094153,0.6776906836216963
2020-05-19,88.66999816894531,30.530000686645508,0.13,12.499999999999996,-0.0198755853598831,0.626230462044191,0.418811369238694,0.8993475132506278,0.0294349911384758,-0.2203090459412438,0.9763575016623444,1.230001449584961,-0.7474473396500734,0.0244469988040058,0.0,0.0,0.207924860842976,1.4952565953081427,0.7289678105477955
2020-05-20,91.33000183105467,27.989999771118164,0.12,12.499999999999996,0.0295577480106639,0.5353795197943869,0.4192776361071729,0.902215873460958,0.0221175583331647,0.0475859207988612,1.0044463566943824,-2.540000915527344,-0.777138608061235,0.0750767070080128,-1.0000000000000009,-1.0000000000000009,0.3138685944837379,1.2769093166169656,0.6675767405815928
2020-05-21,90.16999816894533,29.530000686645508,0.12,12.499999999999996,-0.0127825835472426,0.518488129599555,0.421961484736052,0.9022291602824244,0.0231784851915963,-0.3404915134732507,0.9912577658855214,1.5400009155273438,-0.7811092638636205,0.0196851903655584,0.0,0.0,0.2496349771634524,1.228757003554206,0.699826921528568
2020-05-22,89.47000122070312,28.15999984741211,0.12,12.499999999999996,-0.0077933700019013,0.4909016830353764,0.4229227595281454,0.9012497265249614,0.0183301594643204,-0.0755168057084953,0.983521362388658,-1.3700008392333984,-0.7686094919479842,-0.0106769234430613,0.0,0.0,0.3067778715270276,1.160736025611568,0.6658426205019138
2020-05-26,95.81999969482422,28.01000022888184,0.14,12.499999999999996,0.0685680410668711,0.5901999656378546,0.4833160856884971,0.909830502359105,0.0510331810188116,0.5887314443241286,1.0505152822652937,-0.1499996185302698,-0.6663348582939239,0.0102851800033985,2.0000000000000018,1.0000000000000009,0.3130343730639522,1.2211469535451078,0.5795379267996185
2020-05-27,101.37000274658205,27.6200008392334,0.15,12.499999999999996,0.0563057882188419,0.5825232784116873,0.5000538332176668,0.9177988696519938,0.0372891257460711,0.0,1.1074596777362409,-0.389999389648441,-0.6052060644001439,0.0219592230390227,0.999999999999998,1.9999999999999991,0.3293012929711034,1.1649211339174408,0.5523405482467479
2020-05-28,99.86000061035156,28.59000015258789,0.15,12.499999999999996,-0.0150080053043963,0.6509880546491132,0.5037826187623743,0.9146955835361504,0.0355497236197222,0.0,1.088375435934363,0.9699993133544922,-0.6139804203795319,0.0145577548400849,0.0,3.0,0.2888425087803055,1.2922003070458714,0.5675066802190194
2020-05-29,97.30999755859376,27.51000022888184,0.14,12.499999999999996,-0.0258674774395936,0.6949328310053721,0.5045805346425655,0.9120587829054028,0.0246634630160563,0.0,1.0608857516272605,-1.0799999237060511,-0.5690286970307454,-0.0279368736612291,-0.999999999999998,2.0000000000000018,0.3338894312241903,1.3772485922344355,0.5452053406770707
2020-06-01,98.5999984741211,28.229999542236328,0.14,12.499999999999996,0.0131695123882022,0.6665120669825499,0.500363954337432,0.9073704239790252,0.0216024839328124,-0.4759329015303705,1.073366951257543,0.7199993133544886,-0.5404401240797355,-0.009482039876719,0.0,2.0000000000000018,0.3038581761135116,1.332054519924655,0.564189312549856
2020-06-02,98.93000030517578,26.84000015258789,0.15,12.499999999999996,0.0033412862867517,0.5048281834919748,0.4899289759716363,0.904671651637299,0.0251692899634942,0.3339973587484018,1.073797660056102,-1.3899993896484375,-0.5204796626079725,0.0046443858992256,0.999999999999998,0.999999999999998,0.361835212341139,1.030410953936313,0.547834512122054
2020-06-03,104.2699966430664,25.65999984741211,0.16,12.499999999999996,0.0525711241869798,0.4817311142394427,0.5157198554130195,0.9098349145643382,0.0370192839227279,0.1419355427819686,1.1247071980580032,-1.1800003051757812,-0.5145100970900669,0.06203394258407,1.0000000000000009,1.0000000000000009,0.4110531623282184,0.9340945654567508,0.4975569503109792
2020-06-04,106.44000244140624,25.809999465942383,0.15,12.499999999999996,0.0205978124395368,0.4509113905946891,0.5174046056315453,0.9056422079056682,0.0358887599324048,0.0,1.139661079786662,0.1499996185302734,-0.5212751797186007,-0.0030896640084886,-1.0000000000000009,0.0,0.4047966607912936,0.8714870058883716,0.4988359049189103
2020-06-05,111.2300033569336,24.520000457763672,0.15,12.499999999999996,0.0440186907376345,0.3306306485001263,0.5236194298285444,0.9038069275491322,0.0560999521302321,0.0,1.1783552681377831,-1.289999008178711,-0.5196426910067503,0.056784067392874,0.0,0.999999999999998,0.4586026694757267,0.6314331166213392,0.4682790412455202
2020-06-08,113.4499969482422,25.809999465942383,0.17,12.499999999999996,0.0197620245422192,0.3165989866603036,0.5247256177298621,0.8543827159986597,0.0198325258750468,0.0,1.188538876624211,1.289999008178711,-0.5146553749824135,-0.0254929920590662,2.0000000000000018,3.0,0.4047966607912936,0.6033610251963996,0.4918761080811156
2020-06-09,110.54000091552734,27.56999969482422,0.19,12.499999999999996,-0.0259847296388323,0.4846757302763657,0.5389943016778657,0.843697544033723,0.0237017830241346,-0.360659763101286,1.1478371938145495,1.760000228881836,-0.5595082153581182,0.0457331301117774,1.9999999999999991,4.000000000000001,0.3313868465205672,0.8992223642580104,0.5115081849474107
2020-06-10,106.05999755859376,27.56999969482422,0.17,12.499999999999996,-0.041372505997555,0.5657986258957467,0.5506079986563112,0.84216917605381,0.0439374294680228,0.3606597631012859,1.0926242784473277,0.0,-0.5600519944007126,0.0,-1.9999999999999991,1.0000000000000009,0.3313868465205672,1.0275888241298825,0.5007192006310351
2020-06-11,97.20999908447266,35.514999032020576,0.17,12.499999999999996,-0.0871313712749382,0.8195523027965563,0.6275496950028201,0.8426391155208783,0.051846527754287,0.0,0.9964756891743918,7.944999337196357,-0.6951933082413073,0.6922586870283937,0.0,2.0000000000000018,0.0,1.3059560212086048,0.5659312611387849
2020-06-12,99.87000274658205,35.514999032020576,0.16,12.499999999999996,0.0269957903416744,0.7436021711186057,0.6139579078422662,0.77591444631378,0.0380494174212219,0.0,1.0158878860863731,0.0,-0.6755526757936453,-0.0,-1.0000000000000009,1.0000000000000009,0.0,1.2111614845583956,0.5784598354117925
2020-06-15,101.25,34.400001525878906,0.18,12.499999999999996,0.0137233382300331,0.7234305217342628,0.60299662818623,0.7034950604506427,0.0549135561342591,-0.0977008360849998,1.0231209715726677,-1.1149975061416697,-0.6593514247237958,0.0153014879024255,1.9999999999999991,0.999999999999998,0.04650667567821,1.1997256500592537,0.5704841439885263
2020-06-16,102.05999755859376,33.66999816894531,0.17,12.499999999999996,0.0079681457278927,0.7534129127922768,0.5957515100036603,0.6939694071849163,0.0624142945224443,0.0018039475253193,1.0233484004246622,-0.7300033569335938,-0.6803465784562407,0.0058167731298977,-0.999999999999998,-1.9999999999999991,0.0769552006102484,1.264642892449652,0.5651684906134513
2020-06-17,99.4800033569336,33.470001220703125,0.17,12.499999999999996,-0.0256041990345288,0.7277907040925362,0.5848158832142138,0.6576925622328588,0.0334740824154042,-0.3499850117152723,0.993196730564377,-0.1999969482421875,-0.634538712886684,-0.0051207616690913,0.0,0.0,0.0852970965851703,1.2444783477707833,0.5723168980423076
2020-06-18,98.94000244140624,32.939998626708984,0.16,12.499999999999996,-0.005443022204826,0.3178432936694746,0.5793378699052782,0.6572712227348302,0.0241560474092755,0.0590956771564286,0.9830058039938572,-0.5300025939941406,-0.6210526402221064,-0.0028848158877255,-1.0000000000000009,-1.0000000000000009,0.1074035664308201,0.548631999011979,0.5685801039054236
2020-06-19,97.80999755859376,35.119998931884766,0.15,12.499999999999996,-0.0114868341334866,0.24873986920144,0.5750424149333835,0.6561236885749105,0.0395664575583815,0.3867862231185243,0.9688086396755794,2.180000305175781,-0.6133474953619105,0.0250413019165044,-1.0000000000000009,-1.0000000000000009,0.0164755001232644,0.4325591691010403,0.6107375390031583
2020-06-22,96.75,31.770000457763672,0.16,12.499999999999996,-0.0108964644318083,0.1921418276045435,0.5744160192250084,0.6462592484495927,0.0145736024053215,-0.4096469392369694,0.9553443795298902,-3.3499984741210938,-0.5319042499278516,-0.0365031392198727,1.0000000000000009,-1.9999999999999991,0.1562043261522734,0.3344994240651189,0.5530834690269811
2020-06-23,97.93000030517578,31.3700008392334,0.16,12.499999999999996,0.0121226089390763,0.2161456840673968,0.5736888146898717,0.6073563002359086,0.0216481439801444,-0.0528949211066433,0.9631647009220566,-0.3999996185302734,-0.5521290489180107,0.0048490389512222,0.0,-1.0000000000000009,0.1728883567693172,0.3767646824075562,0.5468121398914078
2020-06-24,94.66000366210938,33.84000015258789,0.15,12.499999999999996,-0.033961377683888,0.2617267071411618,0.5377920956193148,0.6072244528775295,0.0267272203826205,0.3988421785620202,0.9315095795374264,2.469999313354492,-0.6115086892033812,0.0838845795597759,-1.0000000000000009,-2.0000000000000018,0.0698643980978047,0.4866689363289367,0.6292394482596133
2020-06-25,97.95999908447266,32.220001220703125,0.16,12.499999999999996,0.0342676595729569,0.4128491933832343,0.5132799935829877,0.5959243112813104,0.0403225498689115,0.0636996817815924,0.9655262953729754,-1.6199989318847656,-0.6511143774039194,0.055513571906381,1.0000000000000009,0.0,0.1374347419857657,0.8043352527756069,0.6277275877399605
2020-06-26,92.58999633789062,34.72999954223633,0.14,12.499999999999996,-0.0563781178299703,0.5707222513657593,0.5458403721915178,0.5880722578234625,0.036397050220024,0.0,0.9157223649764892,2.509998321533203,-0.6698784885847436,0.1415089811244266,-1.9999999999999991,-0.999999999999998,0.0327424200304155,1.0455845343105388,0.6362665957228002
2020-06-29,93.0,31.780000686645508,0.14,12.499999999999996,0.0044183882451896,0.5811068562467581,0.5403271785181666,0.5858699032350028,0.024838683425739,-0.2779463318499904,0.9216481131107436,-2.9499988555908203,-0.684291808365742,0.0130342402668652,0.0,-1.9999999999999991,0.1557872154423807,1.0754721941628564,0.58816217192334
2020-06-30,94.05999755859376,30.43000030517578,0.16,12.499999999999996,0.0113333574078065,0.5794176368272242,0.5397080055066329,0.5812319003609343,0.0222199024190194,0.0338691181913492,0.9341543117848928,-1.3500003814697266,-0.6970493754831455,0.0153000368238715,1.9999999999999991,0.0,0.2120958883861703,1.073576139163093,0.5638234007036941
2020-07-01,93.26000213623048,28.6200008392334,0.14,12.499999999999996,-0.0085415362747063,0.534176963620647,0.5397281219832333,0.5660414988497825,0.0287368672934506,-0.0201259277101454,0.9286994836658684,-1.8099994659423828,-0.6805836915380714,-0.015460176095546,-1.9999999999999991,-0.999999999999998,0.2875911766506271,0.9897148987860992,0.5302669932051917
2020-07-02,92.66000366210938,27.68000030517578,0.14,12.499999999999996,-0.0064543947758452,0.4216697990889615,0.5007369807812561,0.5617365018108029,0.0327001797921998,0.2642031413687866,0.9278327257046034,-0.9400005340576172,-0.6865758839608816,-0.0060671345363132,0.0,-1.9999999999999991,0.3267987082674802,0.842098377537579,0.5527852219340601
2020-07-06,95.0,27.940000534057617,0.15,12.499999999999996,0.02493997209003,0.2177372225730994,0.5038181537133417,0.5574089758145812,0.0181051956979853,-0.271179976068118,0.9564812975128948,0.2600002288818359,-0.6799854221187346,-0.0064843984517144,0.999999999999998,0.999999999999998,0.3159540684774684,0.4321742298650591,0.5545651804749118
2020-07-07,92.31999969482422,29.43000030517578,0.15,12.499999999999996,-0.0286160921463816,0.3246689743126594,0.476088358131657,0.5469194370382823,0.0227469506180991,0.271179976068118,0.938002570575074,1.489999771118164,-0.6889098046143229,0.0426379707484049,0.0,0.999999999999998,0.2538060047066467,0.6819510890515743,0.6181625700882447
2020-07-08,93.3000030517578,28.07999992370605,0.15,12.499999999999996,0.0105593411082251,0.3227873869785047,0.4701442827853433,0.5467047081300261,0.016505822462605,-0.2638566400952593,0.957292463348388,-1.35000038146973,-0.7376890714538351,0.0142551145241729,0.0,-1.0000000000000009,0.3101146776504365,0.686570907692781,0.5972634561745103
2020-07-09,91.27999877929688,29.26000022888184,0.13,12.499999999999996,-0.0218884483817361,0.3532785085775223,0.4685252265898286,0.542632294201578,0.0365907538557363,0.2638566400952593,0.9454634985016872,1.1800003051757884,-0.7353416369012504,0.0258283757702731,-1.9999999999999991,-1.0000000000000009,0.2608967276633568,0.7540223845551879,0.6245128024770706
2020-07-10,96.2699966430664,27.290000915527344,0.13,12.499999999999996,0.0532250167392399,0.5367038668520921,0.5000063757166765,0.5251249347935515,0.0516255714616411,0.0,1.0019874140514295,-1.969999313354496,-0.7560945754232352,0.1048532464295841,0.0,-1.0000000000000009,0.3430656281746314,1.07339404639154,0.5457930586667348
2020-07-13,97.6500015258789,32.189998626708984,0.14,12.499999999999996,0.0142329640287996,0.5200914715470857,0.4031336320804006,0.5181126113417229,0.0311315231810535,0.0,1.0161290450629292,4.899997711181641,-0.3965501107473589,-0.0697414911644488,1.0000000000000009,-0.999999999999998,0.1386861536711774,1.2901217615189178,0.7984944957479767
2020-07-14,98.20999908447266,29.520000457763672,0.15,12.499999999999996,0.0057183608988552,0.4269746213832175,0.3919054434841453,0.5151589538308893,0.0337032643259344,0.0,1.0227975929245905,-2.6699981689453125,-0.4138849293236042,0.0152680131293119,0.999999999999998,0.0,0.2500520878733451,1.0894837734002816,0.7532429301140318
2020-07-15,99.7300033569336,27.76000022888184,0.16,12.499999999999996,0.0153585342264513,0.427052204062594,0.3927089882674137,0.5054025651820409,0.0264714659659629,-0.0818122747144103,1.039411025980559,-1.7600002288818324,-0.4208768658304444,0.0270310237538438,1.0000000000000009,1.0000000000000009,0.3234619021440713,1.0874520747454712,0.7068847685752171
2020-07-16,100.01000213623048,28.0,0.11,12.499999999999996,0.0028036342745986,0.3217653075895009,0.3916754432701037,0.498708960890696,0.0266973113879983,-0.2873503994546216,1.0433907972371002,0.2399997711181605,-0.4161769667948872,-0.0006728715842027,-5.0,-2.0000000000000004,0.3134514837738451,0.8215100362256001,0.7148775977944292
2020-07-17,98.16000366210938,25.68000030517578,0.11,12.499999999999996,-0.0186713646383852,0.2176664273795638,0.3868875618316774,0.4702531109396261,0.0197636753161114,-0.045380023828159,1.0247620322431248,-2.3199996948242188,-0.375156395058027,-0.0433175602630055,0.0,-2.0000000000000004,0.4102189409084329,0.5626090080256021,0.6637587464325962
2020-07-20,97.3000030517578,24.459999084472656,0.13,12.499999999999996,-0.0087998171538318,0.2099884005666933,0.3875871863091357,0.4644159298852761,0.0116135376975976,-0.109903338449219,1.016612710324257,-1.220001220703125,-0.3673687758662599,-0.0107357876696391,2.0000000000000004,-1.0000000000000009,0.4611053337350833,0.5417836501932464,0.6310837909115913
2020-07-21,99.41000366210938,24.84000015258789,0.13,12.499999999999996,0.0214537285061174,0.2633165567812678,0.3928998031849176,0.4620347949257878,0.0242430698453735,0.2078368988875594,1.0378323045131188,0.3800010681152344,-0.328711590178443,-0.0081524397473789,0.0,-1.9999999999999991,0.4452554449820917,0.6701875507362838,0.6322222600070123
2020-07-22,98.69000244140624,24.31999969482422,0.13,12.499999999999996,-0.0072691001404461,0.2414075000360256,0.3917415965079981,0.4623745350306097,0.0263451049731682,-0.2208481895727979,1.0293228194648216,-0.5200004577636719,-0.3817211506514182,-0.0037799354005619,0.0,-3.0,0.4669447245621153,0.6162416812203317,0.6208173937006886
2020-07-23,98.9800033569336,26.07999992370605,0.12,12.499999999999996,0.0029341945169638,0.2415761819229513,0.3897262374716138,0.4623776267147025,0.0139421823258737,-0.1033289589520901,1.0318094052516071,1.7600002288818324,-0.368004247801013,-0.0051641830214401,-1.0000000000000009,0.9999999999999996,0.3935349102913892,0.619861222303635,0.669187686538698
2020-07-24,98.27999877929688,25.84000015258789,0.11,12.499999999999996,-0.0070973082066995,0.2022398966245215,0.3704212295432786,0.4619306976167103,0.0189255253709199,-0.0098382953584658,1.022674546583751,-0.2399997711181605,-0.2990164662972424,-0.0017033523451629,-0.9999999999999996,0.0,0.4035453286616153,0.5459727480357401,0.697584212018519
2020-07-27,96.9000015258789,24.739999771118164,0.11,12.499999999999996,-0.0141410005886468,0.2200577607639622,0.3545556135202122,0.4553371805147317,0.015067069777937,-0.0635837712894856,1.0088445615974917,-1.1000003814697266,-0.2528673000628877,-0.0155551060418751,0.0,-2.0000000000000004,0.4494264725252859,0.620657951453975,0.697774871634004
2020-07-28,97.31999969482422,25.440000534057617,0.11,12.499999999999996,0.0043249801358598,0.1230138540333329,0.2906509379155057,0.4552071245890663,0.0142827722359966,-0.0172733637639966,1.010846808783011,0.7000007629394531,-0.069403400356478,-0.0030274893947999,0.0,-2.0000000000000004,0.4202293592786592,0.423235702989866,0.8752767397383456
2020-07-29,99.68000030517578,24.100000381469727,0.11,12.499999999999996,0.0239605433211731,0.2289229202940452,0.3001136769980194,0.4546152812908972,0.0271869891269647,0.0808022065977818,1.031950179953128,-1.3400001525878906,-0.09413285517351,0.0321071317064607,0.0,-2.0000000000000004,0.4761209215125561,0.7627873630549535,0.803029059606263
2020-07-30,97.0199966430664,24.76000022888184,0.09,12.499999999999996,-0.0270479498840565,0.3068689041908737,0.316194245272308,0.4557925305722106,0.0174190359769765,0.1519544343319653,1.002948615626749,0.6599998474121129,-0.1176062191202037,0.0178516427962878,-2.0000000000000004,-3.0,0.4485922511055003,0.9705075559695804,0.7830629620586045
2020-07-31,96.63999938964844,24.459999084472656,0.09,12.499999999999996,-0.0039243803458602,0.3056758319228283,0.3147524736499804,0.4526264677200665,0.0173841092279201,-0.0204162380097905,0.9973609166407678,-0.3000011444091832,-0.1436906888508444,-0.0011773185948549,0.0,-2.0000000000000004,0.4611053337350833,0.9711626039919684,0.7771185656089024
2020-08-03,96.0999984741211,24.280000686645508,0.1,12.499999999999996,-0.0056034277725664,0.2924378047634008,0.3144885438821063,0.4520879532971314,0.0178980358794314,-0.1144758170393014,0.9901140453077892,-0.1799983978271484,-0.1537628435070149,-0.0010086080214021,1.0000000000000009,-0.9999999999999996,0.468613087845953,0.9298838080188644,0.7720472226723608
2020-08-04,95.5500030517578,23.76000022888184,0.09,12.499999999999996,-0.0057395974730756,0.2881629355457032,0.3037402975792264,0.4522496839383093,0.009628447300488,0.0306454153452083,0.984181894283895,-0.5200004577636683,-0.1720266498060534,-0.0029845933133785,-1.0000000000000009,-2.0000000000000004,0.4903023674259765,0.948714865437109,0.782247216396579
2020-08-05,97.20999908447266,22.989999771118164,0.1,12.499999999999996,0.0172238747898023,0.2487387875744411,0.2899997906014016,0.4516739622153889,0.0282892709175969,0.1325648695199755,0.998884352858544,-0.7700004577636754,-0.1118164385255516,0.013262391472612,1.0000000000000009,-0.9999999999999996,0.5224191760861194,0.8577205764825094,0.7927591852201514
2020-08-06,97.23999786376952,22.64999961853028,0.1,12.499999999999996,0.0003085500643421,0.1538011971042921,0.2885619881658974,0.4512904878359751,0.0160427559940844,-0.3756249613381636,0.9972699865996842,-0.3400001525878871,-0.0984115500597633,0.0001049070689573,0.0,1.0000000000000009,0.53660062199954,0.5329918818547582,0.7849266551874651
2020-08-07,99.37999725341795,22.209999084472656,0.1,12.499999999999996,0.0217687310577201,0.206771891699385,0.2826511985499957,0.4521880317689365,0.0294827972041927,0.3411468324020532,1.015201379154092,-0.4400005340576207,-0.0428736681082325,0.0095782532911535,0.0,1.0000000000000009,0.554953095456155,0.7315443654940345,0.7857740989038869
2020-08-10,100.63999938964844,22.1299991607666,0.11,12.499999999999996,0.0125989283504257,0.1837868679109233,0.222152365337624,0.4483184088570015,0.0199721994079941,0.0165607680775667,1.025891933932399,-0.0799999237060546,0.1413124064120683,0.0010079133068121,0.9999999999999996,0.9999999999999996,0.5582899015795638,0.8273009726077264,0.9961631120665198
2020-08-11,103.81999969482422,24.030000686645508,0.11,12.499999999999996,0.0311088405721841,0.1808285799983237,0.2406721665549824,0.4463621308765464,0.0255249617960748,0.4883242066083907,1.0551476723918431,1.9000015258789065,0.1836723887782576,-0.0591068445554734,0.0,2.0000000000000004,0.4790406169260721,0.751348120502388,0.998453665441025
2020-08-12,102.94000244140624,22.280000686645508,0.11,12.499999999999996,-0.0085123095182159,0.253109042595221,0.2436161643340619,0.4403202020828839,0.045851963364677,-0.2386678231718546,1.0438145993926529,-1.75,0.2629466871760058,-0.0148965416568778,0.0,0.9999999999999996,0.5520333204869057,1.0389665369172374,0.9145534635416784
2020-08-13,102.37000274658205,22.1299991607666,0.1,12.499999999999996,-0.0055525901797672,0.2720789174945567,0.2401731599555522,0.4339927859696618,0.0168018088752132,-0.3470661781479853,1.0367132397581036,-0.1500015258789062,0.3399883893102161,-0.0008328969995453,-0.9999999999999996,0.0,0.5582899015795638,1.1328448089074947,0.921418495091712
2020-08-14,102.41000366210938,22.049999237060547,0.1,12.499999999999996,0.0003906720850105,0.2571392862560269,0.2401211952730587,0.4318823313949967,0.0184552223617165,-0.113922452068273,1.0359193754209983,-0.0799999237060546,0.3387113892923468,3.125373699493178e-05,0.0,0.0,0.5616267077029726,1.070872922998804,0.9182862517399156
2020-08-17,99.70999908447266,21.350000381469727,0.1,12.499999999999996,-0.0267184361878398,0.3337273341327683,0.2499010678231343,0.4242373206127805,0.0247718508011476,0.2112054867329846,1.007855240488331,-0.6999988555908203,0.2654422329346007,-0.0187028747546642,0.0,-0.9999999999999996,0.590823741393866,1.3354378076085751,0.854338101371381
2020-08-18,98.31999969482422,21.51000022888184,0.09,12.499999999999996,-0.0140385015049245,0.1630226363970669,0.2530613880469267,0.4231986368334104,0.0182058677897001,-0.1235165143366113,0.993317642754833,0.1599998474121129,0.2179035523454435,0.0022461580986826,-1.0000000000000009,-2.0000000000000004,0.5841501291470483,0.6442019371475062,0.8499913951666586
2020-08-19,98.5500030517578,22.540000915527344,0.11,12.499999999999996,0.0023366024114462,0.1890858785177348,0.2415150241462062,0.4193844495527385,0.0228310495213106,0.0213977804995389,0.9960534503610294,1.0300006866455045,0.1914447832707993,-0.0024067020882071,2.0000000000000004,0.0,0.5411886806968939,0.7829155937034694,0.9332753105199068
2020-08-20,97.37000274658205,22.71999931335449,0.11,12.499999999999996,-0.0120458813669753,0.1878561918264622,0.2437796770207104,0.4192871381410077,0.0126321833505571,0.0102626830690376,0.9847527004833456,0.1799983978271448,0.1687443061801905,0.0021682393464714,0.0,0.9999999999999996,0.5336809265860243,0.7705982472464381,0.9319890645118996
2020-08-21,97.31999969482422,22.540000915527344,0.1,12.499999999999996,-0.0005136684188222,0.184784904698888,0.2434348592228552,0.4189037277317919,0.0167488415385257,-0.1116408925790459,0.9850344806329316,-0.1799983978271448,0.1626975996464429,-9.245949240241535e-05,-0.9999999999999996,0.0,0.5411886806968939,0.7590733113934377,0.9259150882287096
2020-08-24,100.05999755859376,22.3700008392334,0.12,12.499999999999996,0.0277654668811112,0.2652007313042306,0.2613767004707136,0.3997993146979206,0.0278832798680965,0.3809527986851776,1.0118995187413724,-0.1700000762939453,0.1492789142108176,0.0047201314881259,1.9999999999999991,1.9999999999999991,0.5482794036536042,1.0146303432043875,0.8558529049814784
2020-08-25,100.5,22.030000686645508,0.11,12.499999999999996,0.0043877458384944,0.2307015773780879,0.2558039828327253,0.3835987452316691,0.0216915453251322,-0.2710468039663878,1.0145902932249395,-0.3400001525878906,0.0969920868833976,0.001491834254605,-0.9999999999999996,2.0000000000000004,0.5624608495670247,0.9018685902515744,0.861206320663557
2020-08-26,99.08999633789062,23.270000457763672,0.11,12.499999999999996,-0.0141292363857293,0.266720539425436,0.2613787880918702,0.3834642790963799,0.012311975339554,-0.1243951220737407,0.9995052283112952,1.239999771118164,0.0036493208911055,0.0175202498843788,0.0,0.0,0.5107403148763221,1.020436820342469,0.8902788412036197
2020-08-27,102.3499984741211,24.46999931335449,0.11,12.499999999999996,0.0323698060854565,0.3115078256325115,0.2721454353164911,0.3852575137051889,0.0356619597488494,0.6092010289445446,1.0310660473917748,1.1999988555908168,0.2499250925145622,-0.0388437302582444,0.0,0.0,0.4606882230251907,1.144637334336488,0.8991515615500637
2020-08-28,102.7699966430664,22.959999084472656,0.1,12.499999999999996,0.0040951517735948,0.3033417221708403,0.2519654697348989,0.3845001877834322,0.0140118953823415,-0.4769388610129053,1.0324492347107823,-1.5100002288818324,0.3164106745994033,0.0061836801154341,-0.9999999999999996,0.0,0.5236705082157977,1.203901957240395,0.9112359367587004
2020-08-31,100.19000244140624,26.40999984741211,0.11,12.499999999999996,-0.0254250413335177,0.3486576271572492,0.269528753407049,0.3879727009484887,0.0215590738544257,0.0330812512310233,1.0048235828447658,3.450000762939453,-0.0267883716242378,0.0877164119984034,0.9999999999999996,-0.9999999999999996,0.3797705750878611,1.293582308937176,0.9798583458562238
2020-09-01,100.13999938964844,26.1200008392334,0.12,12.499999999999996,-0.0004992068321188,0.3467332273634497,0.2683592206742261,0.3730892521755218,0.0182744342141854,-0.203981513580946,1.0023880619833418,-0.2899990081787109,-0.0297388563839178,-0.0001447694861905,0.9999999999999996,0.9999999999999996,0.3918664674518179,1.2920488682755775,0.9733222795031776
2020-09-02,101.6500015258789,26.56999969482422,0.12,12.499999999999996,0.0149663542786452,0.3372283403163185,0.2704504414067243,0.3719544914114808,0.0234137220569204,0.2218456657187315,1.014553040252242,0.4499988555908203,-0.0320196414564966,-0.0067348422977571,0.0,0.9999999999999996,0.3730969628410436,1.24691362514424,0.9824350648726132
2020-09-03,101.33000183105467,33.599998474121094,0.11,12.499999999999996,-0.0031530195550224,0.2350985136409614,0.266073080509537,0.3606814876579545,0.0429290278842956,0.4751747863966623,1.009382651572209,7.029998779296875,-0.0543254276803195,0.0221657236229067,-0.9999999999999996,0.0,0.0798748960237644,0.8835862432634731,1.2628108942767229
2020-09-04,103.5199966430664,30.75,0.11,12.499999999999996,0.0213822627942763,0.2891647259762592,0.2742959369079656,0.3610836601070259,0.0370942471253239,0.048054679660049,1.0281352086333586,-2.8499984741210938,-0.141514257972506,0.0609394163369437,0.0,0.9999999999999996,0.1987486638925353,1.0542071065138765,1.121051968418968
2020-09-08,99.91999816894533,31.459999084472656,0.13,12.499999999999996,-0.0353949508326,0.3498456444931753,0.2956096239976349,0.3641594798158281,0.0409327102966438,-0.0997341744868074,0.9921275291549092,0.7099990844726562,-0.1235073199646415,0.0251303826861006,2.0000000000000004,2.0000000000000004,0.169134519491749,1.1834717684833371,1.064241368702
2020-09-09,100.87000274658205,28.809999465942383,0.12,12.499999999999996,0.0094627388035571,0.3569937415274677,0.2941560024544644,0.355689096129791,0.0211163361238695,-0.4981778662550889,1.001451424496001,-2.649999618530273,-0.1463726499537528,0.0250762542196781,-1.0000000000000009,0.0,0.2796663118298647,1.213620454958184,0.9794122583101867
2020-09-10,99.83000183105467,29.709999084472656,0.12,12.499999999999996,-0.0103638286056111,0.3415432531686598,0.2734391159230234,0.3101786072059905,0.0278473277402274,0.1699632375035813,0.9929992903525858,0.8999996185302734,-0.2390920145939765,0.0093274417915631,0.0,0.0,0.2421272230525826,1.2490650871794382,1.0865306883465933
2020-09-11,101.06999969482422,26.8700008392334,0.11,12.499999999999996,0.0123445853770601,0.3600771541919805,0.2765789380883924,0.3064383712780537,0.0175126573444679,-0.1442217809949852,1.0062246909456647,-2.839998245239258,-0.3047519169817078,0.035058600809057,-0.9999999999999996,0.0,0.3605838802114607,1.3018965098380078,0.9715129078500532
2020-09-14,102.47000122070312,25.850000381469727,0.11,12.499999999999996,0.0137567416572903,0.3339882152857288,0.2805228083789987,0.3064443746852135,0.0203961775445782,0.3218240862075153,1.0201143541149558,-1.020000457763672,-0.3231857128177711,0.0140318827877727,0.0,0.0,0.4031282179517226,1.1905920135894832,0.921493711361439
2020-09-15,99.27999877929688,25.59000015258789,0.11,12.499999999999996,-0.0316259561236194,0.3105213845370574,0.3011911846642866,0.3125307610938917,0.0373690484497297,0.2194031416198124,0.9898257980932538,-0.2600002288818359,-0.2841781774563611,-0.0082227558307479,0.0,-2.0000000000000004,0.4139728577417344,1.0309776658409524,0.8496264650345258
2020-09-16,99.6999969482422,26.040000915527344,0.12,12.499999999999996,0.0042215177575934,0.301181345272003,0.2872698159064226,0.3084350930158146,0.0237712656943993,-0.2061768727574741,0.9940179178955226,0.4500007629394531,-0.3273437107341713,-0.0018996862116795,0.9999999999999996,0.0,0.3952032735752268,1.0484267005974344,0.9064649146435144
2020-09-17,98.55999755859376,26.459999084472656,0.09,12.499999999999996,-0.0115001713439379,0.3031914822910779,0.28583838873062,0.3091095226169361,0.0165381218932045,-0.0522206885667326,0.9825400682289976,0.4199981689453125,-0.3330239520324937,0.0048300509070112,-3.0,-3.0,0.3776851010941306,1.0607094576677445,0.9256978813090464
2020-09-18,98.3499984741211,25.82999992370605,0.1,12.499999999999996,-0.002132945694163,0.2744069620577556,0.285820232560319,0.3082691775694991,0.0208438785375548,0.0954339350761965,0.9805396939849744,-0.6299991607666051,-0.3332867269884654,-0.0013437539972834,1.0000000000000009,-0.9999999999999996,0.4039624393715082,0.9600683604504636,0.903714887232657
2020-09-21,95.30999755859376,27.780000686645508,0.1,12.499999999999996,-0.0313978179861766,0.2622024740079487,0.3033387517729745,0.3139134200865561,0.02339737083261,0.1939069826539828,0.9511614254781332,1.950000762939457,-0.3737325456055462,0.0612257690276786,0.0,-0.9999999999999996,0.3226276807242859,0.8643883199077279,0.9158078393965532
2020-09-22,94.2699966430664,26.86000061035156,0.1,12.499999999999996,-0.010971741535826,0.2136535700341301,0.3052767136480546,0.313615227816845,0.0211096378914575,-0.2378262165888183,0.942148145565086,-0.9200000762939488,-0.3557210157587278,-0.0100940030500374,0.0,-0.9999999999999996,0.3610009909213536,0.6998685470665991,0.8798575000816387
2020-09-23,92.73999786376952,28.57999992370605,0.11,12.499999999999996,-0.0163631138695858,0.1708622652801342,0.2898264801994824,0.3079308223957919,0.0290057674571352,0.0354898415265785,0.930097269233768,1.7199993133544922,-0.3801566721302067,0.028144544620029,0.9999999999999996,-0.9999999999999996,0.2892596194901984,0.5895329687009027,0.9861072702547724
2020-09-24,92.66000366210938,28.51000022888184,0.1,12.499999999999996,-0.0008629364181856,0.1971836238276858,0.2885671089935872,0.2997983604464861,0.0315131198244695,-0.0828361194849064,0.9327875341777454,-0.0699996948242116,-0.3772115695250595,-6.040528592569456e-05,-0.9999999999999996,1.0000000000000009,0.292179314903714,0.6833198160226495,0.98798509394622
2020-09-25,93.47000122070312,26.3799991607666,0.1,12.499999999999996,0.0087036227438199,0.2423726521445662,0.2891758288879251,0.2783195167065155,0.0197924301910816,-0.3232832494259188,0.9434833981649428,-2.130001068115238,-0.3891091817397947,0.0185387257408084,0.0,0.0,0.3810219072175395,0.8381497619515832,0.9122477235464448
2020-09-28,96.16000366210938,26.190000534057617,0.11,12.499999999999996,0.0283729666160661,0.2810602734464077,0.2833266977598759,0.2838805809728593,0.0268303008818551,0.4522217188533434,0.973532769398278,-0.1899986267089843,-0.4584020394228122,0.0053908246927124,0.9999999999999996,0.9999999999999996,0.3889467720383019,0.9920006680225064,0.9243746085748006
2020-09-29,95.3499984741211,26.270000457763672,0.09,12.499999999999996,-0.0084591928268939,0.2743673252095382,0.2827188272362638,0.2835789614224149,0.0178290191446998,-0.4862630987584448,0.9687977644638124,0.0799999237060546,-0.4501108014225472,0.0006767347807663,-2.0000000000000004,-1.0000000000000009,0.3856099659148931,0.9704600429042304,0.9291917596916968
2020-09-30,96.2699966430664,26.3700008392334,0.1,12.499999999999996,0.0096023928763852,0.2197028364367921,0.2745185528202626,0.2836232233621133,0.0201516036112944,0.2441141958183753,0.9800040422196076,0.1000003814697265,-0.3868399026106532,-0.0009602429506607,1.0000000000000009,-0.9999999999999996,0.3814389383716988,0.8003205400133364,0.9605908441641396
2020-10-01,96.97000122070312,26.700000762939453,0.09,12.499999999999996,0.0072449559850281,0.2075289033714492,0.2763215122004414,0.2835804894713307,0.0179436716702653,-0.0386569902656873,0.9886491240090108,0.3299999237060547,-0.3799082064229506,-0.002390834922313,-1.0000000000000009,-1.0000000000000009,0.367674603168171,0.7510414289456749,0.9662657297406322
2020-10-02,97.88999938964844,27.6299991607666,0.09,12.499999999999996,0.0094427281333467,0.207507882216194,0.2728062286119181,0.2798706627773167,0.0357544184474692,-0.0406868002945326,0.9998540834083908,0.9299983978271484,-0.3792265967979494,-0.0087817220351297,0.0,-1.0000000000000009,0.3288842618169441,0.7606420251913872,1.012806756698792
2020-10-05,99.04000091552734,27.959999084472656,0.1,0.0,0.0116794251420387,0.1298549527723953,0.2766868080476787,0.2743958819844866,0.0173667326817791,-0.0881089177202148,1.0127282612081507,0.3299999237060547,-0.5334059724156499,-0.0038542094058033,1.0000000000000009,-0.9999999999999996,0.3151199266134162,0.4693210843287428,1.0105288098756982
2020-10-06,98.0199966430664,29.479999542236328,0.1,0.0,-0.0103523129463362,0.1430684193473611,0.2658391579864777,0.2746577505937971,0.0341766842363797,0.32610700373377,1.004989717917607,1.520000457763672,-0.4796669337442891,0.0157355204173438,0.0,1.0000000000000009,0.2517205307129162,0.5381766193926875,1.108941202098446
2020-10-07,99.7300033569336,28.059999465942383,0.1,0.0,0.0172950628400288,0.1655437614640594,0.2458457460860944,0.2726843524365365,0.0168454852965666,-0.1612245750505909,1.0226171142294271,-1.420000076293945,-0.5021668747375595,0.0245589905523495,0.0,0.0,0.3109488990702219,0.6733643518325776,1.1413660766013765
2020-10-08,101.77999877929688,26.36000061035156,0.09,0.0,0.0203470410931458,0.1906796167437762,0.2539332356139989,0.2546192264205478,0.0198466954931552,-0.0437018083662166,1.043173957125768,-1.699998855590824,-0.5361249763135084,0.0345899465730073,-1.0000000000000009,0.0,0.3818560490815917,0.7509045292268326,1.0380681578216526
2020-10-09,101.1999969482422,25.0,0.1,0.0,-0.0057148824694851,0.2199908944264501,0.2519467793039698,0.2534914251966362,0.019762846445765,-0.1344459358411028,1.036536270859438,-1.360000610351559,-0.4898554664048046,-0.0077722436465872,1.0000000000000009,1.0000000000000009,0.438581832735274,0.8731641461510192,0.9922730534228378
2020-10-12,102.44000244140624,25.06999969482422,0.1,0.0,0.0121785584662171,0.2207369476173078,0.2518503080597161,0.2543528528045461,0.0209879097485249,0.1596072720402891,1.048536338101377,0.0699996948242187,-0.4604697004693783,-0.0008524953760341,0.0,0.0,0.435662137321758,0.8764608998015161,0.9954325602365306
2020-10-13,100.77999877929688,26.06999969482422,0.11,0.0,-0.0163373740239737,0.2518488752513529,0.2536729114526101,0.2548119403045928,0.0293708981973188,0.3009806610794846,1.0323955905979565,1.0,-0.4654516903202551,0.0163373740239737,0.9999999999999996,0.9999999999999996,0.3939520210012818,0.9928094955397004,1.027701363363525
2020-10-14,100.22000122070312,26.39999961853028,0.12,0.0,-0.0055721294280854,0.2365425903552347,0.2285853873043533,0.2550101310853087,0.0182598464255122,-0.3556227005200823,1.0261883932182023,0.3299999237060582,-0.5498557933153214,0.0018388022861484,0.9999999999999996,1.9999999999999991,0.3801876857977537,1.0348106374808934,1.154929452396693
2020-10-15,101.72000122070312,26.96999931335449,0.11,0.0,0.0148561708427261,0.2099357687932942,0.2337081663153976,0.2538280156878708,0.0269366676257162,0.1216684334872187,1.0405225863793606,0.5699996948242116,-0.5179458857314971,-0.0084680128466102,-0.9999999999999996,2.0000000000000004,0.3564129322239999,0.898281699365089,1.154003291308079
2020-10-16,101.51000213623048,27.40999984741211,0.11,0.0,-0.0020666157136675,0.2053558568773021,0.2296224295079747,0.2531746465054015,0.015860512033,-0.2573509946811107,1.0368844717146568,0.4400005340576207,-0.5161061661902493,0.0009093120177055,0.0,0.9999999999999996,0.3380604587673849,0.8943196765112625,1.1936987125406304
2020-10-19,99.8000030517578,29.18000030517578,0.11,0.0,-0.0169891229447186,0.2062508388728906,0.2381159774596229,0.2520209662039828,0.0231463438612349,-0.1240995530851853,1.0186990235993352,1.770000457763672,-0.5699450816569308,0.0300707553891552,0.0,0.9999999999999996,0.2642335337867657,0.8661780745387586,1.22545326930545
2020-10-20,100.37000274658205,29.350000381469727,0.1,0.0,0.0056951712941267,0.1901244882836555,0.2078690416641823,0.2518218386079305,0.0164391137922983,-0.040783973348143,1.022003622256089,0.1700000762939453,-0.4835179353147669,-0.0009681795545086,-0.9999999999999996,-0.9999999999999996,0.2571428108300554,0.9146359013421846,1.4119466827044589
2020-10-21,99.37000274658205,28.64999961853028,0.1,0.0,-0.0100131003070563,0.1995070442594191,0.207113511446359,0.2525948273494755,0.0167052026449897,-0.0479088868152746,1.009325338663448,-0.7000007629394496,-0.5027264740719413,-0.0070091778543286,0.0,-1.9999999999999991,0.2863399240766821,0.96327392098265,1.383299400336343
2020-10-22,102.87999725341795,28.11000061035156,0.09,0.0,0.0347129489091368,0.3179731008136873,0.2234069508500974,0.261463402544526,0.0381998484651513,0.3240473868123838,1.0398771337103423,-0.539999008178718,-0.43702136771609,0.0187449579818924,-1.0000000000000009,-2.0000000000000004,0.3088633455207582,1.4232909925306767,1.2582419885947471
2020-10-23,103.80999755859376,27.549999237060547,0.1,0.0,0.0089990478947677,0.3181742888280266,0.2227898930583255,0.2602083188941606,0.0146421026761751,0.0167356737132154,1.0436761851616112,-0.5600013732910121,-0.443114827149434,0.0050394791793815,1.0000000000000009,-0.9999999999999996,0.3322210679403528,1.4281360992651937,1.236591070576441
2020-10-26,101.23999786376952,32.459999084472656,0.11,0.0,-0.0250683671108617,0.355500975934521,0.2460070635599524,0.2653150714194457,0.0241998913466885,-0.195314210655155,1.0140659426412326,4.909999847412109,-0.6028668619281574,0.1230856786892019,0.9999999999999996,0.0,0.1274244031712728,1.4450844247725625,1.319474270971983
2020-10-27,99.33000183105467,33.349998474121094,0.1,0.0,-0.019046255914947,0.3852405935886369,0.2411258672472732,0.2638804080744121,0.0177186597643422,-0.1775515931585215,0.9934324753964634,0.8899993896484375,-0.6132835153827371,0.0169511561393907,-0.9999999999999996,0.0,0.0903024251038835,1.5976742685743248,1.383095014021074
2020-10-28,96.54000091552734,35.514999032020576,0.1,0.0,-0.0284902189455735,0.4290442107892895,0.2607801031137698,0.2644950901500266,0.0230992680317543,0.4556334752927409,0.9649818486713876,2.165000557899482,-0.6628241068948725,0.0616813399118451,0.0,0.0,0.0,1.645233687947855,1.36187533511813
2020-10-29,97.16999816894533,35.514999032020576,0.09,0.0,0.0065045632917746,0.2833118892302737,0.2596495991525134,0.2647011148444697,0.0281980605618634,-0.142779394913083,0.9708631876863394,0.0,-0.6641409355973678,-0.0,-1.0000000000000009,0.0,0.0,1.0911316256793506,1.3678048858130418
2020-10-30,98.04000091552734,35.514999032020576,0.09,0.0,0.0089135649906955,0.2829241272825926,0.2602639735057965,0.2650248143173381,0.0223377681717757,0.0670720292953366,0.9790572997249112,0.0,-0.6674099255999628,-0.0,0.0,-1.0000000000000009,0.0,1.0870660409566495,1.3645760707341847
2020-11-02,100.25,35.514999032020576,0.09,0.0,0.0222914981884625,0.3342904251400055,0.2694562613295294,0.2683299751616895,0.0301246547936797,-0.0121102846989223,1.0000047474429563,0.0,-0.6723777305761914,-0.0,0.0,-2.0000000000000004,0.0,1.2406110865287625,1.3180246343798183
2020-11-03,103.41000366210938,35.514999032020576,0.1,0.0,0.031034638423698,0.3610740120869718,0.2867847839563098,0.2731520605871948,0.0198239565783365,0.1523828650178512,1.0293893508384917,0.0,-0.6507262816306685,-0.0,1.0000000000000009,0.0,0.0,1.2590417354289605,1.2383850545373114
2020-11-04,100.25,29.56999969482422,0.1,0.0,-0.0310346384236981,0.3773800127561646,0.3063426315443577,0.2805584877721194,0.0313216896723036,0.0772412805424821,0.9968794929727194,-5.944999337196357,-0.1635697582284098,-0.1845009048590141,0.0,0.0,0.2479666138796147,1.231888656350857,0.9652590482021288
2020-11-05,104.3499984741211,27.57999992370605,0.1,0.0,0.0400835527138294,0.4414239350550382,0.3307483304530624,0.2884852181306707,0.0392908340591676,-0.0571500045072711,1.0353845388077774,-1.989999771118168,-0.2147324288053782,0.0797662607261237,0.0,1.0000000000000009,0.3309697358106747,1.334621808824768,0.8338666407152135
2020-11-06,102.95999908447266,24.86000061035156,0.1,0.0,-0.013410064504705,0.4847716749478079,0.3280160858979558,0.2888418224158806,0.0263208926628802,-0.3513536283577353,1.0210233909480926,-2.719999313354492,-0.1270538218681689,-0.0364753662448373,0.0,1.0000000000000009,0.4444212235623063,1.4778899443932088,0.7578896791691302
2020-11-09,116.9000015258789,25.75,0.11,0.0,0.1269783271350759,0.9758155046976148,0.5458380095086308,0.3796780708358215,0.0731394605659183,0.6657570993238476,1.1507307877313513,0.889999389648441,-0.0059202567169844,-0.1130106336487977,0.9999999999999996,2.0000000000000004,0.4072992454949169,1.787738280769517,0.4717516836759027
2020-11-10,116.5199966430664,24.799999237060547,0.1,0.0,-0.0032559782495802,1.0050691020385378,0.5465639422441542,0.3792383845942509,0.0236868742391969,-0.1733607235110944,1.1394696533036677,-0.9500007629394532,0.000536250936942,-0.0030931818212155,-0.9999999999999996,0.0,0.4469238878216627,1.838886586465607,0.4537437858639823
2020-11-11,114.77999877929688,23.450000762939453,0.1,0.0,-0.0150456612362375,0.9552133378435818,0.5459127584845546,0.3804766791864729,0.0261369579360992,-0.3521025612627465,1.1151835218971886,-1.3499984741210938,0.0367963156275446,-0.0203116197110636,0.0,0.0,0.5032324812097191,1.7497545587599734,0.4295558291774732
2020-11-12,113.37000274658205,25.350000381469727,0.1,0.0,-0.0123604117888447,0.9823739625217994,0.5482577002847524,0.3815240888728413,0.0167592968143962,0.4236644345135064,1.0948233672217942,1.8999996185302728,0.0139772953054882,0.0234847776836821,0.0,0.0,0.4239832761119607,1.791810606602656,0.4623738137796062
2020-11-13,114.08000183105467,23.100000381469727,0.09,0.0,0.0062431424603887,0.9540743857778547,0.547290124754195,0.3772465749196241,0.011307861981259,-0.6217513606394348,1.0954534574770092,-2.25,0.0085921191948598,0.0140470705358745,-1.0000000000000009,-1.0000000000000009,0.5178310378330324,1.7432698720927209,0.4220796125609731
2020-11-16,117.3000030517578,22.450000762939453,0.09,0.0,0.0278348089595147,0.2750888744490916,0.5518909526036593,0.3792393542544474,0.0245524056137252,0.5164865259912673,1.1182992183254596,-0.6499996185302734,0.0057355788611865,0.0180926152055476,0.0,-2.0000000000000004,0.5449425975301954,0.4984478784283438,0.4067832722574441
2020-11-17,116.11000061035156,22.709999084472656,0.09,0.0,-0.0101967587805385,0.2855640476452492,0.5486810037736,0.3801292080193862,0.0160192972231001,-0.3108262619704245,1.0988179545906984,0.2599983215332031,0.0334018545304036,0.0026511401680189,0.0,-1.0000000000000009,0.5340980372959169,0.5204555027078728,0.4139016829138009
2020-11-18,115.25,23.84000015258789,0.09,0.0,-0.0074343410188234,0.2659201253216159,0.5510172607506099,0.3795183013561763,0.0295878842699293,-0.1464024172682224,1.083414280804696,1.1300010681152344,0.0195184719893287,0.0084008132920034,0.0,-1.0000000000000009,0.4869655613025679,0.4825985395799991,0.4326543259300521
2020-11-19,115.55999755859376,23.11000061035156,0.07,0.0,0.002686172594535,0.239041538696765,0.547945443793519,0.3794629489337835,0.0195569590167613,-0.2087756951415963,1.078512044076329,-0.7299995422363317,0.0159206230215651,0.0019609047643783,-1.9999999999999991,-3.0,0.5174139271231398,0.4362506183860934,0.4217573277068811
2020-11-20,114.56999969482422,23.700000762939453,0.07,0.0,-0.0086038672294205,0.252448098631453,0.541030629887163,0.3766701608643228,0.0136161751954578,0.2204562878872943,1.063745967847333,0.5900001525878942,0.0136232808900668,0.0050762829782041,0.0,-1.9999999999999991,0.4928049521295999,0.466605927069422,0.4380528468024501
2020-11-23,117.87000274658205,22.65999984741211,0.08,0.0,0.0283963582983959,0.2562318127850326,0.5469213330448185,0.3802931802526433,0.0220581862521124,0.0378244803335937,1.0876244264955468,-1.0400009155273438,0.0015227163184041,0.0295322386279742,0.9999999999999996,-0.9999999999999996,0.5361835112896474,0.4684984792210239,0.4143191804433636
2020-11-24,123.31999969482422,21.63999938964844,0.09,0.0,0.0452002550030155,0.3773365736992158,0.5507033424924452,0.3881597435711221,0.0307330597219131,0.4208803084138746,1.1269794922600822,-1.0200004577636683,0.1223141775858428,0.0461042807941104,0.9999999999999996,0.0,0.578727849029909,0.6851902732084694,0.3929520255262534
2020-11-25,122.02999877929688,21.25,0.09,0.0,-0.0105156944028392,0.3878476624797543,0.5459244093923402,0.3846432984700805,0.0156518565256174,-0.5408725778950971,1.1042820134934188,-0.389999389648441,0.1569037634066603,-0.0041011143988368,0.0,0.0,0.6002524558406312,0.7104420608550209,0.3892480283791127
2020-11-27,121.22000122070312,20.84000015258789,0.09,0.0,-0.0066598195471594,0.4063593592614379,0.5316834632923306,0.3850963195949948,0.0104767912083597,-0.6718988935193201,1.0854087604639375,-0.4099998474121094,0.2679585700896987,-0.0027305249981275,0.0,1.9999999999999991,0.626734987195374,0.7642881287771275,0.3919625414629386
2020-11-30,117.87999725341795,20.56999969482422,0.08,0.0,-0.0279399520236052,0.4777379675792165,0.5483502223089656,0.3858728272546224,0.0250254890258846,0.8790249219469352,1.0462633189286894,-0.2700004577636719,0.2481247913242198,-0.0075437998362684,-0.9999999999999996,0.9999999999999996,0.6382660772369837,0.8712278178124584,0.3751252184818873
2020-12-01,119.73999786376952,20.770000457763672,0.09,0.0,0.0156555730869506,0.4471839402504411,0.5488029846490143,0.3867004709285904,0.0162853233040414,-0.1288971441591561,1.0531134110589269,0.2000007629394531,0.252490256405221,-0.0031311265616445,0.9999999999999996,0.9999999999999996,0.629724510956144,0.8148351097916069,0.3784600492114137
2020-12-02,122.04000091552734,21.170000076293945,0.09,0.0,0.0190261596937012,0.3095420259050466,0.5479615399460059,0.387302810425876,0.0249098729328227,-0.1585582878659406,1.0636353519818984,0.3999996185302734,0.2525939018672016,-0.0076104566195765,0.0,0.0,0.6126414598528777,0.5648973574597,0.3863409844125184
2020-12-03,121.23999786376952,21.280000686645508,0.08,0.0,-0.0065768327805784,0.3039982654239552,0.5447012032461129,0.3875807998284034,0.0126195876464469,0.1769764550425796,1.0489012495078365,0.1100006103515625,0.2297014499635747,0.0007234556200437,-0.9999999999999996,-0.9999999999999996,0.6079435902525745,0.558100961797581,0.3906729149821712
2020-12-04,122.33999633789062,20.790000915527344,0.09,0.0,0.0090319893107973,0.306962197331657,0.5262891784990378,0.3859639579322269,0.0130782942783656,0.0513022060368779,1.048872566588094,-0.489999771118164,0.0627851683448673,0.0044256726950323,0.9999999999999996,0.0,0.6288703380363774,0.5832576649345228,0.3950299904478342
2020-12-07,121.87999725341795,21.299999237060547,0.08,0.0,-0.0037670922981759,0.1815889658540094,0.515984311892829,0.3784013661096564,0.0160813843833402,-0.334242637040046,1.0375036284281725,0.5099983215332031,0.1246910410538224,0.0019212107491303,-0.9999999999999996,0.0,0.607089498791221,0.351927300246535,0.4128032334728154
2020-12-08,122.0,20.68000030517578,0.09,0.0,0.0009841131508817,0.1649842219593458,0.5110573149421737,0.3782066719495208,0.0128688499575753,-0.0136880644540873,1.0305712018755568,-0.6199989318847656,0.0633396301479519,0.0006101491024004,0.9999999999999996,0.0,0.6335682076366806,0.3228291957390608,0.4046512925368406
2020-12-09,121.0500030517578,22.270000457763672,0.08,0.0,-0.0078173361384681,0.1087818085222176,0.2744781248802037,0.377874577744973,0.0236266050247739,0.3096780333674061,1.020842146183017,1.5900001525878906,-0.336314055632511,0.0124295656529952,-0.9999999999999996,-0.9999999999999996,0.5656630082250853,0.3963223246650186,0.8113579348985802
2020-12-10,120.2699966430664,22.520000457763672,0.08,0.0,-0.0064645211839088,0.1084624358062417,0.275425772956592,0.3778685030118121,0.0101438534526927,0.0444687228696015,1.0127390575747477,0.25,-0.3604042850613391,0.0016161302959772,0.0,0.0,0.5549860911032422,0.3937991519164613,0.8176431789959211
2020-12-11,119.55999755859376,23.309999465942383,0.08,0.0,-0.0059208704150676,0.0546740289236163,0.2702812983691389,0.3775904096568631,0.0138005514400896,-0.3143432011476646,1.004834535070556,0.7899990081787109,-0.463579385716048,0.004677481755458,0.0,-0.9999999999999996,0.5212470753565928,0.2022856529605125,0.8624347894802014
2020-12-14,118.3000030517578,24.71999931335449,0.09,0.0,-0.0105945202147019,0.068003888958473,0.2691707567515157,0.3721804340015716,0.0279796912358962,0.1934863231341771,0.9922871657533802,1.4099998474121058,-0.4570643949574872,0.0149382718861342,0.9999999999999996,0.9999999999999996,0.4610292693060707,0.2526421881008813,0.9183761123120328
2020-12-15,120.31999969482422,22.88999938964844,0.08,0.0,0.0169310608840519,0.1771996051222806,0.2737868385196858,0.3732467127959116,0.0189494579876976,0.0386890123047395,1.0067215183409843,-1.829999923706048,-0.5339715800354548,0.0309838401260775,-0.9999999999999996,-0.9999999999999996,0.5391842993796255,0.6472173975942953,0.8360518538221334
2020-12-16,120.66999816894533,22.5,0.09,0.0,0.0029046742462803,0.1742966357968517,0.2579217527878742,0.3720847383427891,0.0101102282192383,-0.1197408372240639,1.008296120396304,-0.389999389648441,-0.5129801027258698,0.0011328211831768,0.9999999999999996,0.9999999999999996,0.5558402640230087,0.6757733068765263,0.872357595154254
2020-12-17,119.66999816894533,21.93000030517578,0.08,0.0,-0.0083215926268837,0.1786578585753395,0.2569440593902261,0.3726515427067324,0.0156262651107217,0.0393777232408132,0.9985258854580265,-0.5699996948242188,-0.4800785207451322,-0.0047433052577752,-0.9999999999999996,0.0,0.580183622027465,0.6953181132084797,0.8534931828048318
2020-12-18,119.08000183105467,21.56999969482422,0.08,0.0,-0.0049423877603061,0.1770881907794901,0.2560031318717443,0.3663968366471227,0.0135203273899486,0.7431452280162283,0.9920932048134234,-0.3600006103515625,-0.4580708668865588,-0.0017792626103043,0.0,0.0,0.5955584087496113,0.6917422825444576,0.8425678052107047
2020-12-21,123.5500030517578,25.15999984741211,0.09,0.0,0.0368504056109556,0.2937459238723537,0.2837539427441117,0.3711539867867319,0.0316471352936461,0.0,1.026081655256257,3.59000015258789,0.0079656043880772,-0.1322929617662564,0.9999999999999996,0.0,0.4422378723632709,1.035213541111049,0.8866837092762903
2020-12-22,121.66999816894533,24.229999542236328,0.09,0.0,-0.0153335103852025,0.3243884707371854,0.2881991716503048,0.3709267232114939,0.0156981676786311,-0.7286018164485336,1.0076389053557584,-0.9300003051757812,0.0659760402043535,-0.0142601693376543,0.0,0.9999999999999996,0.4819560170898734,1.1255704479636466,0.8407380008585357
2020-12-23,125.06999969482422,23.309999465942383,0.09,0.0,0.0275611313707698,0.3714288685970492,0.2872798606163846,0.3736618107653381,0.0333413142969559,0.2391629053049486,1.032864055910786,-0.9200000762939452,0.0757929456200729,0.0253562429638557,0.0,0.0,0.5212470753565928,1.2929164884726532,0.8114038838618446
2020-12-24,124.5199966430664,21.530000686645508,0.09,0.0,-0.0044072595063596,0.3620699296059205,0.2430737973816727,0.3740194100435257,0.0159010874583398,-1.2795696707162547,1.027836935166187,-1.779998779296875,0.2390855754846989,-0.0078449165413646,0.0,0.9999999999999996,0.5972666731307313,1.4895473453167016,0.8857392659579532
2020-12-28,125.33999633789062,21.700000762939453,0.11,0.0,0.0065636969647095,0.3450831842453131,0.2405429401108025,0.3709043791812516,0.0148396414927074,0.6617833455829777,1.0332612115683222,0.1700000762939453,0.2321497606360777,-0.0011158289847709,2.0000000000000004,3.0,0.5900063662295415,1.4346011738542637,0.9021258638039292
2020-12-29,125.01000213623048,23.07999992370605,0.1,0.0,-0.0026362643881769,0.255548308150109,0.2392711674260267,0.3702784783341825,0.0111191053987318,0.0384695530140956,1.0290099026742607,1.379999160766598,0.2027266856551904,0.003638042643243,-0.9999999999999996,1.0000000000000009,0.5310698195586694,1.0680280072989343,0.9645959507779592
2020-12-30,125.36000061035156,22.770000457763672,0.08,0.0,0.0027958517256073,0.2036582124117754,0.2140345538900307,0.3701324489900739,0.0075781504755651,-0.1257354709135405,1.0288742743144006,-0.3099994659423792,0.1913668640782345,0.0008667125417923,-2.0000000000000004,-0.9999999999999996,0.544309173981399,0.951520250867593,1.063846937044694
2020-12-31,127.06999969482422,22.75,0.09,0.0,0.0135485103982521,0.1151580856314747,0.2125755055298026,0.3705583075140915,0.0197529089655982,0.1482475298412443,1.0399296991195852,-0.0200004577636718,0.1848427744018212,0.0002709764099809,0.9999999999999996,0.0,0.5451633469011656,0.5417279161325098,1.0702079688485324
2021-01-04,125.87000274658205,26.96999931335449,0.09,0.0,-0.0094884631906107,0.1393402537852726,0.2081028607787838,0.3714218849235408,0.024469704964222,0.6731054859724116,1.028573790310824,4.219999313354489,0.0248067273492706,0.0400413081491666,0.0,0.0,0.3649370152094825,0.6695739465753584,1.295993683720858
2021-01-05,125.6500015258789,25.34000015258789,0.09,0.0,-0.0017493739907128,0.1352130756844417,0.2064155072904755,0.3712629882883826,0.0201353472182036,-0.2028920934088496,1.0250170107268977,-1.629999160766598,0.0368316247828109,-0.0028514781367288,0.0,-2.0000000000000004,0.4345504790021978,0.6550528952951431,1.2276209517983794
2021-01-06,131.5500030517578,25.06999969482422,0.09,0.0,0.0458867545512802,0.3432347509792573,0.2563491947842907,0.3795100340912183,0.0371722303732598,0.5760302317715006,1.0693217874733525,-0.2700004577636719,-0.0015335977629292,0.0123894447341349,0.0,-1.0000000000000009,0.4460815690438076,1.3389343831100302,0.9779628805122552
2021-01-07,135.8699951171875,22.3700008392334,0.09,0.0,0.0323114796140821,0.3663145883003131,0.2734364192696452,0.3827152392485056,0.0240671552953289,-0.1073711613651122,1.0984888643913298,-2.6999988555908203,-0.1319922762145401,0.0872409579804679,0.0,0.9999999999999996,0.5613922250846655,1.3396700749620247,0.8181061213054271
2021-01-08,136.02000427246094,21.559999465942383,0.08,0.0,0.0011034548591802,0.3820942624278758,0.2734136874682251,0.3814932898772279,0.0163947281008843,-0.6005023059224792,1.093797779942514,-0.8100013732910156,-0.1304801008846816,0.0008937999513006,-0.9999999999999996,-0.9999999999999996,0.5959854952094945,1.3974950046064578,0.788548651882982
2021-01-11,138.0500030517578,24.07999992370605,0.08,0.0,0.0148139953243138,0.3240744214256095,0.2710878833556711,0.3814459646204631,0.0296269195760698,0.2808725403439324,1.1029420395669531,2.5200004577636683,-0.0555339404967502,-0.0373312749985797,0.0,-0.9999999999999996,0.4883621510712969,1.1954588947836498,0.8882728222903549
2021-01-12,140.22000122070312,23.32999992370605,0.09,0.0,0.0155966660021086,0.2756632464516094,0.2688050624857858,0.3817711325155808,0.0201825831294946,0.1235312186428852,1.111840274272184,-0.75,-0.0635780825558729,0.0116974995015814,0.9999999999999996,0.0,0.5203929024368262,1.025513596739594,0.8679151987674981
2021-01-13,140.35000610351562,22.209999084472656,0.09,0.0,0.0009267198112618,0.2054884544227194,0.2655861942132566,0.3794064706083896,0.0191662776318882,-0.1964694671593403,1.104203158363693,-1.1200008392333949,-0.0336380052604881,0.0010379269663474,0.0,0.0,0.568225526984385,0.7737166272194077,0.8362633136961476
2021-01-14,141.1699981689453,23.25,0.09,0.0,0.0058254786298318,0.1138825578074765,0.2573492081166626,0.3787684570705711,0.0194800597553945,0.2255487338599569,1.101219113521821,1.0400009155273438,0.0089785592886853,-0.0060585031084101,0.0,0.0,0.5238095126574793,0.4425215008077693,0.9034416763956084
2021-01-15,138.63999938964844,24.34000015258789,0.09,0.0,-0.0180841839206127,0.2176232329515768,0.2709761607490066,0.38116124027577,0.0334679703554217,0.2743904416001572,1.074173545361668,1.0900001525878906,-0.009848063636543,0.0197117632328953,0.0,0.9999999999999996,0.4772581474895703,0.8031084075811075,0.8982340027738813
2021-01-19,138.0399932861328,23.239999771118164,0.09,0.0,-0.0043371914122425,0.19825647502172,0.2734208431042725,0.3813572869648909,0.0208634436692105,-0.207809231811739,1.0627141784198757,-1.1000003814697266,0.0086309288297887,-0.004770912207974,0.0,0.9999999999999996,0.5415839396312553,0.7250964219509498,0.849971769059877
2021-01-20,135.97000122070312,21.57999992370605,0.08,0.0,-0.0151091674473544,0.1625625552561491,0.2789813212247268,0.3809374247826147,0.0200779267708308,-0.2135045115936694,1.0405601963555868,-1.659999847412113,0.051969211347866,-0.0250812156571325,-0.9999999999999996,-0.9999999999999996,0.6164565189545654,0.5827004995979669,0.7735284867449169
2021-01-21,134.8300018310547,21.31999969482422,0.09,0.0,-0.0084195429188807,0.1499624277575661,0.2809654110424575,0.3818638710980964,0.0136467871608886,-0.1782596438559777,1.0259473556021357,-0.2600002288818324,0.0512443132349291,-0.0021890830859894,0.9999999999999996,0.0,0.6299090152467655,0.533739819436012,0.7588122543526361
2021-01-22,133.7899932861328,21.90999984741211,0.08,0.0,-0.0077433829230559,0.0899353728590704,0.260846658438884,0.3815356270790249,0.0164436584097669,-0.0363298116955563,1.0142703990112254,0.5900001525878906,-0.1812120378719329,0.0045685971061494,-0.9999999999999996,-0.9999999999999996,0.6230822064524304,0.3447825377458005,0.8399570835424593
2021-01-25,132.1199951171875,23.190000534057617,0.09,0.0,-0.0125607927382145,0.0671855114646917,0.2584509814401449,0.3781309963378614,0.0235392122713375,0.0943453184036728,0.9978456840443904,1.2800006866455078,-0.2549243072545438,0.0160778233297264,0.9999999999999996,0.0,0.564460692310924,0.2599545611717916,0.8972688130197032
2021-01-26,131.5800018310547,23.020000457763672,0.07,0.0,-0.004095517991426,0.0683968523846629,0.2448794473488973,0.3783300956950788,0.0139079024592533,-0.2286502139519273,0.9914460756580028,-0.1700000762939453,-0.2247076299962189,-0.0006962383710056,-1.9999999999999991,-1.9999999999999991,0.572246361475399,0.2793082601465244,0.940054410730739
2021-01-27,127.86000061035156,35.514999032020576,0.08,0.0,-0.0286791254615825,0.1529807623796032,0.2668502170779497,0.379515561607314,0.0195526952718638,0.4426277153241856,0.9622629381979616,12.494998574256904,-0.4723136952856369,0.3583456317534086,0.9999999999999996,0.0,0.0,0.5732832600054283,1.3308963890273426
2021-01-28,130.11000061035156,30.209999084472656,0.07,0.0,0.0174443310942538,0.2641258058324727,0.2721833987428986,0.3776366099802251,0.0244408013285971,-0.2462238305022709,0.977525198486049,-5.30499994754792,-0.5059037799551022,0.0925421755400251,-0.9999999999999996,-1.9999999999999991,0.2429585645464566,0.9703964571401468,1.1099133607707163
2021-01-29,128.6699981689453,33.09000015258789,0.06,0.0,-0.0111292782401548,0.2657127171881677,0.2754891303847268,0.3730811961369478,0.027434513325025,0.0732776904515362,0.9654421948999256,2.8800010681152344,-0.5171916188868771,0.0320523332189975,-1.0000000000000009,-2.0000000000000004,0.1110601795662711,0.9645125265635484,1.2011363245575952
2021-02-01,129.6199951171875,30.239999771118164,0.07,0.0,0.0073560823630878,0.2804619628878838,0.2762375569336615,0.3731031199020036,0.0122667154495892,-0.2899694721359546,0.9710921681405056,-2.8500003814697266,-0.5199408104730454,0.0209648375409231,1.0000000000000009,-1.9999999999999991,0.2415845920987905,1.015292656078756,1.0947099339710822
2021-02-02,133.61000061035156,25.559999465942383,0.07,0.0,0.0303180578396002,0.3703453878887195,0.2910924698917109,0.3765550012433916,0.0237257552164079,0.1006149151493385,0.9986546138314006,-4.680000305175781,-0.5723397894317219,0.1418885199416663,0.0,0.0,0.4559194021769797,1.272260282193117,0.8780714758939295
2021-02-03,135.13999938964844,22.90999984741211,0.04,0.0,0.011386160438629,0.2404635317095949,0.2893360454908445,0.3751383963069593,0.0166494006967736,-0.1448903013999178,1.0067686916871252,-2.649999618530273,-0.5650197171956443,0.0301733208188914,-3.0000000000000004,-4.0,0.5772841730973581,0.8310873652180467,0.7918128489157447
2021-02-04,138.25,21.770000457763672,0.04,0.0,0.0227523667948545,0.251997189044751,0.2962260461563765,0.3731392382005802,0.0230741587081826,0.1583383480777291,1.0253544138930353,-1.1399993896484375,-0.5728827766062341,0.0259376842591915,0.0,-3.0000000000000004,0.6294939031692394,0.850692207233265,0.7349117587813793
2021-02-05,137.97999572753906,20.8700008392334,0.03,0.0,-0.0019549242488314,0.2021137664991659,0.255696177397044,0.3663190301330724,0.0152920762116709,-0.211565838672511,1.021033206530641,-0.8999996185302734,-0.6565633978188035,-0.0017594310782039,-1.0000000000000002,-3.0,0.6707121157182412,0.7904450060875352,0.8162030833502273
2021-02-08,140.13999938964844,21.239999771118164,0.05,0.0,0.0155332024334764,0.1934010267290903,0.2367652574547366,0.3600179655827002,0.015127803519408,0.0084309261658066,1.035458946431764,0.3699989318847656,-0.6372081880614869,-0.0057472683091361,2.0000000000000004,-2.0000000000000004,0.6537668922944415,0.8168471540469304,0.8970910681512765
2021-02-09,139.5800018310547,21.6299991607666,0.04,0.0,-0.0040039918797665,0.1820880939876218,0.2375256751704317,0.3585855026809685,0.0103166816343017,-0.1626512511510136,1.0300310827881216,0.3899993896484375,-0.6380278770687368,0.0015615543892662,-1.0000000000000002,-3.0000000000000004,0.6359056872388646,0.7666038370671641,0.9106383613159476
2021-02-10,139.66000366210938,21.989999771118164,0.05,0.0,0.0005729969321716,0.1882744713354527,0.2323301300849744,0.2588108038091379,0.0131032635190398,0.1809121351203973,1.0300386996714057,0.3600006103515625,-0.6961399064178289,-0.0002062792453113,1.0000000000000002,1.0000000000000002,0.6194183672781373,0.810374751077665,0.946497975233576
2021-02-11,139.27000427246094,21.25,0.05,0.0,-0.0027963978969543,0.127608513192463,0.2259728551480099,0.2587685524807028,0.0167301052601132,-0.1150816157084738,1.0275051470229024,-0.7399997711181641,-0.7036886067411434,-0.0020693338037015,0.0,1.0000000000000002,0.6533089014785529,0.5647072658743931,0.940378435546228
2021-02-12,141.25,19.96999931335449,0.04,0.0,0.0141168442840106,0.1495538820761685,0.231445714309986,0.2571479765320532,0.0184778804272677,-0.1000971871361091,1.0417837434913555,-1.2800006866455114,-0.701993606745382,0.0180695703768013,-1.0000000000000002,1.0000000000000002,0.7119304156200595,0.6461726134011021,0.8628372909341384
2021-02-16,144.64999389648438,21.459999084472656,0.04,0.0,0.0237856192005314,0.1925596569094087,0.2448198156822849,0.2583630966421004,0.020186751129931,0.3765161992070331,1.0655579192701523,1.4899997711181676,-0.633386301214123,-0.0354405671646958,0.0,-1.0000000000000002,0.665010677424604,0.7865362383872682,0.8765629948975366
2021-02-17,145.10000610351562,21.5,0.04,0.0,0.0031062127272609,0.1742544848314381,0.2346251919180029,0.2583220369116927,0.0155755318439662,-0.1152503035690166,1.0664562557817854,0.0400009155273437,-0.639586952338073,-0.0001242513529131,0.0,0.0,0.6631180387884092,0.742692987939406,0.9163551374957996
2021-02-18,145.58999633789062,22.489999771118164,0.03,0.0,0.0033712249773137,0.1680069337259032,0.2334485706613784,0.2536690747450812,0.0164159588554534,-0.0207784874243332,1.0672374867164638,0.989999771118164,-0.6481999702876995,-0.0033375119559284,-1.0000000000000002,-2.0000000000000004,0.6527186252373964,0.7196742873598503,0.9633813437967172
2021-02-19,148.02000427246094,22.049999237060547,0.04,0.0,0.0165530017017422,0.1414285963011071,0.2290185531255737,0.2534702524041525,0.0201323850933943,0.122684416114735,1.08050559238848,-0.4400005340576172,-0.700436403240707,0.0072833295890232,1.0000000000000002,-1.0000000000000002,0.7304041467996094,0.61754209155081,0.9628040582795164
2021-02-22,149.41000366210938,23.450000762939453,0.03,0.0,0.0093468007400647,0.1413813186580042,0.2250719189226624,0.2526532939506661,0.0227562350039329,-0.0410489803513259,1.0851525501582426,1.4000015258789062,-0.7078070453147537,-0.0130855352981767,-1.0000000000000002,-1.0000000000000002,0.7761337077795983,0.6281606312095498,1.0418892270162396
2021-02-23,150.61000061035156,23.11000061035156,0.04,0.0,0.0079994889028239,0.0870619571170041,0.220498759738064,0.2527541518491365,0.0180598978134269,0.3457946170394147,1.08754152419343,-0.3400001525878942,-0.7169192222641557,0.0027198274475853,1.0000000000000002,0.0,0.798005702552273,0.3948410286771102,1.0480784852397582
2021-02-24,153.25999450683594,21.34000015258789,0.03,0.0,0.0174420714238453,0.0946678289548604,0.2136850190915398,0.2527573203980436,0.0238156989906558,-0.0749972681421419,1.0986904593402542,-1.7700004577636683,-0.7322619216890071,0.0308724744045527,-1.0000000000000002,-1.0000000000000002,0.9118687125102783,0.44302510937515,0.9986661790008834
2021-02-25,151.17999267578125,28.88999938964844,0.04,0.0,-0.0136646582831117,0.1996023371456275,0.2223782221400969,0.2506644755241473,0.0285090472774192,0.1853059756252389,1.0765760998422036,7.54999923706055,-0.778766334536859,0.1031681596121869,1.0000000000000002,1.0000000000000002,0.4261820368138691,0.8975804160349806,1.29913797815363
2021-02-26,147.1699981689453,27.950000762939453,0.04,0.0,-0.0268827626827654,0.2925341482408456,0.218845189957457,0.2438148331405533,0.0296256075599488,0.0897144436394127,1.0412024421588475,-0.939998626708988,-0.5030415116732183,-0.0252697600039431,0.0,0.0,0.4866515539397046,1.336717285391164,1.2771585598190602
2021-03-01,150.5,23.350000381469727,0.05,0.0,0.0223747154546749,0.3337126016881555,0.222531210325322,0.2453790681532726,0.0192691638224148,-0.2894588097804133,1.057497344048322,-4.600000381469727,-0.5249285939817587,0.1029236996267812,1.0000000000000002,2.0000000000000004,0.7825666690713022,1.4996215640956407,1.049291034158039
2021-03-02,150.00999450683594,24.100000381469727,0.04,0.0,-0.0032611622667846,0.3293441889975363,0.2160597066378112,0.2449104633006666,0.0129324879171157,-0.0429278218634704,1.0465813623299398,0.75,-0.4904719169205323,0.0024458717000884,-1.0000000000000002,0.0,0.73431964343132,1.524320263702052,1.115432430993227
2021-03-03,152.91000366210938,26.670000076293945,0.05,0.0,0.0191476150473573,0.3354609417854616,0.2199200048434173,0.2384546355258751,0.0272054692544039,0.0071744662427115,1.058622843187348,2.5699996948242188,-0.4321040027950583,-0.0492093648283199,1.0000000000000002,2.0000000000000004,0.5689931885367456,1.5253771116652586,1.212713690838764
2021-03-04,150.55999755859375,28.56999969482422,0.04,0.0,-0.0154878773479374,0.3401994403259172,0.2182418208947812,0.2404627957746011,0.0382572387023542,0.3384728530158462,1.0365610440008444,1.8999996185302728,-0.3655800228220237,0.0294269610529248,-1.0000000000000002,0.0,0.4467674147884968,1.558818740290543,1.3090983010354549
2021-03-05,150.91000366210938,24.65999984741211,0.04,0.0,0.0023219972757368,0.2506470621109769,0.217517172295924,0.2384294451523437,0.0365781203267368,-0.0845338224767118,1.0336267926660965,-3.909999847412109,-0.3097530221628838,0.0090790089938224,0.0,0.0,0.6982952319757219,1.152309307193369,1.133703587037399
2021-03-08,152.91000366210938,25.46999931335449,0.05,0.0,0.0131658800722004,0.2167025689372363,0.2102135210518827,0.238351163777661,0.0308024759732205,-0.0748585256752686,1.04234146429604,0.8099994659423793,-0.2783322965817882,-0.0106643558271438,1.0000000000000002,0.0,0.64618847864013,1.0308688416086809,1.211625169775271
2021-03-09,151.8300018310547,24.030000686645508,0.05,0.0,-0.0070880510155063,0.2253944539375548,0.2130248982687694,0.2390603849389027,0.0291773208348546,-0.0536204978880299,1.0303472053985852,-1.4399986267089808,-0.254911892734643,-0.0102067837283723,0.0,1.0000000000000002,0.7388226795259533,1.0580662437551267,1.128037186354025
2021-03-10,155.1300048828125,22.559999465942383,0.04,0.0,0.0215020205978597,0.2367419900271888,0.2178495409015362,0.2413007099337178,0.0299749178683138,-0.1241971999581662,1.0476667038562162,-1.470001220703125,-0.2902408690790065,0.0316079965264375,-1.0000000000000002,-1.0000000000000002,0.8333869283073785,1.0867224647225289,1.0355770947499523
2021-03-11,154.32000732421875,21.90999984741211,0.04,0.0,-0.0052350904931427,0.1939397507689019,0.2185199206819561,0.2419185248247181,0.018079271343418,-0.1975248846167615,1.037279391207799,-0.6499996185302734,-0.2741668536305722,-0.0034028068235142,0.0,0.0,0.8752009926556569,0.8875151984480661,1.002654576252612
2021-03-12,156.14999389648438,20.690000534057617,0.04,0.0,0.011788628582857,0.1975209299190825,0.2192515849947016,0.2412917701154034,0.0163944774809971,0.0876235442754911,1.044069189455647,-1.2199993133544922,-0.281090335712766,0.0143821187764767,0.0,0.0,0.9536827768585568,0.9008871243683632,0.9436648102022892
2021-03-15,155.3699951171875,20.030000686645508,0.04,0.0,-0.0050077069646583,0.202841392725044,0.2204130671483203,0.2410514267254493,0.0190512425056431,-0.0600085425167353,1.0335556763237703,-0.6599998474121094,-0.2787334904316281,-0.003305085832559,0.0,-1.0000000000000002,0.9961401496058588,0.9202784360717964,0.9087483308404272
2021-03-16,153.50999450683594,19.790000915527344,0.02,0.0,-0.0120436619755568,0.2209100915866787,0.225659296346459,0.2423896562113125,0.0156993273946215,0.0565862176887271,1.017231988247954,-0.239999771118164,-0.2520440354592802,-0.0028904761175581,-2.0,-3.0000000000000004,1.0,0.9789540921350356,0.8769858470684663
2021-03-17,155.08999633789062,19.229999542236328,0.02,0.0,0.0102398942572042,0.1667478941398585,0.2153082574765737,0.2408791688804139,0.024695350580255,0.085768961230075,1.024327396407311,-0.5600013732910156,-0.3186814629001661,0.0057343548463891,0.0,-2.0,1.0,0.7744612124688312,0.8931380415973419
2021-03-18,157.64999389648438,21.57999992370605,0.01,0.0,0.0163717773169011,0.1929314177871313,0.2199963202277156,0.2407625186244237,0.0290517095361386,0.4507666048455815,1.0371417759053867,2.350000381469723,-0.2603257221666936,-0.0384736829400551,-1.0,-3.0,0.8556953972922196,0.8769756584447878,0.9809254946341304
2021-03-19,155.13999938964844,20.950000762939453,0.01,0.0,-0.0160494161469339,0.2233994356353661,0.2306678688638562,0.2441658312332496,0.0306175068885357,0.1092827062605618,1.017584738862212,-0.629999160766598,-0.2327374646118262,-0.0101111187033622,0.0,-3.0,0.8943812542467625,0.9684896155485792,0.9082322937359112
2021-03-22,150.97000122070312,18.8799991607666,0.03,0.0,-0.0272467814631492,0.2919409419669297,0.2475834637653796,0.2508852611540551,0.0222560812292739,-0.2027323898553091,0.9893215807181632,-2.070001602172852,-0.1349682683134488,-0.0564008812827724,2.0,-1.0000000000000002,1.0,1.1791617159197076,0.7625710891038375
2021-03-23,149.4600067138672,20.299999237060547,0.01,0.0,-0.0100523062424051,0.289567146277949,0.248402097463399,0.2518061830690944,0.0211427021368327,-0.1552769204726517,0.979411152745277,1.420000076293945,-0.1727892635298537,0.0142742756311453,-2.0,-1.0,0.914637806595492,1.165719409114955,0.8172233424901602
2021-03-24,150.6199951171875,21.200000762939453,0.02,0.0,0.0077312328321439,0.2814947966569266,0.2482951797879783,0.2427528787102545,0.0220421735032365,-0.2666224818663344,0.987009476400148,0.9000015258789062,-0.160055713409912,-0.0069581213458546,1.0,0.0,0.8605349191386579,1.1337102753959931,0.8538224858429525
2021-03-25,152.5500030517578,19.809999465942383,0.02,0.0,0.0127323549125294,0.2640400027452429,0.2446363398134139,0.2405493000173628,0.0238610246924311,0.1767337686561696,0.9998782988766136,-1.3900012969970703,-0.1466904847277434,0.0176979898422429,0.0,1.0,0.9440937594004516,1.0793163556429444,0.8097733754948926
2021-03-26,155.08999633789062,18.86000061035156,0.02,0.0,0.0165131387909137,0.2903325273525107,0.2460727079833262,0.2370640788804803,0.0186987811268383,0.070858086293721,1.0152874767806903,-0.949998855590824,-0.025013642988256,0.0156874629535805,0.0,1.0,1.0,1.1798648039106536,0.7664401617277078
2021-03-29,152.67999267578125,20.739999771118164,0.03,0.0,-0.0156613900525743,0.2266673785276951,0.2326308246658117,0.2396280478621073,0.017618565433904,0.0475490662699802,0.9977966554657952,1.879999160766605,-0.1233177674928121,0.0294434001552781,1.0,0.0,0.8871210243814476,0.9743651936638944,0.8915413424215138
2021-03-30,154.47999572753906,19.61000061035156,0.02,0.0,0.011720430557224,0.2037485239353848,0.2234767373643453,0.2401404941682931,0.0128818636031347,-0.2871832488495474,1.0083111916541223,-1.1299991607666051,0.0287190628322304,0.0132440766934864,-1.0,1.0,0.9549684736670878,0.9117214003496183,0.8774962817888462
2021-03-31,152.22999572753906,19.39999961853028,0.03,0.0,-0.0146721034578749,0.2522630062932452,0.2297815147573391,0.2425478656602922,0.0155686161892719,0.2385771852490565,0.9929400066635043,-0.2100009918212819,0.0370284620063854,-0.0030811562782581,1.0,1.0,0.9675773605912714,1.0978385557238914,0.8442802563564634
2021-04-01,153.7100067138672,17.329999923706055,0.02,0.0,0.0096752469102976,0.2449945389297277,0.2224244434838858,0.2428996803080503,0.0145728328445445,-0.0105231884464892,1.0023445067240906,-2.0699996948242223,-0.1224217747901035,0.0200277581516651,-1.0,0.0,1.0,1.101473089433523,0.7791409816413264
2021-04-05,153.6199951171875,17.90999984741211,0.03,0.0,-0.0005857651301021,0.2060221333728423,0.2150069322666483,0.2421043113093916,0.015232368261082,-0.203798622041843,1.0008065702156608,0.5799999237060547,-0.0398852146734065,0.0003397437307688,1.0,1.0,0.9681055841547516,0.9582115850912976,0.8329963903303547
2021-04-06,152.5399932861328,18.1200008392334,0.02,0.0,-0.0070551760632526,0.1768066442690672,0.21670455608927,0.24164213700204,0.0158646799230278,-0.0328401646290582,0.9932682861629176,0.210000991821289,-0.0443967439312128,0.0014815939707568,-1.0,-1.0,0.9565575499442208,0.8158879880505738,0.8361615079181345
2021-04-07,154.92999267578125,17.15999984741211,0.02,0.0,0.0155465420115478,0.1942605341892971,0.2186047590973914,0.2427193217057326,0.0166526944621613,0.2570787631841136,1.0081993526508062,-0.9600009918212892,-0.1151462973148267,0.0149246957504772,0.0,0.0,1.0,0.8886381750854351,0.7849783288463127
2021-04-08,155.1199951171875,16.950000762939453,0.01,0.0,0.0012256247229241,0.141138006911756,0.2167983834290767,0.2268016843262756,0.0206291712801093,-0.3150394168557507,1.0084077140029892,-0.2099990844726562,-0.1440542556331314,0.0002573800697211,-1.0,-2.0,1.0,0.6510104212005244,0.7818324331963695
2021-04-09,156.27999877929688,16.690000534057617,0.02,0.0,0.00745028291912,0.1360569391480665,0.2052278950471753,0.2188834205398284,0.0132454062042385,-0.0174263033828103,1.0155871485571486,-0.2600002288818359,-0.0750205996685261,0.0019370752642056,1.0,0.0,1.0,0.6629553897475362,0.8132422997478546
2021-04-12,155.9499969482422,16.90999984741211,0.02,0.0,-0.0021138388908796,0.1392137513014303,0.2044406104715245,0.2190447327010602,0.0107726367980553,0.0123793381127812,1.0129317005622325,0.2199993133544922,-0.0865491475022223,0.0004650431045355,0.0,-1.0,0.9883134485573372,0.6809495969531,0.8271350691240191
2021-04-13,154.08999633789062,16.649999618530273,0.03,0.0,-0.01199859995727,0.1639568656850695,0.2044977148928222,0.2193181392634879,0.0179765353903107,0.2722293169591464,1.0014886608774587,-0.2600002288818359,-0.04623792398075,-0.0031196387351517,1.0,1.0,1.0,0.801754023368915,0.8141900082969913
2021-04-14,151.2100067138672,16.989999771118164,0.02,0.0,-0.0188671800021962,0.1671126552670493,0.2136643451737294,0.2212933775798299,0.0191786854474591,0.2130440682401994,0.9840374684958716,0.3400001525878906,-0.0799870745256195,0.0064148440796499,-1.0,0.0,0.9819771978182644,0.7821270092170542,0.795172435405808
2021-04-15,152.1699981689453,16.56999969482422,0.02,0.0,0.0063286613735448,0.1820783712069346,0.2114835628407566,0.2215300929489966,0.0189261330004483,-0.1194764534733967,0.9906962484527768,-0.4200000762939453,-0.0903506245181693,0.0026580382597273,0.0,1.0,1.0,0.8609575550986739,0.7835124144991416
2021-04-16,153.3000030517578,16.25,0.02,0.0,0.0073985008857955,0.1818763416803679,0.2099025425834156,0.2216834656596581,0.011872094123933,-0.2504920548358765,0.9986072607913374,-0.3199996948242187,-0.0812082532902663,0.0023675180256112,0.0,0.0,1.0,0.8664799360783824,0.7741688023403634
2021-04-19,152.64999389648438,17.290000915527344,0.02,0.0,-0.0042491265877031,0.1812224056210683,0.2009152466220033,0.2184678239732275,0.0108745740483623,-0.1461839891437278,0.9959176923333386,1.0400009155273438,-0.2757247978513646,0.0044190955414028,0.0,0.0,0.946016041122102,0.9019843375152876,0.8605619138529739
2021-04-20,149.27000427246094,18.68000030517578,0.03,0.0,-0.0223909039296446,0.2199884943499324,0.2077715907500278,0.2233667705776789,0.0207677766114162,0.1420588618867324,0.9756452452231832,1.3899993896484375,-0.3901973209352781,0.0311233427958828,1.0,0.0,0.8738644989736646,1.058799682650564,0.8990642194028288
2021-04-21,150.5399932861328,17.5,0.03,0.0,0.0084720097403088,0.2072866907942447,0.1886983827901574,0.2213203805438698,0.0253753653154349,-0.1141744356953592,0.984077739899764,-1.1800003051757812,-0.7126998112490052,0.0099969740790166,0.0,1.0,0.9351154911597784,1.0985080408704853,0.9274059343402492
2021-04-22,147.3699951171875,18.709999084472656,0.03,0.0,-0.0212823869156696,0.2372423115867778,0.1998169171063241,0.2251529272709103,0.0206284090767899,0.2205397901844331,0.9639826649240736,1.2099990844726562,-0.7310770979156193,0.025751668683353,0.0,1.0,0.8723073341252775,1.1872984280932497,0.936357109068844
2021-04-23,150.19000244140625,17.329999923706055,0.03,0.0,0.0189547773807851,0.2883083361043692,0.2093196885188714,0.2270640810906317,0.0295625698730408,-0.0829337059977132,0.9825606142886608,-1.3799991607666016,-0.810150021074658,0.0261575768780012,0.0,1.0,0.9439397883222846,1.377358900848816,0.8279202040826491
2021-04-26,150.55999755859375,17.639999389648438,0.03,0.0,0.0024604841486249,0.2919997190792981,0.2043277852199988,0.2251727248065221,0.0138151027150834,-0.2625829197526086,0.9855921788970636,0.3099994659423828,-0.7888102185494175,-0.0007627487720334,0.0,1.0,0.9278484578515628,1.429074948201016,0.863318680357423
2021-04-27,151.25,17.559999465942383,0.01,0.0,0.0045724372893853,0.2349522799881052,0.1957134693161204,0.2248745980921035,0.009652936951188,0.1716372535316911,0.9912956506216808,-0.0799999237060546,-0.7766226107901572,0.0003657946343015,-2.0,-2.0,0.9320010624571008,1.2004911098305937,0.8972299927696396
2021-04-28,152.22999572753906,17.280000686645508,0.01,0.0,0.0064584100943838,0.2322199694129867,0.1900282192960618,0.2160642898184115,0.0097878574195776,-0.3601506770452761,0.997858704656346,-0.279998779296875,-0.7606336037394464,0.0018083469426261,0.0,-2.0,0.9465351290735322,1.222028866413733,0.9093386629973867
2021-04-29,155.19000244140625,17.610000610351562,0.01,0.0,0.0192576814099226,0.1290036287737556,0.1975988525474352,0.2165946765810961,0.0134029370341689,0.3722214799732812,1.0170359781907692,0.3299999237060547,-0.6535418377605143,-0.0063550333960299,0.0,-2.0,0.9294056226999498,0.6528561634374229,0.8911995380197936
2021-04-30,153.80999755859375,18.61000061035156,0.01,0.0,-0.0089321298244092,0.1599045800585556,0.1930979236234291,0.2160643749341793,0.0096223328120417,-0.1031462095202024,1.0074953629720933,0.9999999999999964,-0.7006036085338329,0.0089321298244092,0.0,-2.0,0.8774980156277727,0.8281009813984035,0.963759747445236
2021-05-03,153.36000061035156,18.309999465942383,0.04,0.0,-0.0029299558735974,0.169109590848846,0.190463475863995,0.2161684728954954,0.0153233622546552,0.0081681032019371,1.0046574476472323,-0.3000011444091761,-0.7191891765996301,-0.0008789901151476,3.0,1.0000000000000002,0.8930703571529677,0.887884619776669,0.9613391429975304
2021-05-04,155.47999572753906,19.479999542236328,0.02,0.0,0.0137289757876041,0.1839761534533464,0.1963749794426881,0.2100026396651829,0.022510934500753,0.0950397524234069,1.0179548342426017,1.170000076293945,-0.588654230906095,-0.0160629027189345,-2.0,1.0,0.8323384529182841,0.9368614778495228,0.9919797113420727
2021-05-05,157.52000427246094,19.14999961853028,0.02,0.0,0.0130353829493068,0.1918536838405403,0.1988583415645691,0.2103149512046724,0.0231716213654426,-0.2112193509838948,1.029712377046022,-0.3299999237060511,-0.5960596907634297,0.0043016753787504,0.0,1.0,0.8494679592918664,0.9647756404437556,0.9629970494505148
2021-05-06,160.69000244140625,18.38999938964844,0.02,0.0,0.0199245967927682,0.1946134633651481,0.2032758568815472,0.2092779684289964,0.022776797600983,0.2538123554563105,1.048554662578223,-0.7600002288818359,-0.5960730375862243,0.0151426981228821,0.0,1.0,0.8889177525474294,0.9573860189336362,0.9046819269031368
2021-05-07,161.24000549316406,16.690000534057617,0.02,0.0,0.0034169140702812,0.1443057637260441,0.2033479440925243,0.2091006210025554,0.0277846413725717,0.0514786210225825,1.0501465799217902,-1.699998855590824,-0.5467838452450143,0.0058087500091302,0.0,1.0,0.9771606251665892,0.7096494846310535,0.8207607216556653
2021-05-10,161.22000122070312,19.65999984741211,0.02,0.0,-0.0001240728900955,0.1298051037717064,0.2024067211558046,0.2074641176053821,0.0161890620927274,-0.0172258885007852,1.0484100321351293,2.969999313354492,-0.450784962605917,0.0003684963983896,0.0,-2.0,0.8229950678043477,0.6413082679788464,0.9713116113510196
2021-05-11,158.5399932861328,21.84000015258789,0.01,0.0,-0.0167630143662028,0.2221906047409949,0.2118279348961102,0.2105671271398504,0.0274379102291542,0.0976407927696213,1.030155782299362,2.180000305175781,-0.5124847010123221,0.0365433764339882,-1.0,-1.0,0.7098364685460566,1.0489202231517147,1.0310254954474811
2021-05-12,157.4499969482422,27.59000015258789,0.02,0.0,-0.0068989568962723,0.2155128865106198,0.2086633649784319,0.2113050663547767,0.0238170852504539,-0.0717624645979486,1.0220107150918198,5.75,-0.4775565417036285,0.0396690021535659,1.0,0.0,0.4113677278810371,1.0328257024557037,1.3222254014469512
2021-05-13,161.5,23.1299991607666,0.02,0.0,0.0253972144980709,0.2485066784150247,0.2118041660105282,0.2162227582227924,0.0295356301700367,0.0680862163213147,1.0449757103525985,-4.460000991821289,-0.6102544820080256,0.1132716018508945,0.0,0.0,0.6428757069060177,1.1732851298244629,1.0920464689829033
2021-05-14,164.00999450683594,18.809999465942383,0.01,0.0,0.0154222254194451,0.2695683406966766,0.2158359715993938,0.2165270285843917,0.0149990338239758,-0.3746993545638091,1.0573591289722877,-4.319999694824219,-0.6219724995135294,0.0666240091055135,-1.0,-1.0,0.867116553616879,1.2489500183825413,0.8714951139310092
2021-05-17,164.6699981689453,19.71999931335449,0.02,0.0,0.0040160920282107,0.2677482775032779,0.2153972143752191,0.2121458642686935,0.011052452447054,-0.0681428926852469,1.0579213972422752,0.9099998474121058,-0.6183922412182307,-0.0036546431328647,1.0,0.0,0.8198806391016702,1.243044290428306,0.9155178431881904
2021-05-18,162.35000610351562,21.34000015258789,0.02,0.0,-0.0141889239667139,0.2553679340291185,0.2224843352797132,0.2146041057896886,0.0200800393241583,0.1155733883682527,1.0399306198994085,1.620000839233402,-0.6243060496083157,0.0229860687338955,0.0,1.0,0.7357902720821453,1.1478018607829763,0.9591686590320468
2021-05-19,161.11000061035156,22.18000030517578,0.01,0.0,-0.0076671708523429,0.2576238347897037,0.2066503372213257,0.2154061199346207,0.0157655842375412,0.1794023867966225,1.0282741984763666,0.8400001525878906,-0.6346103939538529,0.0064404246858854,-1.0,-1.0,0.6921878742210441,1.2466654458627116,1.0733106271886048
2021-05-20,160.8300018310547,20.670000076293945,0.01,0.0,-0.0017394473987224,0.1798894647065093,0.2066661379934807,0.2133445682045351,0.0145495014067629,-0.2418736229463687,1.0232869009205956,-1.510000228881836,-0.6051523476674813,-0.0026265659701987,0.0,-1.0,0.7705683727807402,0.8704351203978271,1.0001638525294343
2021-05-21,162.66000366210938,20.14999961853028,0.01,0.0,0.0113142373599311,0.1574729902954948,0.1881301753605258,0.2136815480648548,0.0140169600883144,-0.0171225464964882,1.0301581117042151,-0.5200004577636683,-0.6239343926993026,0.005883408606411,0.0,0.0,0.797560352219689,0.8370427019148806,1.0710668599503272
2021-05-24,163.5399932861328,18.39999961853028,0.02,0.0,0.0053954124279471,0.1608691816292987,0.1809107388695462,0.2134154182526775,0.0129020465756034,-0.0821923805359623,1.031578022360723,-1.75,-0.6076318800039472,0.0094419717489074,1.0,0.0,0.8883986645959994,0.8892185319374585,1.0170761411680718
2021-05-25,161.85000610351562,18.84000015258789,0.02,0.0,-0.0103875495972736,0.1430759021588568,0.1876854753886766,0.2121178231739603,0.0255792353013603,0.2894310161892254,1.017467483362918,0.4400005340576136,-0.5950894596739109,0.0045705273703503,0.0,0.0,0.8655592897625886,0.7623173922359304,1.0038070401330874
2021-05-26,161.8300018310547,17.360000610351562,0.02,0.0,-0.0001236052397184,0.128986595025784,0.1880341557739978,0.210066611234568,0.0150158061365355,0.035005171419655,1.014129784008505,-1.479999542236328,-0.5776193380253594,-0.0001829356982012,0.0,1.0,0.942382524467994,0.6859742821448662,0.9232365544915634
2021-05-27,164.35000610351562,16.739999771118164,0.02,0.0,0.0154519244040557,0.1607274800092523,0.1925135537748962,0.2041410913291607,0.0132643297524928,0.1847143583726208,1.026210191379296,-0.6200008392333984,-0.5750424881270548,0.0095802060982856,0.0,1.0,0.9745652844153416,0.8348891642049735,0.8695491534425696
2021-05-28,164.24000549316406,16.760000228881836,0.01,0.0,-0.0006695310908949,0.150085129739715,0.1843580609253581,0.1998365212263164,0.0102289812370971,-0.4228394271799733,1.0227711764401204,0.0200004577636718,-0.6122803914495374,1.3390928304908928e-05,-1.0,0.0,0.9735271085124813,0.8140958360398498,0.9091004833071838
2021-06-01,166.0500030517578,17.899999618530273,0.02,0.0,0.0109601600446678,0.1628303438948727,0.1813996223736066,0.20051507113723,0.0086119115223658,-0.0857710276083002,1.0303029533862162,1.1399993896484375,-0.5796671954714515,-0.0124945757613705,1.0,0.0,0.914352468132088,0.8976333123754301,0.9867716031769808
2021-06-02,166.05999755859375,17.479999542236328,0.02,0.0,6.01879306289239e-05,0.1197106950683675,0.1803263373831545,0.1973393603831058,0.0115018890171634,0.1057140644337737,1.0265130683185182,-0.4200000762939453,-0.5835723658914589,2.5278935456122724e-05,0.0,0.0,0.9361536670626388,0.6638558560306594,0.9693536615838376
2021-06-03,166.1699981689453,18.040000915527344,0.02,0.0,0.0006621955620251,0.1176479090602076,0.176899091552974,0.1943730577328845,0.0155864257473083,0.2406040036185759,1.0239708971335368,0.5600013732910156,-0.6263360120724935,-0.0003708304241212,0.0,0.0,0.907085335817969,0.6650566038942995,1.0197904781283234
2021-06-04,166.44000244140625,16.420000076293945,0.02,0.0,0.0016235490891699,0.0760134029425389,0.1732568664426148,0.1943670337566005,0.0098533968132197,-0.4505099733416156,1.0229571624147231,-1.6200008392333984,-0.62406985999106,0.0026301508869918,0.0,0.0,0.9911757028374936,0.4387324121882101,0.9477257908120188
2021-06-07,165.66000366210938,16.420000076293945,0.02,0.0,-0.0046973815068316,0.0906539193331404,0.162965145051332,0.193310291259292,0.0118315022971081,-0.1579648722883234,1.0166843642463346,0.0,-0.6417120529195321,0.0,0.0,1.0,0.9911757028374936,0.5562779654789713,1.0075774222225151
2021-06-08,165.0,17.06999969482422,0.02,0.0,-0.0039920433757147,0.0456180587238217,0.1638572829408245,0.1928647893598736,0.01575752027107,0.3556134494449489,1.0115223004323894,0.6499996185302734,-0.6454325571152082,0.0025948266713709,0.0,0.0,0.9574357780417592,0.2784011665828506,1.041760206715309
2021-06-09,162.94000244140625,17.889999389648438,0.03,0.0,-0.0125634240346171,0.0894362054862817,0.1705551138373447,0.1903942319005074,0.0119062379546967,0.1768877066708291,0.998392307545488,0.8199996948242188,-0.6652609856795979,0.0103020038743333,1.0,1.0,0.9148715560835184,0.5243830189200622,1.048927762242872
2021-06-10,160.39999389648438,16.100000381469727,0.03,0.0,-0.015711392485393,0.1109888913163713,0.1692474262952687,0.1928761376390717,0.0307357114848267,-0.0210647545796174,0.9822956557934812,-1.789999008178711,-0.5342354520363978,-0.02812337696596,0.0,1.0,1.0,0.6557789016108307,0.951270027195669
2021-06-11,160.2899932861328,15.649999618530272,0.03,0.0,-0.0006860246285335,0.1002897724155049,0.1671550083449396,0.1915474468290021,0.0133507984233821,0.1214051769338153,0.9808096991611226,-0.4500007629394549,-0.5718094554895751,-0.0003087116062353,0.0,1.0,1.0,0.5999806611151474,0.9362566981083248
2021-06-14,157.57000732421875,16.389999389648438,0.03,0.0,-0.0171147822957662,0.1157468375879346,0.1527478633833857,0.194449173591773,0.0232912229380929,0.3754061735133703,0.9652715372009598,0.7399997711181658,-0.4265795440949581,0.0126649349816042,0.0,1.0,0.9627485631529578,0.7577640369176141,1.0730100589695817
2021-06-15,155.17999267578125,17.020000457763672,0.03,0.0,-0.0152841641886817,0.1060967265572756,0.1476652001432445,0.1953858223003054,0.0179790786043015,0.2040820226741204,0.9530853299528864,0.6300010681152344,-0.2737703987170103,0.0096290397641181,0.0,1.0,0.9310344384755918,0.7184951258275829,1.152607414695758
2021-06-16,156.27000427246094,18.14999961853028,0.04,0.0,0.0069996214978711,0.17270434119665,0.1497060940829508,0.1948138064134227,0.0288602699400496,0.0,0.9621436871865724,1.1299991607666051,-0.241994830194902,-0.0079095664182782,1.0000000000000002,1.0000000000000002,0.8741505122672062,1.1536226514663863,1.2123754700642662
2021-06-17,151.75999450683594,17.75,0.04,0.0,-0.0292850183350912,0.2273470552877275,0.1720346125171798,0.2006462866253636,0.040919919205634,0.0,0.937286004706216,-0.399999618530277,-0.1001272302176318,-0.0117139961626886,0.0,1.0000000000000002,0.8942864111013454,1.3215192684845565,1.0317691155451314
2021-06-18,147.9199981689453,20.700000762939453,0.05,0.0,-0.0256287147301815,0.2244884997103133,0.1883714739506902,0.2045206453221943,0.0144672756634586,0.0,0.9171274819358456,2.950000762939453,-0.3020265607250479,0.0756047280071933,1.0000000000000002,2.0000000000000004,0.7457839771704332,1.1917329890887696,1.098892540829089
2021-06-21,150.42999267578125,17.889999389648438,0.05,0.0,0.0168262363209929,0.3224218370237864,0.2017651631058204,0.2002690712149994,0.0144917422184533,-0.2690614505198629,0.9355625451622736,-2.810001373291016,-0.4185611795747477,0.0472817471693094,0.0,2.0000000000000004,0.8872388705132815,1.5980054835070057,0.886674345276623
2021-06-22,150.2100067138672,16.65999984741211,0.04,0.0,-0.0014634513146785,0.3211189847961688,0.1949364669025,0.1992608918898505,0.0153784532011507,-0.2697982833712381,0.9376516389105832,-1.229999542236328,-0.4165284271785301,-0.0018000444471397,-1.0000000000000002,1.0000000000000002,0.9491567954340866,1.6473007328935567,0.8546374165971123
2021-06-23,151.1199951171875,16.31999969482422,0.05,0.0,0.0060398311759228,0.3186377751674051,0.1953315228320796,0.1990254721381756,0.012903632948969,-0.1126205045555217,0.9468275857494488,-0.3400001525878906,-0.3909711135756082,0.0020535435214188,1.0000000000000002,1.0000000000000002,0.9662723334469896,1.631266528553755,0.8355026090107334
2021-06-24,152.50999450683594,15.970000267028809,0.05,0.0,0.0091559407672812,0.2581188487099909,0.1986813701729814,0.1982262996099058,0.0124581598906241,0.0755956497624305,0.9582066450729968,-0.3499994277954101,-0.3825552100317417,0.0032045740294771,0.0,1.0000000000000002,0.983891232924919,1.29915979784748,0.8037995838827047
2021-06-25,154.0500030517578,15.619999885559082,0.06,0.0,0.0100471132031482,0.1055252237177939,0.2034929589776315,0.1964502802202732,0.0183706703991681,0.1200490966394896,0.9701405463962696,-0.3500003814697265,-0.3835800476229678,0.0035164934537714,0.9999999999999996,0.9999999999999996,1.0,0.5185694102044758,0.7675941204076784
2021-06-28,154.3300018310547,15.760000228881836,0.05,0.0,0.0018159339244274,0.0776351207530775,0.1937131092429029,0.1939191615333599,0.0152919107260496,-0.0918624429450441,0.9748330768745148,0.1400003433227539,-0.3678497168016792,-0.0002542313728712,-0.9999999999999996,0.0,0.9929630384855958,0.4007737063149837,0.8135742743729271
2021-06-29,154.13999938964844,16.020000457763672,0.04,0.0,-0.0012319023871563,0.0764059416366958,0.1936378087960586,0.1925087375953217,0.0175165236728521,0.0281230909207436,0.9765997894356154,0.2600002288818359,-0.3661402826102415,0.0003202949026207,-1.0000000000000002,0.0,0.9798944162168646,0.3945817302506627,0.8273177928095696
2021-06-30,155.5399932861328,15.829999923706056,0.05,0.0,0.0090416137117798,0.0813802482188159,0.1919993684193144,0.1910167068993613,0.0152372072745794,-0.147920429334418,0.9886046518748668,-0.1900005340576154,-0.442442769746285,0.0017179114339808,1.0000000000000002,0.0,0.989444581696083,0.4238568537428029,0.8244818748119183
2021-07-01,157.0800018310547,15.479999542236328,0.05,0.0,0.0098523512647326,0.0833346901637449,0.1969709940983254,0.1910522063383457,0.010949842122825,-0.1787941488376019,1.0011138233957455,-0.3500003814697283,-0.439273774776251,0.0034483267010301,0.0,0.0,1.0,0.4230810254333451,0.7859024935676016
2021-07-02,156.02999877929688,15.06999969482422,0.05,0.0,-0.0067069527370624,0.1111210183502484,0.1970650591422745,0.1915648663545364,0.007690906982116,0.0863049802516824,0.997491527657506,-0.4099998474121076,-0.4461905465929048,-0.0027498495987958,0.0,-0.9999999999999996,1.0,0.5638798619801125,0.7647220547577729
2021-07-06,153.41000366210938,16.440000534057617,0.05,0.0,-0.0169341889015071,0.1783565209758399,0.2020047276013837,0.1940976528735864,0.0223583377478819,0.277878395760332,0.9846478114867224,1.3700008392333969,-0.4765751395183482,0.0231998530068017,0.0,0.0,0.9329909081121416,0.8829324100166168,0.8138423654370457
2021-07-07,153.58999633789062,16.200000762939453,0.05,0.0,0.0011725908560583,0.1791410270881426,0.2027283070867167,0.1915576489224526,0.0177745673066701,-0.2062908541275219,0.989453228008117,-0.239999771118164,-0.4782308655268483,0.0002814215370692,0.0,1.0000000000000002,0.9447297087430384,0.8836507819873194,0.7990990994666537
2021-07-08,150.94000244140625,19.0,0.06,0.0,-0.0174042675527237,0.1866278812203385,0.2083005221302486,0.1946179093181669,0.016496657300179,0.3738364435188242,0.9765937420521508,2.799999237060547,-0.5215287054410568,0.0487319358692242,0.9999999999999996,0.9999999999999996,0.8077769414242151,0.8959549371827387,0.9121436569476988
2021-07-09,155.77000427246094,16.18000030517578,0.06,0.0,0.0314981647351204,0.3188900683721062,0.2396778645110304,0.2042804962364102,0.0229183537748726,-0.2641460983753795,1.0100755624187825,-2.8199996948242188,-0.6180286927145104,0.0888248149405627,0.0,0.9999999999999996,0.94570796545187,1.3304944493838744,0.6750727831368486
2021-07-12,158.0,16.170000076293945,0.05,0.0,0.0142144452604438,0.3323948082000524,0.2407483038036904,0.2062117426199413,0.0330379824095134,0.375753532139548,1.0252955732046696,-0.0100002288818359,-0.6967021513331693,0.0001421477060327,-0.9999999999999996,0.0,0.9461970938062858,1.3806735206371044,0.671655825641006
2021-07-13,155.64999389648438,17.1200008392334,0.05,0.0,-0.0149851753524286,0.3254272578163631,0.2457678846484801,0.207015206344952,0.0249919662202845,0.1283696261670839,1.0114961743030724,0.9500007629394532,-0.7060390662198669,0.0142359280175886,0.0,0.0,0.8997309263454202,1.324124420413266,0.6965922689093412
2021-07-14,155.1199951171875,16.329999923706055,0.06,0.0,-0.0034108782177886,0.328570892192631,0.2392239215649284,0.2035196129233556,0.0279138858132604,-0.438535496227951,1.008816811498403,-0.7900009155273438,-0.692608233867193,-0.0026945969148052,0.9999999999999996,0.9999999999999996,0.9383712267190212,1.3734867735769172,0.6826240376330377
2021-07-15,155.4600067138672,17.010000228881836,0.05,0.0,0.0021895275324272,0.2818615586734571,0.2334319034623287,0.2031980705596605,0.0182040506164615,-0.2368233537908728,1.010940397718985,0.6800003051757812,-0.6823833774586877,-0.0014888793902412,-0.9999999999999996,-0.9999999999999996,0.9051112449523,1.2074680216920044,0.7286921786004675
2021-07-16,151.91000366210938,18.450000762939453,0.05,0.0,-0.0231002426625068,0.2315081221578355,0.2451902609741326,0.20799050773545,0.0346257282603695,0.1934915675022763,0.989190625274232,1.4400005340576172,-0.735694220773683,0.0332643617708703,0.0,-0.9999999999999996,0.834678347875225,0.9441978700053644,0.7524769005766468
2021-07-19,146.97000122070312,22.5,0.05,0.0,-0.0330597717022787,0.2273119338250718,0.2508919563953474,0.2180402718161276,0.0279648947146678,0.4596206543074946,0.9584464323903126,4.049999237060547,-0.8762327372646441,0.1338920501716246,0.0,0.0,0.6365859356298389,0.9060152309820608,0.8968003726889207
2021-07-20,149.7100067138672,19.729999542236328,0.05,0.0,0.0184716416831696,0.3254667146605044,0.2439266094054136,0.2167552311209558,0.031995144421359,-0.365464814106544,0.9757726297265592,-2.770000457763672,-0.8667583430643953,0.0511664559180265,0.0,0.0,0.772071411177109,1.3342813047492024,0.8088498253769622
2021-07-21,152.86000061035156,17.90999984741211,0.05,0.0,0.0208223395000567,0.3858399597969674,0.2476460545046716,0.220088209858707,0.0149809844105007,-0.2192075822744887,0.9955526621085552,-1.8199996948242188,-0.8729816928482645,0.0378966515356295,0.0,-0.9999999999999996,0.8610907192635135,1.5580299091326286,0.7232095776060207
2021-07-22,150.92999267578125,17.690000534057617,0.05,0.0,-0.0127063691635378,0.3878619765841975,0.2519448962745053,0.2173301473692361,0.0229907996362073,-0.2203211362065646,0.9827633858554272,-0.2199993133544922,-0.8694551029428321,-0.002795392491207,0.0,0.0,0.8718512631855786,1.539471457130072,0.7021376815184049
2021-07-23,150.63999938964844,17.200000762939453,0.05,0.0,-0.0019232243469057,0.3566269216780212,0.2511390843360461,0.2140637621926187,0.0171932843095099,-0.0252523709730153,0.9810211334540864,-0.489999771118164,-0.8643233504191238,-0.0009423794897926,0.0,0.0,0.8958179928017879,1.4200375167443997,0.6848794885277333
2021-07-26,151.64999389648438,17.579999923706055,0.05,0.0,0.0066823135900323,0.2228167091599468,0.2501281334273309,0.214423418103325,0.0118035517109465,-0.1635156304820356,0.9878620355706836,0.3799991607666015,-0.8562499987724926,-0.0025392735561915,0.0,0.0,0.8772315817924583,0.8908102663496716,0.7028397678749531
2021-07-27,151.4499969482422,19.36000061035156,0.05,0.0,-0.0013196765642263,0.1973824328280103,0.2473044067285426,0.2142492652007556,0.0177616539822417,0.3124727404256944,0.9873555477013684,1.7800006866455045,-0.8376814226484331,0.0023490251904729,0.0,0.0,0.7901686938320229,0.7981355263299862,0.7828409071417135
2021-07-28,151.6999969482422,18.309999465942383,0.05,0.0,0.0016493489144477,0.1129937816449168,0.2472827869683113,0.2138775284529354,0.0124587964909009,-0.196499875820684,0.9897935244117776,-1.050001144409176,-0.8322332545374456,0.0017318182477002,0.0,0.0,0.8415260515453523,0.4569415567909976,0.7404477962426378
2021-07-29,153.0,17.700000762939453,0.06,0.0,0.0085330551550079,0.0746761285937091,0.2493818327253573,0.2109974896319592,0.0128104016671772,-0.0168267941125872,0.9986293358884272,-0.6099987030029297,-0.8338882333165376,0.0052051525772072,0.9999999999999996,0.9999999999999996,0.8713621348311626,0.2994449426312039,0.709755019822649
2021-07-30,151.77999877929688,18.239999771118164,0.06,0.0,-0.0080058254592509,0.1048960075244245,0.248279248797954,0.2108502144222823,0.0162735620013724,0.0786574982756882,0.991825488282438,0.5399990081787109,-0.8374775176561239,0.0043231378076473,0.0,0.9999999999999996,0.8449498567345687,0.4224920448739852,0.7346566360026974
2021-08-02,151.1699981689453,19.459999084472656,0.05,0.0,-0.0040270766851215,0.0990013001606622,0.2451544510895513,0.2109191259825822,0.0223588652838773,0.039788539382345,0.9896593773848548,1.2199993133544922,-0.8355075357571999,0.0049130307906741,-0.9999999999999996,0.0,0.7852775968712533,0.4038323584200333,0.7937852646764388
2021-08-03,152.88999938964844,18.040000915527344,0.05,0.0,0.0113136853323632,0.1294364051676108,0.248558199028394,0.2103239771632367,0.0248544905940727,0.0186042845267745,1.0019003920474596,-1.4199981689453125,-0.8519704333405064,0.0160654124559791,0.0,0.0,0.8547321439478021,0.520748885667717,0.725785791257143
2021-08-04,151.24000549316406,17.969999313354492,0.05,0.0,-0.0108506892368534,0.1581518626787893,0.2444946089476888,0.2096079447958861,0.0162654811275401,-0.0233394860732966,0.991759421008518,-0.0700016021728515,-0.8352300262439023,-0.0007595656312594,0.0,0.0,0.8581560424287129,0.6468521467997971,0.7349855029809386
2021-08-05,153.14999389648438,17.280000686645508,0.05,0.0,0.0125497780820232,0.1745027292157021,0.2487198880620061,0.2071710527131321,0.0109696898565066,-0.1040483947544682,1.0044222129472555,-0.6899986267089844,-0.8351803075931772,0.0086593296420985,0.0,-0.9999999999999996,0.8919050592581557,0.7016034406231254,0.6947574969291394
2021-08-06,157.5,16.149999618530273,0.06,0.0,0.0280076648400914,0.2420769709119155,0.2585492926646276,0.2148818162505344,0.0172063918340773,0.3760093073548421,1.0308394796975238,-1.1300010681152344,-0.8131525622750408,0.0316486911847168,0.9999999999999996,0.0,0.9471753505151176,0.9362894340845136,0.6246390950092037
2021-08-09,157.3300018310547,16.719999313354492,0.06,0.0,-0.0010799363750498,0.2340858429669916,0.235346349870875,0.2148858282682487,0.0168436351899308,-0.3368579421105916,1.029226429477092,0.5699996948242188,-0.776372190259268,0.0006155634042079,0.0,0.9999999999999996,0.919295687355276,0.9946440346129228,0.7104422619058284
2021-08-10,159.25999450683594,16.790000915527344,0.05,0.0,0.0121925304468603,0.2349539660880321,0.2339591459074627,0.2137175242293079,0.0230440681623142,-0.0935464553699224,1.0414433421312062,0.0700016021728515,-0.7786012470774185,-0.0008534966658214,-0.9999999999999996,0.0,0.9158717888743648,1.004252110669625,0.7176467006837276
2021-08-11,161.16000366210938,16.170000076293945,0.05,0.0,0.0118596307090867,0.1636686754021514,0.230198659312826,0.2145221082038095,0.0150161213325554,0.0549412994466584,1.0520628956692435,-0.6200008392333984,-0.7757188374269852,0.0073529809926319,0.0,0.0,0.9461970938062858,0.710988829781739,0.7024367615590624
2021-08-12,161.7899932861328,15.59000015258789,0.06,0.0,0.003901473473242,0.1752916760252388,0.2295632478952676,0.2085538336485,0.0112491015572944,-0.0347021326576448,1.0539901263746116,-0.5799999237060547,-0.7924992376913441,0.0022628543168215,0.9999999999999996,0.9999999999999996,0.9745658853205432,0.7635877155092837,0.6791156814308721
2021-08-13,159.97999572753906,15.449999809265137,0.06,0.0,-0.0112503758053706,0.15542629074589,0.2341031443825448,0.2073709285271666,0.0161895012317767,0.0153382230680752,1.0407394927670606,-0.1400003433227539,-0.780424571087465,-0.0015750564752618,0.0,0.0,0.9814135423448233,0.6639222687752966,0.6599654972604083
2021-08-16,158.92999267578125,16.1200008392334,0.06,0.0,-0.0065849730902868,0.1691188405748072,0.2188500935950952,0.2075382110938853,0.0141571767676981,-0.0253837620896784,1.0316652338739885,0.6700010299682617,-0.7712605733096948,0.0044119387528054,0.0,0.0,0.9486426422866704,0.7727611069141321,0.73657728787897
2021-08-17,157.00999450683594,17.90999984741211,0.07,0.0,-0.0121543450228175,0.1651717011236884,0.1859840516601836,0.2070345589484065,0.0228647631583371,0.0653604952916666,1.0160486409460934,1.789999008178711,-0.669061808711899,0.0217562655359053,1.0000000000000009,2.0000000000000004,0.8610907192635135,0.8880960472109616,0.962985787627422
2021-08-18,155.5800018310547,21.56999969482422,0.07,0.0,-0.0091493820535075,0.1029568895434996,0.1818741468215908,0.207263313754667,0.0171615769219792,-0.1474811272755793,1.004976956153904,3.659999847412109,-0.6101931001621681,0.0334867369197528,0.0,2.0000000000000004,0.6820738463818727,0.5660886461476851,1.1859849281373278
2021-08-19,154.27999877929688,21.670000076293945,0.06,0.0,-0.008390955120075,0.0354605007235421,0.1712850491766721,0.2078439974325748,0.0165284098517895,0.1655575170397438,0.9961444160929712,0.1000003814697265,-0.5388997293929972,0.0008390987129028,-1.0000000000000009,0.0,0.6771826561294089,0.2070262459799765,1.265142531730391
2021-08-20,154.72000122070312,18.559999465942383,0.05,0.0,0.0028479141669713,0.0904232805785797,0.1645865044241685,0.2065471858727751,0.0112460588201066,-0.3109499358514623,0.9978226418481032,-3.1100006103515625,-0.5183636762082625,0.0088570147975096,-0.9999999999999996,-0.9999999999999996,0.8292981225600397,0.5493966889626807,1.127674442742279
2021-08-23,156.6999969482422,17.149999618530273,0.05,0.0,0.0127160902920727,0.164919592853771,0.1688645946076178,0.2079530312890767,0.0118059405281138,0.1290296560059603,1.0087147838096446,-1.4099998474121094,-0.5527752700981535,0.0179296853715011,0.0,-0.9999999999999996,0.8982636345738672,0.976638076424406,1.0156065964201
2021-08-24,157.6699981689453,17.219999313354492,0.05,0.0,0.0061710997493676,0.1502830833772398,0.1686905355102592,0.2074470519357489,0.0106552163003779,-0.0337989943477834,1.0130894135057276,0.0699996948242187,-0.559456067629325,-0.0004319750991855,0.0,-2.0000000000000004,0.8948398293846507,0.8908803503567044,1.0208041169154525
2021-08-25,160.9199981689453,16.790000915527344,0.06,0.0,0.0204031060667417,0.1714908798777896,0.1799496102453943,0.2115853036601191,0.0247327602089615,0.3904613351773286,1.0309845744271608,-0.4299983978271484,-0.5463940574125152,0.0087733029193963,0.9999999999999996,-1.0000000000000009,0.9158717888743648,0.9529938944792954,0.9330390264603018
2021-08-26,161.75,18.84000015258789,0.05,0.0,0.0051445976780869,0.1132312289625259,0.1800537326979411,0.2095020521006052,0.0165688280344377,-0.0275031309625345,1.033134528470643,2.049999237060547,-0.5123262386297022,-0.0105464213150616,-0.9999999999999996,-0.9999999999999996,0.8156028085114796,0.6288746546148147,1.0463543226951006
2021-08-27,163.0500030517578,16.389999389648438,0.05,0.0,0.0080049875710172,0.0993351821687683,0.179860473021736,0.2101493167810216,0.011652923150638,-0.2278929665660908,1.0382642365468877,-2.450000762939453,-0.5063818530194347,0.019612225656313,0.0,0.0,0.9354365498842208,0.5522902308655875,0.911261886188174
2021-08-30,160.44000244140625,16.190000534057617,0.05,0.0,-0.0161368648332327,0.2091049489902637,0.1881603381874255,0.2113293216546443,0.0225006267478084,-0.1008882238662196,1.0189686068774668,-0.1999988555908203,-0.4607925284892868,-0.0032273544994702,0.0,0.0,0.945218837097454,1.1113125699315838,0.8604364070567754
2021-08-31,159.9499969482422,16.479999542236328,0.04,0.0,-0.0030588088027163,0.2152391521741176,0.1877573664182168,0.211385044206813,0.0126288781007324,0.4412998836329503,1.0131662183635048,0.2899990081787109,-0.4513641857629685,0.000887051518996,-1.0000000000000002,-1.0000000000000002,0.9310344879861726,1.1463686154112698,0.8777285204101258
2021-09-01,159.72000122070312,16.110000610351562,0.05,0.0,-0.0014389574782881,0.1487397434041675,0.185559980022327,0.2113760208110631,0.0112070703258972,-0.3461569311654159,1.0096293798004228,-0.3699989318847656,-0.4283138657916341,-0.0005324127299942,1.0000000000000002,-0.9999999999999996,0.9491317706410864,0.8015723184830628,0.8681829243791235
2021-09-02,160.4600067138672,16.40999984741211,0.05,0.0,0.004622442329095,0.1473101858949358,0.1796193470087737,0.2115908641746644,0.0135859893017311,0.0095080291277814,1.011499892141634,0.2999992370605469,-0.4386468364032432,-0.0013867291720848,0.0,0.0,0.9344582931753892,0.8201242702866537,0.913598680804164
2021-09-03,159.49000549316406,16.40999984741211,0.05,0.0,-0.0060634733901634,0.1210245211006219,0.1784819035616899,0.2117164928143713,0.0109098089738208,-0.1018706334561098,1.0034754959922507,0.0,-0.4252416877681069,0.0,0.0,0.0,0.9344582931753892,0.6780772654567272,0.91942093399627
2021-09-07,159.2100067138672,18.13999938964844,0.05,0.0,-0.0017571310989254,0.0618910597616261,0.1514204528652773,0.2116182227127599,0.0152000381062387,0.1540735023684224,1.001200858568023,1.7299995422363317,-0.399870005723398,0.0030398359967903,0.0,0.0,0.8498410469870324,0.4087364592463092,1.1979887159489653
2021-09-08,158.5,17.959999084472656,0.05,0.0,-0.0044695343604607,0.0648145186968924,0.1523226696251173,0.2103687385170736,0.0097161422392547,-0.1676073913702858,0.9963868465279584,-0.1800003051757848,-0.391201358284251,-0.0008045175488765,0.0,1.0000000000000002,0.8586451707831289,0.4255080275077113,1.1790759135638946
2021-09-09,159.19000244140625,18.799999237060547,0.04,0.0,0.0043438793861387,0.0785173225777118,0.1469682996906206,0.2082640823549037,0.0172749541920021,0.0065494934888732,1.000745412743461,0.8400001525878906,-0.3907902503601543,-0.0036488593471799,-1.0000000000000002,-1.0000000000000002,0.8175593219291429,0.5342466555236519,1.2791873673871144
2021-09-10,157.36000061035156,20.950000762939453,0.05,0.0,-0.0115622947439748,0.0926550458701805,0.145500603156462,0.2095164149963451,0.0222419927962923,0.0502452142527247,0.9903677333412488,2.1500015258789062,-0.4235424065883245,0.0248589513422075,1.0000000000000002,0.0,0.7123990580220991,0.6368017991687999,1.439856626601827
2021-09-13,159.86000061035156,19.3700008392334,0.06,0.0,0.0157622580564116,0.1632442711144167,0.1560906844558564,0.2091050403045035,0.012385810834351,0.1901990732229576,1.0066841216984572,-1.579999923706055,-0.4680904009860948,0.0249043665265655,0.9999999999999996,0.9999999999999996,0.7896795654776069,1.0458296834529124,1.2409453457622177
2021-09-14,157.07000732421875,19.459999084472656,0.04,0.0,-0.0176068235306868,0.2091516723729912,0.1629715609872445,0.2098556669985183,0.0323422779281388,0.1505061118879183,0.9899786119760384,0.0899982452392578,-0.4543785869534317,0.001584583221999,-2.0,-1.0000000000000002,0.7852775968712533,1.2833630058275085,1.1940733074278986
2021-09-15,158.16000366210938,18.18000030517578,0.04,0.0,0.0069155895315969,0.2185136361727595,0.1637193003144723,0.2098446545614959,0.0140364262095358,0.000504767496847,0.9970790492383188,-1.279998779296875,-0.4671161710401177,0.0088519461585623,0.0,-1.0000000000000002,0.8478845335693692,1.3346846447122491,1.1104372099230575
2021-09-16,158.08999633789062,18.690000534057617,0.04,0.0,-0.0004427340734373,0.2145322395790659,0.1578957323044571,0.2011253010372416,0.0229616355677178,-0.0718531234564381,0.99631468217855,0.5100002288818359,-0.4308620344196557,0.0002257944787868,0.0,0.0,0.8229395472443282,1.3586956179752938,1.1836925711215078
2021-09-17,157.67999267578125,20.809999465942383,0.04,0.0,-0.0025968515488106,0.1964191635594106,0.1545367546834248,0.1940449176587194,0.0127473021321662,0.8086918889916964,0.993104885565604,2.1199989318847656,-0.382362570851134,0.0055053225097418,0.0,-1.0000000000000002,0.7192467616922265,1.271019078676679,1.3466051819563931
2021-09-20,152.9600067138672,25.709999084472656,0.04,0.0,-0.0303911231985226,0.2379901203564351,0.1862676568906274,0.2012515797784173,0.0266082105569148,-0.4344322063795554,0.9637588666258968,4.899999618530273,-0.6048783057766383,0.1489164920794676,0.0,-2.0,0.4795793722384386,1.2776781773562442,1.38027178274804
2021-09-21,152.97999572753906,24.36000061035156,0.03,0.0,0.0001306727694372,0.2299304335518984,0.1859064642642246,0.2012211921943831,0.012877508665981,-0.5640551750436343,0.964388282062118,-1.3499984741210973,-0.6264150276083439,0.0001764080393494,-1.0000000000000002,-1.0000000000000002,0.5456101141257711,1.236807092544687,1.3103363945284463
2021-09-22,155.91000366210938,20.8700008392334,0.03,0.0,0.0189717752115835,0.2805620590127236,0.1926663533567633,0.2043608342074527,0.0137899675837598,0.2219272428490012,0.9830922372261752,-3.4899997711181605,-0.6656548026142453,0.0662114911461318,0.0,-1.0000000000000002,0.7163119915657313,1.456206826592095,1.0832197981444165
2021-09-23,161.17999267578125,18.6299991607666,0.03,0.0,0.0332427662780551,0.3823458762382802,0.224252038758238,0.2139622031768972,0.0250651987126496,0.0933892141311192,1.0152522166465092,-2.240001678466797,-0.6941814942808557,0.0744638522597229,0.0,-1.0000000000000002,0.8258743173708233,1.7049828325105234,0.8307616405151733
2021-09-24,163.0399932861328,17.75,0.03,0.0,0.0114738208400236,0.3803933162464159,0.2165424139521172,0.2142295768558131,0.016989629095547,-0.1997569037619644,1.0263155049284003,-0.8799991607666016,-0.7165332396593072,0.0100969527100071,0.0,-1.0000000000000002,0.868916586350778,1.7566688636367105,0.8197008464090065
2021-09-27,166.97999572753906,18.76000022888184,0.04,0.0,0.0238784908840414,0.1990157046055363,0.2307306329667068,0.2191017011528247,0.016708548074736,0.2690258913934411,1.049472027350519,1.0100002288818395,-0.6611449834774173,-0.0241172812582348,1.0000000000000002,0.0,0.8195157420551116,0.862545653546806,0.8130693349065967
2021-09-28,166.0800018310547,23.25,0.04,0.0,-0.005404408176531,0.230851971967021,0.2306542999485543,0.2194524857756593,0.02191714444555,0.0125524031706473,1.042869837151845,4.4899997711181605,-0.6288736894953663,0.0242657914756534,0.0,1.0000000000000002,0.5999021486739011,1.000857005564218,1.0080020188301595
2021-09-29,165.9499969482422,22.559999465942383,0.04,0.0,-0.0007830912262991,0.2581489909394517,0.2223677691005179,0.2189017188418293,0.0112081991235689,-0.5431677958867867,1.0403394595212316,-0.6900005340576172,-0.66156357411327,-0.0005403333643622,0.0,1.0000000000000002,0.6336512587950383,1.1609101084373403,1.0145354948335377
2021-09-30,163.69000244140625,23.13999938964844,0.04,0.0,-0.013712109705282,0.2343730776079432,0.228171394526318,0.220110875982349,0.0256583306517737,0.5260895890915314,1.0250271467131542,0.5799999237060582,-0.6516215647869164,0.0079530225829126,0.0,1.0000000000000002,0.6052824672807806,1.0271799324122106,1.0141498866537102
2021-10-01,167.1300048828125,21.100000381469727,0.04,0.0,0.0207975718454096,0.262984305586209,0.2378500815697584,0.2232239512984612,0.0281218022553024,-0.1537986968808696,1.0442610571740214,-2.0399990081787145,-0.6814989495306927,0.0424270259371612,0.0,1.0000000000000002,0.7050623192892504,1.105672547390231,0.8871134389450004
2021-10-04,166.9499969482422,22.959999084472656,0.04,11.111111111111107,-0.0010776338062973,0.202600120046361,0.2379259785529655,0.2202527047753727,0.028212080263334,0.224117821795597,1.0411259313913468,1.8599987030029297,-0.6794511762993839,0.0020043974820251,0.0,0.0,0.614086591076877,0.8515258454690333,0.9650059747200516
2021-10-05,168.66000366210938,21.299999237060547,0.04,11.111111111111107,0.0101905277492727,0.2067736536382788,0.237743812323509,0.2209617341520632,0.0205739425196199,-0.13857037212379,1.0489334252738831,-1.6599998474121094,-0.6936547320929812,0.0169162745088415,0.0,0.0,0.6952800320760171,0.8697330610519207,0.8959223387936865
2021-10-06,169.02000427246094,21.0,0.04,11.111111111111107,0.002132200534714,0.2043613258002062,0.2372140624096013,0.2176024359627048,0.0183410603783822,-0.3465497709373373,1.0481272626010725,-0.2999992370605469,-0.6919949118437914,0.0006396585336743,0.0,0.0,0.7099535095417144,0.8615059483587119,0.8852763527880133
2021-10-07,170.08999633789062,19.540000915527344,0.05,11.111111111111107,0.0063106108014002,0.1346347464765143,0.2359605170046021,0.209300972288928,0.0115821110183907,0.1594645491718586,1.0511649174312363,-1.4599990844726562,-0.6979396065018897,0.0092134859925075,1.0000000000000002,1.0000000000000002,0.7813645700359265,0.5705816726697902,0.8281046830875624
2021-10-08,170.22000122070312,18.770000457763672,0.05,11.111111111111107,0.0007640380245622,0.0722418284929082,0.2360983847350914,0.2076752173653006,0.0119844511309091,-0.2190105303731807,1.0485647152572082,-0.7700004577636719,-0.6956826558231337,0.0005883096286617,0.0,1.0000000000000002,0.819026613700696,0.3059818836709342,0.7950075761350126
2021-10-11,166.63999938964844,20.0,0.05,11.111111111111107,-0.0212559319301199,0.1944099873158697,0.245914151347782,0.2100248437877349,0.0289845570688693,0.3947898184597025,1.0237249632662666,1.229999542236328,-0.6777457338721409,0.026144786543854,0.0,1.0000000000000002,0.7588652254829646,0.7905603896740657,0.8132919512921877
2021-10-12,165.36000061035156,19.850000381469727,0.06,11.111111111111107,-0.0077108742254611,0.1735583414224481,0.2436716842779008,0.2105741575144713,0.0116110193629566,0.0697379844932167,1.0142296417273011,-0.1499996185302734,-0.6580615144458578,-0.001156628192354,0.9999999999999996,2.0,0.7662019642158133,0.7122630679751433,0.8146207237945362
2021-10-13,161.0,18.63999938964844,0.05,11.111111111111107,-0.026720554080097,0.2235191384131737,0.2545314168856643,0.2177350433742698,0.0298757612335015,0.5572650689621339,0.9863555637736564,-1.2100009918212855,-0.5719474952724091,-0.0323318969389317,-0.9999999999999996,1.0000000000000002,0.8253851890164072,0.8781593295949738,0.7323260765888694
2021-10-14,163.47000122070312,16.860000610351562,0.05,11.111111111111107,0.0152251297460978,0.268281445140984,0.2584889341127686,0.2142752582266934,0.0241634362191582,-0.4049510336615011,0.9999388418160016,-1.7799987792968786,-0.5833663330408458,0.0271007123626908,0.0,0.0,0.9124479836851486,1.0378836759949783,0.6522523166502828
2021-10-15,166.61000061035156,16.299999237060547,0.05,11.111111111111107,0.0190262608737712,0.3298655559338899,0.2652853625935025,0.2056088254989836,0.0181861759089905,-0.061790731588429,1.016623088715959,-0.5600013732910156,-0.5780769230381444,0.010654732217905,0.0,0.0,0.9398386117822688,1.2434367004233997,0.6144326651763701
2021-10-18,166.5500030517578,16.309999465942383,0.06,11.111111111111107,-0.0003601726412705,0.2934981569593016,0.2648567523547668,0.2029053831997638,0.016211329323141,-0.1185113591904211,1.0136445362079818,0.0100002288818359,-0.5801073977752539,3.6018088496813565e-06,0.9999999999999996,0.9999999999999996,0.939349483427853,1.1081392275254156,0.6158045555166998
2021-10-19,168.57000732421875,15.699999809265137,0.05,11.111111111111107,0.0120555542782774,0.2947840768739641,0.237642724365018,0.2002865127155725,0.0122797174793281,-0.4533094091158801,1.0213180745794974,-0.6099996566772461,-0.4384822246779327,0.0073538839708031,-0.9999999999999996,-0.9999999999999996,0.9691856133595108,1.2404506709036769,0.6606556060664419
2021-10-20,170.83999633789062,15.489999771118164,0.05,11.111111111111107,0.0133762872960252,0.1162067309235667,0.2389110123838716,0.199530884959916,0.0199601292227609,0.0162200668008635,1.0297651281542242,-0.2100000381469726,-0.4436429753850927,0.0028090208424301,0.0,0.0,0.9794570755730072,0.4864017349558207,0.6483585505983088
2021-10-21,169.5,15.010000228881836,0.06,11.111111111111107,-0.0078744977168593,0.1749746135969882,0.2375910067436753,0.2003557807361585,0.0156342723024981,0.0276630814805954,1.0177182186406784,-0.4799995422363281,-0.3887757617950687,-0.0037797552994334,0.9999999999999996,0.9999999999999996,1.0,0.7364530164467015,0.6317579286607995
2021-10-22,171.77999877929688,15.43000030517578,0.06,11.111111111111107,0.0133616544113732,0.1543513945383273,0.215712036738981,0.2014498848035204,0.0139131412657599,0.0467441519885061,1.0282914171778923,0.4200000762939435,-0.2790977560382132,-0.00561189587219,0.0,0.9999999999999996,0.9795171860127272,0.7155437261254818,0.7153054849621863
2021-10-25,170.94000244140625,15.239999771118164,0.06,11.111111111111107,-0.0049019492117654,0.1690196640044591,0.2150962620196027,0.2018153319861862,0.0145080785708904,0.1415959524612531,1.020963995454291,-0.1900005340576154,-0.2639938427589051,-0.0009313729681587,0.0,0.0,0.9887832452737758,0.7857861518256211,0.7085199727798743
2021-10-26,171.39999389648438,15.979999542236328,0.06,11.111111111111107,0.00268733853379,0.1578058528414216,0.2002670839940141,0.2018203190810093,0.0113769677740417,-0.2370524363026394,1.0224260703448096,0.7399997711181641,-0.3521553097707515,-0.0019886298999216,0.0,0.9999999999999996,0.9526944954902404,0.7879769840067097,0.7979343995798112
2021-10-27,167.8300018310547,16.979999542236328,0.06,11.111111111111107,-0.0210483973236397,0.2026148315588152,0.2136931128522334,0.2065085740942518,0.0200202620133073,0.2058395776756178,1.0006331344720312,1.0,-0.4542878160930055,0.0210483973236397,0.0,0.9999999999999996,0.9039258996175634,0.948157986256306,0.7945974166223044
2021-10-28,170.36000061035156,16.530000686645508,0.06,11.111111111111107,0.0149622754074661,0.2343260771703705,0.2193877322147766,0.2073330528945406,0.0149682307104535,-0.3112957506971586,1.0144473011529418,-0.4499988555908203,-0.4540703143928937,0.0067330068103944,0.0,0.0,0.9258717119490394,1.0680910678313116,0.7534605750180661
2021-10-29,169.88999938964844,16.260000228881836,0.05,11.111111111111107,-0.0027626834365337,0.2071772580736577,0.2131701806711983,0.2072031793831657,0.0167755966434436,0.1209313753827672,1.0098731531666538,-0.2700004577636719,-0.4267891609532788,-0.0007459257925202,-0.9999999999999996,-0.9999999999999996,0.9390392551591537,0.9718866748685436,0.7627708611816522
2021-11-01,169.8000030517578,16.40999984741211,0.05,11.111111111111107,-0.0005298733512876,0.205923159455541,0.2016770154015522,0.2063574682700428,0.0195524573883944,-0.0905366378046725,1.008575936791148,0.1499996185302734,-0.3449375610213966,7.948080056251108e-05,0.0,-0.9999999999999996,0.9317239843819952,1.0210541793547192,0.8136772460034037
2021-11-02,170.47000122070312,16.030000686645508,0.05,11.111111111111107,0.003938043473735,0.2076477234313787,0.201851185624662,0.2048257906065276,0.0162492183529387,-0.0358303268750797,1.0115484628990563,-0.3799991607666015,-0.3829947777896812,0.0014964532150817,0.0,-0.9999999999999996,0.9502560098853778,1.028716887586161,0.7941494441579824
2021-11-03,170.52999877929688,15.100000381469728,0.05,11.111111111111107,0.0003518918428906,0.1112554932970156,0.1990609237068016,0.2036976789050669,0.0116109247669126,0.1581175825020788,1.011370076809169,-0.9300003051757796,-0.3434114789259157,0.0003272595212771,0.0,-0.9999999999999996,0.9956108189299618,0.5589017232778682,0.7585617558828691
2021-11-04,168.2899932861328,15.4399995803833,0.04,11.111111111111107,-0.0132225853361815,0.1030287438948744,0.204530238571144,0.1986888047687641,0.0220452290872117,0.1305188978886994,0.9982909883841028,0.3399991989135724,-0.3707751403801944,0.004495668421868,-1.0000000000000002,-2.0,0.9790295354011118,0.5037335536037952,0.754900580385948
2021-11-05,168.0500030517578,16.479999542236328,0.05,11.111111111111107,-0.0014270694994168,0.1032054925808311,0.2031757497240053,0.1987051549160965,0.0159475907593755,-0.1826850997116923,0.997442146349456,1.0399999618530271,-0.337028399261064,0.0014841522249551,1.0000000000000002,0.0,0.928310197553902,0.5079616672807943,0.811120400176833
2021-11-08,169.05999755859375,17.219999313354492,0.06,11.111111111111107,0.0059920947287828,0.1189516805189825,0.20441314717438,0.1976757699588293,0.0128947871008083,-0.2179505534582722,1.003765952003672,0.7399997711181641,-0.2992189130628847,-0.0044341487278176,0.9999999999999996,0.9999999999999996,0.8922214477703667,0.5819179547072267,0.8424115352357703
2021-11-09,167.77999877929688,17.780000686645508,0.04,11.111111111111107,-0.0076000769171867,0.1177458757652175,0.191884931634387,0.1971403418123718,0.0111455187197095,0.219791978514647,0.995845196417771,0.5600013732910156,-0.2062645464236445,0.0042560535107419,-2.0,-1.0000000000000002,0.864910967108193,0.6136275254253297,0.9265970253736804
2021-11-10,167.6199951171875,18.729999542236328,0.05,11.111111111111107,-0.0009541066020211,0.1156229766385711,0.1897352355788391,0.1970529032547664,0.0110965318251631,-0.1324324491970641,0.9942604103283944,0.9499988555908204,-0.2101899197631455,0.0009064001800316,1.0000000000000002,0.0,0.8185808568403786,0.60939116704302,0.987165061096604
2021-11-11,167.61000061035156,17.65999984741211,0.05,11.111111111111107,-5.962775984413389e-05,0.0766831723799191,0.1616863628676192,0.1955919604219673,0.0106198840929241,-0.1853034814563735,0.9923483600969254,-1.0699996948242188,-0.4535758342431211,-6.380168483627507e-05,0.0,1.0000000000000002,0.8707632395411488,0.4742711198389904,1.092238054848895
2021-11-12,166.86000061035156,16.290000915527344,0.05,11.111111111111107,-0.0044847146488708,0.0811747254979788,0.1555432975193284,0.1953171968728454,0.0121059826505575,0.3330246404308378,0.9869646333680028,-1.3699989318847656,-0.2699094959645547,-0.006144054278761,0.0,0.0,0.937576163796236,0.5218786459628181,1.0472968733032737
2021-11-15,166.55999755859375,16.489999771118164,0.05,11.111111111111107,-0.0017995509229546,0.0486933251933627,0.141159717612367,0.1936221899875882,0.0107468378504455,-0.2228693512296155,0.985204013008796,0.1999988555908203,-0.2228526155833272,0.0003599081251683,0.0,-0.9999999999999996,0.9278225004329296,0.3449519878403094,1.168180274800541
2021-11-16,165.36000061035156,16.3700008392334,0.05,11.111111111111107,-0.0072306711442801,0.0465065324723379,0.1433610657829259,0.1932536016850128,0.0117925266076056,0.4021068892806027,0.9784339753107022,-0.1199989318847656,-0.2122027703064259,-0.0008676728141236,0.0,1.0000000000000002,0.9336746798471705,0.324401414138181,1.1418721498639304
2021-11-17,164.47000122070312,17.110000610351562,0.05,11.111111111111107,-0.0053967288893411,0.0454437407482773,0.1369496441133119,0.1927563878318734,0.0131938843122727,0.020749430422484,0.974293382369902,0.7399997711181641,-0.1799464116154998,0.0039935781428992,0.0,0.0,0.8975859300636353,0.3318281039903779,1.249364371928909
2021-11-18,163.0500030517578,17.59000015258789,0.05,11.111111111111107,-0.0086712692231916,0.0418388820368926,0.1284719692361036,0.1936857727311723,0.0140448236863567,-0.1988659956967347,0.9680087052672792,0.4799995422363281,-0.1765519227624204,0.0041622052577399,0.0,0.0,0.8741770263692418,0.3256654528273155,1.369170275600064
2021-11-19,160.9199981689453,17.90999984741211,0.05,11.111111111111107,-0.0131495852491043,0.0663924100801557,0.1326284683706358,0.1941432654763928,0.0165299757169815,0.4062732353685976,0.957686119396134,0.3199996948242187,-0.2212226214579013,0.0042078632667784,0.0,0.0,0.8585710905729794,0.5005894352532169,1.3503888016984298
2021-11-22,164.35000610351562,19.170000076293945,0.05,11.111111111111107,0.021091001544607,0.2157206164877302,0.146258702025209,0.1981901107889257,0.0181928209512311,0.1766728968119336,0.9801630498594368,1.260000228881836,-0.0290840605664063,-0.026574666773552,0.0,0.0,0.7971226486111607,1.474925002756751,1.3106912485104527
2021-11-23,168.27999877929688,19.3799991607666,0.06,11.111111111111107,0.0236309142207901,0.2771451431350011,0.1707348798944089,0.1995972676998804,0.0189565157151564,-0.1635718458149955,1.004359757487018,0.2099990844726562,-0.0298844167827976,-0.0049624703516178,0.9999999999999996,0.9999999999999996,0.7868812881268814,1.6232485319133476,1.13509314398746
2021-11-24,166.9600067138672,18.57999992370605,0.06,11.111111111111107,-0.0078749484869463,0.2826610871846372,0.1719740426534468,0.2001193358064959,0.0179683749362884,-0.2491498177642702,0.9977405693923012,-0.7999992370605504,-0.0012859802400765,-0.0062999527814482,0.0,0.9999999999999996,0.8258961276175374,1.64362646143198,1.0803956013959328
2021-11-26,161.92999267578125,28.6200008392334,0.06,11.111111111111107,-0.0305902051267663,0.3692687697548807,0.1882239866744847,0.2089317721412863,0.0236521135397942,0.3466254472308716,0.9693090043753214,10.040000915527347,-0.4967212113206491,0.3071256874789033,0.0,0.9999999999999996,0.3362593804068765,1.961858189697658,1.520528883958288
2021-11-29,161.22999572753906,22.959999084472656,0.06,11.111111111111107,-0.0043322073781278,0.3566515789452629,0.1783031714608176,0.2065717393842521,0.030763453367945,-0.1179188815266026,0.9676370915575008,-5.660001754760742,-0.4045135913735549,-0.024520301362191,0.0,0.9999999999999996,0.6122897186234462,2.0002537028548453,1.2876943744950795
2021-11-30,158.8300018310547,27.190000534057617,0.05,11.111111111111107,-0.0149974311010227,0.3141440791847053,0.1833885804574638,0.2086778103715899,0.0147328059541844,0.4467879520345333,0.956255871888274,4.230001449584961,-0.4464903726297091,0.0634391552973768,-0.9999999999999996,0.0,0.4059984873877991,1.7129969510700782,1.4826441464475053
2021-12-01,157.88999938964844,31.1200008392334,0.06,11.111111111111107,-0.0059358752073353,0.1710439451787136,0.1833509147463623,0.2089876605939248,0.0346443805297889,-0.4345535254002011,0.9538534552847748,3.930000305175781,-0.4428406948885239,0.0233279913763134,0.9999999999999996,0.0,0.2143378907251838,0.9328775120392856,1.697291823293225
2021-12-02,161.2100067138672,27.950000762939453,0.05,11.111111111111107,0.0208093203665015,0.2972036908953095,0.2004490737877494,0.2129699719783013,0.0276037265859092,0.0568278386974129,0.976511793035532,-3.1700000762939453,-0.5002415345627635,0.0659655471494351,-0.9999999999999996,-0.9999999999999996,0.3689343433623188,1.4826892700437777,1.394369164934881
2021-12-03,158.2899932861328,30.670000076293945,0.06,11.111111111111107,-0.0182791532519568,0.2437010526413276,0.2071987514564634,0.2157836032219381,0.0293132831287758,-0.0224633934281324,0.9622213477155642,2.719999313354492,-0.5145159316872163,0.049719284294024,0.9999999999999996,0.0,0.2362837960753744,1.176170468828979,1.4802212783959907
2021-12-06,160.16000366210938,27.18000030517578,0.05,11.111111111111107,0.0117445871495623,0.269911087569629,0.2105323939010913,0.217053106742514,0.019667793609258,-0.1254602006392719,0.9758854931895622,-3.489999771118164,-0.5607853521981496,0.0409886064638498,-0.9999999999999996,-0.9999999999999996,0.4064861845087716,1.2820406521213736,1.2910127416280186
2021-12-07,162.57000732421875,21.88999938964844,0.06,11.111111111111107,0.0149353848666111,0.2578145008505203,0.2189073983356167,0.2188568481830279,0.0137171410904331,-0.1270738155901605,0.9921476517974664,-5.29000091552734,-0.6036521816181754,0.0790081996181259,0.9999999999999996,0.9999999999999996,0.6644721013242161,1.1777331547984202,0.9999661754733342
2021-12-08,160.7100067138672,19.89999961853028,0.07,11.111111111111107,-0.0115071829615741,0.2747130065533174,0.2196737578375796,0.2199897182011254,0.0192894404455782,0.1724420241166592,0.9831820775231688,-1.989999771118164,-0.578521155711972,-0.0228992914597473,1.0000000000000009,1.0000000000000009,0.7615215959485977,1.250549948512431,0.9058887968422588
2021-12-09,160.4600067138672,21.57999992370605,0.06,11.111111111111107,-0.0015568081703804,0.2280656861335698,0.2188714686782153,0.2187309490128884,0.0142091404954418,-0.0450911271745353,0.9837504579937544,1.680000305175774,-0.5745638235716117,0.0026154382013392,-1.0000000000000009,0.9999999999999996,0.6795903399995062,1.0420073822818443,0.9859667892772698
2021-12-10,159.82000732421875,18.690000534057617,0.06,11.111111111111107,-0.0039965043926457,0.176290169662956,0.2189202649227173,0.2166168792542532,0.0160805402806425,-0.0726598733200517,0.9820630514649752,-2.889999389648434,-0.5603755814469329,-0.0115498952554734,0.0,0.0,0.8205315523055541,0.8052711325065751,0.8537355160179214
2021-12-13,157.9199981689453,20.309999465942383,0.05,11.111111111111107,-0.0119596636838923,0.173394768904906,0.2212754660910809,0.2150403647887583,0.0158940890067051,0.1483152794728554,0.9731471141658689,1.6199989318847656,-0.5652159423794552,0.0193746423936066,-0.9999999999999996,0.0,0.7415264790822975,0.7836149753426965,0.917860430924702
2021-12-14,159.1300048828125,21.88999938964844,0.05,11.111111111111107,0.0076329448161699,0.1281378074183422,0.2241012175358186,0.2151377347853984,0.0225601472238651,0.0401635625392435,0.9828328774290896,1.5799999237060582,-0.5475361555610964,-0.012060052227201,0.0,-0.9999999999999996,0.6644721013242161,0.5717854138738072,0.9767907390395908
2021-12-15,157.94000244140625,19.290000915527344,0.05,11.111111111111107,-0.0075062793792735,0.1165394780227451,0.2248246434174109,0.2156729330435516,0.0158287955005412,0.1092673571143443,0.9779624266338796,-2.5999984741210973,-0.5230814128076201,-0.0195163149324378,0.0,-2.0000000000000004,0.791270376178205,0.5183572238848263,0.8580020687373403
2021-12-16,160.41000366210938,20.56999969482422,0.05,11.111111111111107,0.0155178309311889,0.1800191814544281,0.2325115436884401,0.217823783613396,0.0194502232077034,0.3325358308629048,0.9947084575020452,1.279998779296875,-0.4874324903090533,-0.0198628046492572,0.0,-0.9999999999999996,0.7288466329931557,0.7742376081578533,0.8846872447067626
2021-12-17,156.75999450683594,21.56999969482422,0.05,11.111111111111107,-0.0230171221688754,0.2450906724597527,0.2440103848043044,0.2140715337668817,0.0267926279293668,0.2230939154343152,0.9742927553922868,1.0,-0.4777237069630801,0.0230171221688754,0.0,-0.9999999999999996,0.6800780371204787,1.0044272199985038,0.8839787582042169
2021-12-20,153.94000244140625,22.8700008392334,0.07,11.111111111111107,-0.0181530063239192,0.2613776557687905,0.2492900551773759,0.2172608216339721,0.0185786706833407,-0.4778323375470207,0.9593525898523754,1.3000011444091797,-0.4801228346921728,0.023598928995562,2.0000000000000004,2.0000000000000004,0.6166788066747696,1.048488097861802,0.9174052620334509
2021-12-21,156.08999633789062,21.01000022888184,0.07,11.111111111111107,0.0138698085431593,0.2833529763461335,0.2526199561800638,0.2156934555639991,0.0133896879167475,-0.2938359923597538,0.9741476333808328,-1.860000610351559,-0.4974024003080274,0.0257978523557357,0.0,2.0000000000000004,0.7073884247639375,1.1216571352112958,0.8316841055069385
2021-12-22,156.6999969482422,18.6299991607666,0.08,11.111111111111107,0.0039003893780164,0.2856619516320401,0.2399952115033849,0.205043167219481,0.0116144996864985,-0.4398636565073911,0.9801830408366622,-2.380001068115238,-0.5568672360787876,0.0092829308857445,0.9999999999999996,3.0,0.8234577350313892,1.1902818803866475,0.7762654531340032
2021-12-23,157.25999450683594,17.959999084472656,0.07,11.111111111111107,0.0035673217460964,0.2511188955995289,0.2221099324226347,0.2037806320143015,0.012145418224832,0.1021489844468643,0.9869254658130184,-0.6700000762939453,-0.6118487672934325,0.0023901058420496,-0.9999999999999996,2.0000000000000004,0.8561326979868314,1.1306063302099223,0.8086085520163976
2021-12-27,158.16000366210938,17.68000030517578,0.06,11.111111111111107,0.0057067503839113,0.1889330106566487,0.2235060372750253,0.1980794340939939,0.0117602463788837,-0.2636897527287468,0.9951908989528978,-0.279998779296875,-0.6141093525698977,0.0015978831412471,-1.0000000000000009,0.9999999999999996,0.8697878452992036,0.8453150212858264,0.7910301001587913
2021-12-28,158.63999938964844,17.540000915527344,0.06,11.111111111111107,0.0030302783473192,0.0715077005199086,0.1994652977763754,0.1980114675632101,0.0130483615317308,0.0246133857965379,0.9991961781724884,-0.1399993896484375,-0.4683454863868437,0.0004242371190895,0.0,-1.0000000000000009,0.8766154189553897,0.3584969481763057,0.87935100045281
2021-12-29,158.55999755859375,16.950000762939453,0.05,11.111111111111107,-0.0005044251798279,0.0360624632962121,0.1990945215585938,0.198011933888668,0.0093340754863546,0.0088846219063665,0.9994926897532852,-0.5900001525878906,-0.544713767321789,-0.0002976109330676,-0.9999999999999996,-2.0000000000000004,0.9053888979617664,0.1811323737785465,0.8513544536659209
2021-12-30,158.47999572753906,17.329999923706055,0.05,11.111111111111107,-0.0005046797530084,0.0430869377726602,0.1922815625388589,0.196244542605491,0.0117996619534967,0.082356532633091,0.9990933592313,0.3799991607666015,-0.4967776884141711,0.0001917778825991,0.0,-3.0,0.8868568724583836,0.2240825235854457,0.9012824576045227
2021-12-31,158.35000610351562,17.219999313354492,0.06,11.111111111111107,-0.0008205639021933,0.0458645097444966,0.1911401814584629,0.1914058961706228,0.0083990307609852,-0.1796079913342383,0.9981360384174348,-0.1100006103515625,-0.5008768905770974,-9.02625300737295e-05,0.9999999999999996,-1.0000000000000009,0.8922214477703667,0.2399522141003282,0.9009094363079594
2022-01-03,161.6999969482422,16.600000381469727,0.08,11.111111111111107,0.0209349361809894,0.14862815508564,0.1913117666928141,0.1963030143010219,0.019356864204607,0.8153317368319352,1.019102329572715,-0.6199989318847656,-0.4127471443614704,0.0129796380712892,2.0000000000000004,2.0000000000000004,0.9224579251209464,0.7768897734570063,0.8676936431267214
2022-01-04,167.8300018310547,16.90999984741211,0.08,11.111111111111107,0.0372088255201629,0.2737714457852547,0.218598761234654,0.2092949832682301,0.0259191208726467,0.4312682832723418,1.054716470341138,0.3099994659423828,-0.1995633340896612,-0.0115347160395938,0.0,2.0000000000000004,0.9073396864456564,1.2523924849298476,0.7735633885527895
2022-01-05,163.77999877929688,19.729999542236328,0.09,11.111111111111107,-0.0244275168415308,0.3731830130118016,0.2352044175657458,0.2148227299787003,0.0282696600153948,-0.1410248831632646,1.0281506846428274,2.8199996948242188,-0.2842352776624786,0.0688855900384304,0.9999999999999996,4.0,0.7698122609677016,1.586632669888044,0.8388447694321589
2022-01-06,165.52000427246094,19.61000061035156,0.1,11.111111111111107,0.0105680028609097,0.3683783340293882,0.2324293103579198,0.2155388779306654,0.0211454803628368,-0.2220053348290743,1.0381582929366553,-0.1199989318847691,-0.1985258107587524,0.0012681490554643,1.0000000000000009,5.0,0.7756644403819428,1.5849048188549002,0.8436974054672347
2022-01-07,167.16000366210938,18.76000022888184,0.1,11.111111111111107,0.0098594002378816,0.3586774147920897,0.2298798828136331,0.2165095015163684,0.0147762692425868,-0.0095992268095622,1.0464286639276617,-0.8500003814697195,-0.2774758152297704,0.008380493963262,0.0,4.000000000000001,0.8171177654774608,1.5602818759172354,0.8160783796853958
2022-01-10,167.32000732421875,19.39999961853028,0.13,11.111111111111107,0.0009567308601925,0.351177570606193,0.2295719406256857,0.2122824463938586,0.0225914332645964,-0.0738752391065966,1.0452927250823898,0.6399993896484375,-0.2731916553224319,-0.000612307166581,3.0,5.0,0.7859058938849363,1.5297059808314457,0.8450509921054222
2022-01-11,167.49000549316406,18.40999984741211,0.11,11.111111111111107,0.0010154904396294,0.2254401066187389,0.2285785775828565,0.2116999382317133,0.0131948572534818,-0.0862961787870132,1.043972675538528,-0.9899997711181676,-0.3413428469093822,0.0010053353028058,-2.0000000000000004,3.0,0.8341867926366409,0.9862696189760832,0.8054123025041026
2022-01-12,168.44000244140625,17.6200008392334,0.12,11.111111111111107,0.0056559370006004,0.0733514486926671,0.2228720256975412,0.2047529583209918,0.0143077869103434,0.0584801016522759,1.046626001274219,-0.7899990081787109,-0.3006954847511132,0.0044681846207956,0.9999999999999996,3.0,0.8727139350063242,0.329119136702298,0.7905882662521959
2022-01-13,168.22999572753906,20.309999465942383,0.12,11.111111111111107,-0.0012475524534232,0.0709720019638816,0.2227047109111627,0.2026485637604169,0.0114129359668705,0.0806350015077447,1.0425140464646416,2.6899986267089844,-0.3308002038672651,0.0033559143864559,0.0,1.9999999999999991,0.7415264790822975,0.3186820865778296,0.9119699077243172
2022-01-14,157.88999938964844,19.190000534057617,0.13,11.111111111111107,-0.0634334811664012,0.4633815467267597,0.3185009788212223,0.2362554289912027,0.0261574824167316,0.5839119451255043,0.978451971580165,-1.1199989318847656,-0.1586137160238472,-0.0710454311521018,1.0000000000000009,3.0,0.7961472543692155,1.454882645704082,0.6025099390614165
2022-01-18,151.27000427246094,22.790000915527344,0.16,11.111111111111107,-0.042832236350073,0.4930797440795439,0.3456294416409973,0.2507227172421135,0.0346400829322777,0.0,0.9399628008406946,3.6000003814697266,-0.3832372571095956,0.1541960671994643,3.0,3.0,0.6205802906238351,1.4266138374626722,0.659376724602042
2022-01-19,148.92999267578125,23.850000381469727,0.17,11.111111111111107,-0.015590000099208,0.4611965223398377,0.3410814592485828,0.250731844265701,0.0247095471480519,-0.0875331447027899,0.9275714738076198,1.0599994659423828,-0.3788305839560325,0.0165253917792022,1.0000000000000009,6.000000000000001,0.5688856050440376,1.3521594617188326,0.6992464625316283
2022-01-20,147.66000366210938,25.59000015258789,0.17,11.111111111111107,-0.0085639892868636,0.4131262495329014,0.3371097840675978,0.2491095479148627,0.0220100224800006,-0.4094408292424532,0.9213777821511142,1.739999771118164,-0.3650356748063121,0.0149013393990011,0.0,5.000000000000002,0.4840282593878253,1.2254946876595567,0.7590998945155664
2022-01-21,145.0800018310547,28.850000381469727,0.17,11.111111111111107,-0.0176270313962749,0.3638988051457483,0.3361021189620486,0.2507524710102028,0.0223324386096159,0.3316676621746663,0.9082502429206306,3.260000228881836,-0.3637156962197539,0.0574641263863638,0.0,5.000000000000002,0.3250426256806523,1.0827030971109064,0.8583700831927026
2022-01-24,144.9499969482422,29.89999961853028,0.19,11.111111111111107,-0.0008964927219029,0.251013438512535,0.3351838528956621,0.2487068391498355,0.0407726010882953,0.1653063117705769,0.9106261180474002,1.0499992370605504,-0.3588959146020943,0.0009413166740283,1.9999999999999991,6.0,0.2738356372218271,0.7488828484547311,0.8920477332133809
2022-01-25,146.52999877929688,31.15999984741211,0.19,11.111111111111107,0.0108413430053964,0.184911157205623,0.3381085966540006,0.2501282456286362,0.0413568065779512,-0.2556980093488352,0.9235167060766296,1.2600002288818324,-0.330365817950456,-0.0136600946681859,0.0,3.0,0.2123871952600083,0.5468987154882953,0.9215973848573664
2022-01-26,147.9199981689453,31.959999084472656,0.19,11.111111111111107,0.0094413973809918,0.1915283490039726,0.3396153536240603,0.2510546466057603,0.0311654993741028,0.0905703789584437,0.9351512468725554,0.7999992370605469,-0.3156410108540604,-0.0075531107015788,0.0,1.9999999999999991,0.0625000593409076,0.5639566849971874,0.9410646115796936
2022-01-27,145.30999755859375,30.489999771118164,0.2,11.111111111111107,-0.0178022001689469,0.22219115785965,0.3424650952625294,0.2501536786663511,0.0430114933934934,-0.1662716870331969,0.9223521763650352,-1.4699993133544922,-0.2452621513113808,-0.0261692220245512,1.0000000000000009,3.0,0.143805331440332,0.6487994278345975,0.8903097043435892
2022-01-28,146.61000061035156,27.65999984741211,0.19,11.111111111111107,0.0089066295820294,0.1914366137755304,0.3452777384584522,0.2487456999605322,0.0313075255356526,-0.216921785260918,0.9339774610311974,-2.8299999237060547,-0.2745451548526015,0.0252057610376215,-1.0000000000000009,1.9999999999999991,0.2536872877511863,0.5544423878302432,0.8010942139190499
2022-01-31,148.60000610351562,24.82999992370605,0.22,11.111111111111107,0.0134821692438447,0.2040651109321338,0.3502878504021928,0.2507586163468564,0.0277254034183382,-0.0093443658718924,0.9495005755943884,-2.8299999237060582,-0.3163123292148304,0.0381545379314728,3.0,3.0,0.4206489464401841,0.5825640560979514,0.7088455935653146
2022-02-01,151.14999389648438,21.959999084472656,0.19,11.111111111111107,0.0170145074878316,0.219378765483892,0.357109947521697,0.253650627254978,0.0209725325633575,0.0419513679067364,0.9679145268094522,-2.870000839233395,-0.359502501226308,0.0488316507692198,-3.0,0.0,0.5899705413078291,0.6143171508000718,0.6149366388943402
2022-02-02,149.94000244140625,22.09000015258789,0.19,11.111111111111107,-0.0080374504874754,0.2374970146742924,0.3474158037125975,0.253671323672285,0.0191409568524519,-0.1589812390977842,0.9636217406537751,0.1300010681152343,-0.3464082274534371,0.0010448771482951,0.0,0.0,0.582300861255175,0.6836102794873538,0.6358375156376599
2022-02-03,148.6999969482422,24.350000381469727,0.2,11.111111111111107,-0.0083043974142787,0.1907895044080771,0.314253457669654,0.2539306475580895,0.0225958350995869,0.0027131177342673,0.9612803296779248,2.260000228881836,-0.3827306831346178,0.0187679400569956,1.0000000000000009,0.0,0.4489675054162516,0.6071198255792518,0.7748522661305659
2022-02-04,152.55999755859375,23.21999931335449,0.23,11.111111111111107,0.0256271123460465,0.2440049605232861,0.3244652599787774,0.258899214672274,0.0310041675618303,0.2889558202056772,0.9896517237002592,-1.130001068115238,-0.3707908603893475,0.0289586643237417,3.0,4.000000000000001,0.5156342395996888,0.7520218359871438,0.7156389967564866
2022-02-07,153.07000732421875,22.86000061035156,0.27,11.111111111111107,0.0033374356631953,0.2401293680143627,0.3215023001057266,0.259084276084956,0.0180962231732617,-0.2811784645767498,0.9967936532795134,-0.3599987030029297,-0.3732480552126623,0.001201472510106,4.000000000000001,5.000000000000002,0.5368731025677642,0.7468978229250484,0.7110369226855922
2022-02-08,155.9499969482422,21.440000534057617,0.25,11.111111111111107,0.0186400425325561,0.2450838891817087,0.3275583560787847,0.2617880786317861,0.0235972603257093,0.4845975870935429,1.019090717479789,-1.4200000762939418,-0.3893151726190641,0.0264688618183519,-2.0000000000000018,6.0,0.6206489239345938,0.7482144315157112,0.6545398746872709
2022-02-09,156.60000610351562,19.959999084472656,0.26,11.111111111111107,0.0041593990469075,0.2135482638010564,0.3282705539351916,0.2616908516094238,0.0102808766846296,-0.8044073990186367,1.0267634513813613,-1.480001449584961,-0.4001444417504023,0.0061559166188255,1.0000000000000009,7.000000000000001,0.707964649569395,0.650525187961927,0.60803501396026
2022-02-10,155.9499969482422,23.90999984741211,0.4,11.111111111111107,-0.0041593990469076,0.1938868782772509,0.3279318631087336,0.2617623677233607,0.0244308921651228,0.5889796755344483,1.0261990072104945,3.950000762939453,-0.3688420841054214,0.0164296294086546,14.000000000000002,20.0,0.4749262407416222,0.5912413525152423,0.7291148722405234
2022-02-11,153.9199981689453,27.36000061035156,0.36,11.111111111111107,-0.0131024484637389,0.1859947382972617,0.3278433339221923,0.2628400117785936,0.0339137297479276,0.0224971633910429,1.017470290926474,3.4500007629394496,-0.3725491894793021,0.0452034571962742,-4.000000000000004,12.999999999999998,0.2713863589792411,0.5673281078254414,0.834544972533892
2022-02-14,152.49000549316406,28.32999992370605,0.43,11.111111111111107,-0.0093339188712206,0.2004790975163111,0.3280935761448029,0.2632534921555908,0.0220341348975367,0.0116079456786521,1.0130367195710073,0.9699993133544922,-0.3927456764339146,0.0090538948959905,7.000000000000001,15.999999999999998,0.2141592569824439,0.6110424345151777,0.8634731669114639
2022-02-15,154.72000122070312,25.700000762939453,0.4,11.111111111111107,0.0145179834447103,0.1759904317999725,0.255233593879373,0.2651760888005652,0.0135082492334608,-0.5834791552748716,1.0288830339898487,-2.629999160766598,-0.6817315788315143,0.0381822842756116,-2.9999999999999973,15.000000000000002,0.3693214598341046,0.6895269118968254,1.0069207729404788
2022-02-16,155.0,24.290000915527344,0.38,11.111111111111107,0.001808077324506,0.1719005470505292,0.2048419087334105,0.2649525838867864,0.0152258103893649,-0.0456031428581463,1.029528978830093,-1.4099998474121094,-0.6313104223583699,0.0025493887516627,-2.0000000000000018,12.0,0.4525072971562723,0.8391864150916865,1.1857925492746373
2022-02-17,151.42999267578125,28.11000061035156,0.36,11.111111111111107,-0.0233016933177096,0.2304255969642187,0.2143103927884381,0.2685483935276923,0.0202073413893993,0.2250697509686797,1.0050218532697108,3.819999694824215,-0.6854845767430101,0.0890124613625383,-2.0000000000000018,-4.000000000000004,0.2271385683811539,1.0751956261481403,1.311648970663828
2022-02-18,152.13999938964844,27.75,0.35,11.111111111111107,0.0046777219558423,0.2299000810529144,0.211921705649296,0.2683884258773714,0.0197843730702731,0.0316725463057868,1.0083064526847614,-0.3600006103515589,-0.6784466376787456,0.0016839827591581,-1.0000000000000009,-1.0000000000000009,0.2483775438771798,1.0848349882261257,1.3094458594969405
2022-02-22,151.8699951171875,28.809999465942383,0.37,11.111111111111107,-0.0017762859664654,0.2214943803257791,0.2007892711905899,0.2672745005404319,0.0186343709886272,-0.0346680113005412,1.0043647620648148,1.0599994659423828,-0.6434044849658554,0.0018828621758143,2.0000000000000018,-6.0,0.185840698006376,1.1031186029632818,1.434837593418815
2022-02-23,148.69000244140625,31.020000457763672,0.34,11.111111111111107,-0.0211612414623439,0.2104503520308542,0.2163662300798509,0.2664901013717022,0.0358464035479121,0.0402518403955079,0.9821776441074714,2.210000991821289,-0.6641432657122042,0.0467663646199499,-2.9999999999999973,-6.0,0.0554571498628115,0.972658034265267,1.433680313527467
2022-02-24,144.5500030517578,30.31999969482422,0.32,11.111111111111107,-0.028238128554089,0.2298787745821811,0.2359213265319585,0.2667293107223855,0.0360429374186985,0.727686065468787,0.9554257612392004,-0.7000007629394531,-0.6018617896896729,-0.0197667115318446,-2.0000000000000018,-6.0,0.0967551327655398,0.9743874280523812,1.2851741782113533
2022-02-25,147.97000122070312,27.59000015258789,0.33,11.111111111111107,0.0233840691896283,0.3282408022518501,0.2480656316432636,0.2714130744557697,0.0352774290575106,-0.2851071603354072,0.9780153796214612,-2.729999542236328,-0.6556814619677221,0.0638384981833081,1.0000000000000009,-2.9999999999999973,0.257817063535869,1.3232014450267915,1.112205667904223
2022-02-28,141.8000030517578,30.14999961853028,0.35,11.111111111111107,-0.042591923144518,0.4061566711480865,0.2829169998574158,0.2775584405937987,0.0294780859366803,0.2851071603354073,0.9382710007491192,2.5599994659423864,-0.7247040191069274,0.1090353005034252,1.999999999999996,0.0,0.1067846364688906,1.4356036270453203,1.0656835620950753
2022-03-01,136.4499969482422,33.31999969482422,0.32,11.111111111111107,-0.0384594108306364,0.4194408836455721,0.308129101162569,0.2869052936360081,0.0505679300168959,0.0,0.9057703950147442,3.1700000762939418,-0.7490796636234642,0.1219163352673375,-2.9999999999999973,-4.999999999999999,0.0,1.3612504695694905,1.0813649074075795
2022-03-02,139.27999877929688,30.739999771118164,0.34,11.111111111111107,0.0205280619065969,0.5146357184631615,0.3139113718532811,0.289476686080688,0.0246265989793438,-0.2301391633776947,0.9272881109896984,-2.5799999237060547,-0.7578571720746569,0.0529623981528533,2.0000000000000018,0.0,0.1409066083538122,1.6394299939656112,0.9792572849347336
2022-03-03,138.2899932861328,30.479999542236328,0.38,11.111111111111107,-0.0071334057681736,0.4969688882373224,0.3054620903331195,0.2895513365890089,0.0283462170746839,-0.153704173048393,0.9244660334576262,-0.2600002288818359,-0.7369672487082272,-0.0018546871324321,3.9999999999999982,6.0,0.1551065120384328,1.6269412930925615,0.9978324809142954
2022-03-04,134.39999389648438,31.979999542236328,0.34,11.111111111111107,-0.0285324982513924,0.4146496921167296,0.3167205355615751,0.2904959823580068,0.0224702709048257,0.2334265412227575,0.9029281451487928,1.5,-0.736831890252334,0.0427987473770887,-3.9999999999999982,1.0000000000000009,0.073184062898547,1.3091973697932688,1.0097229560922787
2022-03-07,129.2100067138672,35.514999032020576,0.38,11.111111111111107,-0.0393813429809633,0.4037404858951953,0.3381188826407637,0.2980092003396102,0.0289451690955037,0.1504167952033303,0.873507131926991,3.534999489784248,-0.769824512095963,0.1392130273447239,3.9999999999999982,3.0000000000000027,0.0,1.1940784931675987,1.0503701761535065
2022-03-08,128.3000030517578,35.130001068115234,0.36,11.111111111111107,-0.0070677442873224,0.3662028653880076,0.3170573255747508,0.2965405683757769,0.0352299028492071,-0.2403844010500223,0.8741823906213462,-0.3849979639053416,-0.7675250560558575,-0.0027210671600227,-2.0000000000000018,3.9999999999999982,0.0187758101135031,1.1550052178235193,1.1080015579022735
2022-03-09,133.44000244140625,32.45000076293945,0.38,11.111111111111107,0.0392806614986469,0.4789951263377521,0.3556981086240894,0.3065282967699713,0.0209832359152368,-0.0910491307264904,0.9150320998096256,-2.680000305175781,-0.7866109705894734,0.1052721848038805,2.0000000000000018,3.9999999999999982,0.1494756619352719,1.3466338862205367,0.9122905063640194
2022-03-10,131.86000061035156,30.229999542236328,0.39,11.111111111111107,-0.0119111985924081,0.4792951923802102,0.3440048401177731,0.3065742137600858,0.0237372183341073,-0.116727207021434,0.9113666623642782,-2.220001220703125,-0.7422381423527008,-0.0264428754151835,1.0000000000000009,1.0000000000000009,0.2577420043045925,1.3932803742415925,0.8787666921165067
2022-03-11,128.88999938964844,30.75,0.4,11.111111111111107,-0.0227814356326955,0.466492769199171,0.344674549848432,0.3090573070114135,0.0439134431601521,0.2512774005271763,0.8990384111968884,0.5200004577636719,-0.729729725116968,0.0118463569575153,1.0000000000000009,6.0,0.2323823121263089,1.353429690136123,0.8921459392206961
2022-03-14,130.1699981689453,31.770000457763672,0.45,11.111111111111107,0.0098819517304848,0.3839931719983664,0.3506792106833445,0.3102068941054443,0.0283475646716769,-0.2396370271119817,0.9158087173041284,1.020000457763672,-0.7652885288557755,-0.010079595288693,4.999999999999999,7.000000000000001,0.1826383220116867,1.094998392548293,0.905956198425782
2022-03-15,132.47999572753906,29.82999992370605,0.46,11.111111111111107,0.0175903839753652,0.3892769554698201,0.3616649209134815,0.3124591233505691,0.0182668949802982,-0.0447109292994233,0.9388039930601788,-1.9400005340576207,-0.8029432784375594,0.0341253543064871,1.0000000000000009,10.000000000000004,0.2772494240499205,1.0763470078507944,0.8247966058848728
2022-03-16,138.39999389648438,26.670000076293945,0.44,11.111111111111107,0.0437163406959287,0.413398463565034,0.4020502483574433,0.3254159083549865,0.0293353540204595,0.2988521162406424,0.9854407733498332,-3.159999847412106,-0.8236294037963848,0.1381436299285506,-2.0000000000000018,6.0,0.4313581795660827,1.02822586294612,0.6633499216889662
2022-03-17,140.14999389648438,25.670000076293945,0.4,11.111111111111107,0.0125652349778949,0.3766261200826748,0.4009346037045441,0.3265634920513898,0.0304673882156198,-0.1771421403322981,1.002855384969258,-1.0,-0.8204012287321581,0.0125652349778949,-3.9999999999999982,1.0000000000000009,0.4801267754387597,0.9393704524447016,0.6402540424076397
2022-03-18,140.10000610351562,23.8700008392334,0.42,11.111111111111107,-0.0003567371525343,0.2614705027958844,0.4005611399158799,0.324660508429579,0.017059238297838,0.3274583898008472,1.0076134034969968,-1.7999992370605469,-0.8147831333233767,-0.0006421266023929,1.999999999999996,1.999999999999996,0.5679102108020926,0.65276053201465,0.595914043090806
2022-03-21,139.64999389648438,23.530000686645508,0.54,11.111111111111107,-0.0032172482230022,0.2970423401176379,0.3948823809564087,0.3218909058193865,0.0145363327462915,-0.6239195878920775,1.0084453682337424,-0.3400001525878906,-0.8268191452738047,-0.0010938648867338,12.000000000000004,9.000000000000002,0.5844915408403,0.7522299156477904,0.5958736530522236
2022-03-22,142.6199951171875,22.940000534057617,0.51,11.111111111111107,0.0210444676782567,0.300619542940464,0.4033191850344178,0.3233571565558855,0.0154956635166214,0.0665648902330061,1.0332750016132286,-0.5900001525878906,-0.8165645624896045,0.0124162391413024,-3.0000000000000027,4.999999999999999,0.6132650198466766,0.7453638559614025,0.5687802957377294
2022-03-23,139.77999877929688,23.56999969482422,0.5,11.111111111111107,-0.0201139670476852,0.2505101134974543,0.4075543273572471,0.3240569529457908,0.0170982931071711,-0.1136399097947916,1.0169410473058411,0.6299991607666016,-0.8287095436144444,0.0126717823597287,-1.0000000000000009,6.0,0.5825408453751244,0.6146667982201706,0.5783277985946552
2022-03-24,140.69000244140625,21.670000076293945,0.52,11.111111111111107,0.0064891564262602,0.2377297724275861,0.4040824321225491,0.3242817619203823,0.0113725643311576,-0.1882997651508133,1.0264063225440268,-1.8999996185302728,-0.8273308911108805,0.0123293947344777,2.0000000000000018,12.0,0.675201158929468,0.5883199900051287,0.536276718650365
2022-03-25,141.9199981689453,20.809999465942383,0.55,11.111111111111107,0.0087045999170373,0.2436559865291798,0.3947442792041493,0.3247839954466446,0.0167699383788762,-0.1780780576131834,1.0363266466779544,-0.8600006103515625,-0.8574711894042087,0.0074859612415183,3.0000000000000027,13.000000000000004,0.7171421811459588,0.6172502031452334,0.5271767207848529
2022-03-28,140.8699951171875,19.6299991607666,0.59,11.111111111111107,-0.0074260610488679,0.2516666747181347,0.3852007069758737,0.3246403652267849,0.0217931953618998,0.2549551688636235,1.0312052039846005,-1.1800003051757812,-0.8398238364736307,-0.0087627543039181,3.999999999999993,4.999999999999993,0.7746891391587122,0.6533390779417685,0.5096044427041014
2022-03-29,141.17999267578125,18.89999961853028,0.55,11.111111111111107,0.0021981754783577,0.1881367733046809,0.3564019896679117,0.3245939139190796,0.0237994105727698,0.0450411804282943,1.0336978757807305,-0.7299995422363246,-0.8156302669250052,0.0016046670929562,-3.999999999999993,4.000000000000004,0.8102901918212748,0.5278780106698704,0.5303000591029506
2022-03-30,140.5399932861328,19.32999992370605,0.55,11.111111111111107,-0.0045435220966194,0.1101594739731053,0.3288368407001877,0.324626336894447,0.0157250004315759,-0.2548110127183988,1.027546603251774,0.4300003051757741,-0.7768820775201306,0.0019537158881192,0.0,5.000000000000004,0.7893196807130296,0.3349973614225958,0.5878295109072009
2022-03-31,136.32000732421875,20.559999465942383,0.52,11.111111111111107,-0.0304869811829847,0.2363542721008387,0.3387943954309589,0.3295971701706304,0.0300030177298343,0.6823664400251882,0.9977207327803188,1.2299995422363317,-0.7813264984257028,0.0374989728992389,-3.0000000000000027,0.0,0.7293343301141282,0.6976333590176053,0.6068577208837621
2022-04-01,135.30999755859375,19.6299991607666,0.53,11.111111111111107,-0.0074366925766404,0.1961028997322902,0.3388649400776596,0.3297346405898185,0.0266794817492204,-0.0988007842115794,0.9913581297690636,-0.9300003051757812,-0.773958151440185,-0.0069161263657741,1.0000000000000009,-2.0000000000000018,0.7746891391587122,0.5787051905911194,0.5792868142767404
2022-04-04,135.91000366210938,18.56999969482422,0.66,11.111111111111107,0.0044245046798675,0.2206565682912979,0.3240806176952944,0.3266046130339087,0.0297991534296965,0.1023958102719581,0.995229810680747,-1.0599994659423828,-0.7532597187053298,0.0046899725977191,13.0,7.000000000000006,0.8263838247385098,0.6808693770719809,0.5730055634577942
2022-04-05,133.33999633789062,21.030000686645508,0.65,11.111111111111107,-0.0190906991868952,0.2154186202077084,0.2992659303380022,0.3178960618094203,0.0179240997096779,-0.3633559608817077,0.9750062517882888,2.460000991821289,-0.6910101051595248,0.046963138934324,-1.0000000000000009,9.999999999999998,0.7064130305219926,0.7198234024314311,0.7027195064567968
2022-04-06,131.49000549316406,22.100000381469727,0.67,11.111111111111107,-0.0139713848503521,0.2066600853917283,0.3026916922386261,0.3157994786051138,0.0121681555851006,0.0643098673011908,0.9604119995686096,1.0699996948242188,-0.7027826875997897,0.0149493775261485,2.0000000000000018,12.0,0.6542306478212225,0.6827411874548854,0.730115855444333
2022-04-07,131.08999633789062,21.549999237060547,0.68,11.111111111111107,-0.0030467626012376,0.1458656350303549,0.269203048241668,0.3145081504227995,0.0243344460334247,0.0061369065848486,0.9582735618721528,-0.5500011444091797,-0.657466548497872,-0.0016757229174237,1.0000000000000009,16.000000000000004,0.6810534313624237,0.541842434486139,0.8005109666408664
2022-04-08,133.49000549316406,21.15999984741211,0.7,11.111111111111107,0.0181425275441423,0.2355892162048751,0.2737312458476858,0.316390484916599,0.0180536991845709,0.010160455846313,0.9752643676447544,-0.3899993896484375,-0.717282111129656,0.0070755746688954,1.999999999999991,16.999999999999993,0.700073153986779,0.8606588388377325,0.7730209893241897
2022-04-11,133.0,24.3700008392334,0.77,11.111111111111107,-0.0036774815962651,0.2270001210630342,0.2608816725647949,0.3162567063149161,0.0175186960320723,-0.2264934336909265,0.9702970399899654,3.210000991821289,-0.6380081588808154,0.0118047195714155,7.000000000000006,10.999999999999998,0.543525912865754,0.8701267468555289,0.9341400106663548
2022-04-12,131.5399932861328,24.26000022888184,0.74,11.111111111111107,-0.0110381913890487,0.1995480817123665,0.2624679948598233,0.316453677972729,0.029496769658278,0.2160020062089401,0.9591890928981024,-0.1100006103515589,-0.6766488961126549,-0.0012142077899726,-3.0000000000000027,8.999999999999996,0.548890488177737,0.7602758645637517,0.924303179968225
2022-04-13,127.3000030517578,21.81999969482422,0.75,11.111111111111107,-0.0327644072963845,0.290286246154313,0.2786183603311827,0.3210656814752315,0.025451671532578,0.6315287151630997,0.9299437818325368,-2.4400005340576207,-0.4458284450249022,-0.0799451713012597,1.0000000000000009,7.9999999999999964,0.6678858881523093,1.0418776630845905,0.7831501006928487
2022-04-14,126.12000274658205,22.700000762939453,0.79,11.111111111111107,-0.0093126730819309,0.2890273526109383,0.2245339969139819,0.3211444046441227,0.0260070277296302,-0.2599733879696072,0.9252762795922505,0.8800010681152344,-0.2772197473951896,0.0081951622591072,4.000000000000004,10.999999999999998,0.6249694716938733,1.2872320298189124,1.0109827943621266
2022-04-18,128.4600067138672,22.170000076293945,0.81,11.111111111111107,0.0183837676395183,0.2903896914760461,0.2308959319813465,0.3012675789784353,0.0288027742819454,-0.4647169150210729,0.946308352646282,-0.5300006866455078,-0.2569540892518742,0.0097434094720761,2.0000000000000018,11.00000000000001,0.6508168609931294,1.2576648232135414,0.9601728313725768
2022-04-19,131.1199951171875,21.3700008392334,0.81,11.111111111111107,0.0204952731024003,0.3549256510220715,0.2460132003405529,0.2940060616933959,0.0235662882226163,0.2380657965112055,0.9689556097024848,-0.7999992370605469,-0.2737478965371417,0.0163962028452678,0.0,4.000000000000004,0.6898317004837853,1.4427097835837772,0.8686526092767047
2022-04-20,131.5800018310547,20.31999969482422,0.82,11.111111111111107,0.0035021483774481,0.3487425561900725,0.2470904002377943,0.2929679032237078,0.0164918539196521,-0.1115704386500709,0.9751241491342538,-1.0500011444091797,-0.2837538494607171,0.0036772598042112,0.9999999999999898,7.9999999999999964,0.7410387819613249,1.4113966218616765,0.8223710704773921
2022-04-21,130.55999755859375,22.68000030517578,0.83,11.111111111111107,-0.0077821730574556,0.2230484790559902,0.2316871772636475,0.2929005030314634,0.0218289744027263,-0.0981869440661538,0.9717005381859564,2.3600006103515625,-0.2768124791725846,0.0183659331654568,1.0000000000000009,7.9999999999999964,0.6259448659358184,0.962713956336794,0.978906151520296
2022-04-22,126.80999755859376,28.209999084472656,0.83,11.111111111111107,-0.0291429885219662,0.324769165890621,0.2414052997603731,0.2962910999203624,0.0302026804257685,0.1622544007476258,0.948149266742259,5.529998779296875,-0.423163313679653,0.1611606909515364,0.0,3.999999999999993,0.3562545902918916,1.3453274067015,1.1685741411839274
2022-04-25,126.7699966430664,27.020000457763672,0.91,11.111111111111107,-0.0003154895242037,0.2869753832099094,0.2385880404394195,0.2963032608550666,0.0316321072999713,0.1803665037355145,0.9525712568259688,-1.1899986267089844,-0.4042193351140284,-0.0003754321005435,8.000000000000007,9.999999999999998,0.4142891524069028,1.202807075666377,1.132496013127883
2022-04-26,123.0199966430664,33.52000045776367,0.83,11.111111111111107,-0.0300274779776143,0.2523335229228508,0.2481690748478651,0.3002802013329712,0.0287758170389029,0.0035216940511602,0.9306871281241494,6.5,-0.4952419553487504,0.1951786068544931,-8.000000000000007,1.999999999999991,0.0972932792345018,1.0167806890424949,1.3506920827388509
2022-04-27,121.41999816894533,31.600000381469727,0.82,11.111111111111107,-0.0130913218705662,0.2087179970829011,0.2491216943613371,0.2999354195728366,0.0192719187380874,0.000331157573027,0.9250644772372542,-1.920000076293945,-0.4660364792993285,-0.0251353389902757,-1.0000000000000009,0.0,0.1909289870307904,0.8378154203630589,1.268456384839599
2022-04-28,123.33999633789062,29.989999771118164,0.82,11.111111111111107,0.0156891452502229,0.309587785373461,0.2596120736009382,0.3007563368841353,0.0203502692618402,-0.2796440764611785,0.9458139700738168,-1.6100006103515625,-0.4891504616155536,0.0252595334287532,0.0,-1.0000000000000009,0.2694464561517892,1.1925014930135445,1.1551850942501691
2022-04-29,119.36000061035156,33.400001525878906,0.85,11.111111111111107,-0.0328005983031865,0.3235833394160994,0.2750174406380071,0.305794823495697,0.0394604478919898,0.1335198679261335,0.9224281061419752,3.410001754760742,-0.5312685780557748,0.1118500977710684,3.0000000000000027,2.0000000000000018,0.1031454586487429,1.1765920687263516,1.2144684878309882
2022-05-02,120.4499969482422,32.34000015258789,0.9,11.111111111111107,0.0090905621555901,0.3509168846846137,0.2679230364220335,0.3049422713799095,0.0206724609950757,0.2205317049784019,0.936320071611499,-1.0600013732910156,-0.5544691492607825,0.0096360083689129,5.000000000000004,-1.0000000000000009,0.1548402372472551,1.3097674965576602,1.2070630649932537
2022-05-03,123.02999877929688,29.25,0.91,11.111111111111107,0.0211935144255057,0.3571952367377121,0.2837355662085105,0.3061876878133565,0.0275542503721369,-0.1652091736709246,0.9607429661710086,-3.09000015258789,-0.6085418881260165,0.0654879628086862,1.0000000000000009,8.000000000000007,0.3055352059353244,1.2589018765282949,1.0308894436767535
2022-05-04,127.0999984741211,25.420000076293945,0.89,11.111111111111107,0.0325459480399849,0.396468263463521,0.3103896027363292,0.3142694424281337,0.0366640733127799,0.0857527055570459,0.9957879203245952,-3.829999923706055,-0.6592131684266813,0.1246509785100834,-2.0000000000000018,7.000000000000006,0.492318924406929,1.2773245623189065,0.8189707339484503
2022-05-05,123.91999816894533,31.200000762939453,0.85,11.111111111111107,-0.0253379848575565,0.4562735728290639,0.3151398186451951,0.3173523467898215,0.0317946648662805,-0.1290070120008367,0.9742977177673756,5.780000686645508,-0.6746863335999788,0.1464535698748904,-4.000000000000004,3.0000000000000027,0.2104364067761183,1.447844879744525,0.9900367683484148
2022-05-06,123.72000122070312,30.190000534057617,0.85,11.111111111111107,-0.0016152236489817,0.353028082077481,0.3128597175007634,0.3120337772067544,0.0251374117334808,-0.0432662406432304,0.9755632485347936,-1.010000228881836,-0.6723785461426799,-0.0016313762551669,0.0,0.0,0.2596926997697679,1.1283909763059206,0.9649692448496168
2022-05-09,121.86000061035156,34.75,0.92,11.111111111111107,-0.0151481078545508,0.385214656959351,0.3157263463311722,0.3126189855618776,0.0232233859911393,-0.0073511827659108,0.964238490394935,4.559999465942383,-0.6782446280792589,0.0690753637267893,7.000000000000006,2.0000000000000018,0.0373079286356006,1.220090313765868,1.100636687555684
2022-05-10,118.88999938964844,32.9900016784668,0.89,11.111111111111107,-0.0246741590922744,0.3813029318805039,0.3136169594420299,0.3120857289722284,0.0523172785989994,0.1350882804207179,0.94594164752778,-1.7599983215332031,-0.6178926095177716,-0.0434264785876463,-3.0000000000000027,-2.0000000000000018,0.1231405755150433,1.215823699582118,1.0519202066482882
2022-05-11,118.13999938964844,32.560001373291016,0.91,11.111111111111107,-0.0063283340239552,0.1691428891496029,0.3135556273228562,0.3116338786335285,0.0418994157255423,-0.1131128672066441,0.9452964579290476,-0.4300003051757812,-0.6326348549853844,-0.002721185561555,2.0000000000000018,2.0000000000000018,0.1441110866232888,0.5394350297385764,1.038412279546341
2022-05-12,118.04000091552734,31.770000457763672,0.96,11.111111111111107,-0.000846798881932,0.1605241061698847,0.3133330483114185,0.3117178583209882,0.0249915022480665,0.1092230967890053,0.949379754073851,-0.7900009155273438,-0.6378246345211931,-0.0006689718919938,4.999999999999993,10.999999999999998,0.1826383220116867,0.51231144315917,1.0139371071444654
2022-05-13,119.08999633789062,28.8700008392334,1.03,11.111111111111107,0.0088559211983167,0.2049160157463722,0.3000143324761497,0.3123251999553678,0.0192291627000305,-0.4463667685219606,0.9608459897631216,-2.899999618530273,-0.7656949055464013,0.0256821680968528,7.000000000000006,18.000000000000004,0.3240672314387073,0.6830207545589927,0.962287388104316
2022-05-16,118.26000213623048,27.46999931335449,1.07,11.111111111111107,-0.0069938705726023,0.1939475175073401,0.2995237085910363,0.3122000082749199,0.018856719831361,-0.0168214006826579,0.9570394939494608,-1.4000015258789098,-0.7533322719590262,-0.0097914294734428,4.000000000000004,15.000000000000002,0.392343340075427,0.6475197520078526,0.9171227026592904
2022-05-17,122.18000030517578,26.100000381469727,1.06,11.111111111111107,0.0326097612628462,0.2611442475618939,0.315962006520346,0.3186011248109977,0.0176788644353756,0.0832242297233784,0.9911614630839112,-1.369998931884762,-0.7428576918402535,0.0446753380991164,-1.0000000000000009,17.000000000000004,0.4591562643305142,0.8265052195289114,0.8260486970856429
2022-05-18,120.08999633789062,30.959999084472656,1.03,11.111111111111107,-0.0172539385414921,0.3007319770507742,0.3084879065434956,0.3195296201822168,0.0203181157116613,0.1264805097071703,0.9783754643514117,4.85999870300293,-0.7546229594433679,0.0838541189333439,-3.0000000000000027,12.0,0.2221409516420297,0.974858238108508,1.0036049526663509
2022-05-19,118.30999755859376,29.350000381469727,1.05,11.111111111111107,-0.0149331535479841,0.3282600635604446,0.3093092249834484,0.3179145918148527,0.0170738256626244,0.0079353324499915,0.968861617599102,-1.6099987030029297,-0.7232044912323966,-0.024042357843998,2.0000000000000018,9.000000000000007,0.3006583277443138,1.061268261811494,0.9488886205395356
2022-05-20,117.33999633789062,29.43000030517578,1.03,11.111111111111107,-0.0082326053415731,0.3230914252393622,0.3093630636460155,0.3175441976448382,0.0396284444435198,0.0296596430608983,0.965897580360974,0.0799999237060546,-0.72462464276463,0.0006586077992279,-2.0000000000000018,0.0,0.2967568437952482,1.0443762142498536,0.9513094407046168
2022-05-23,124.5999984741211,28.479999542236328,1.07,11.111111111111107,0.0600329218188064,0.5447508853843879,0.3702252581806161,0.3424832064699646,0.0491171976045659,0.6171983948840868,1.026548394412964,-0.9500007629394532,-0.599555286929085,0.0570313215293506,4.000000000000004,0.0,0.3430870470817773,1.4714038908675122,0.7692613864919563
2022-05-24,126.36000061035156,29.450000762939453,1.06,11.111111111111107,0.0140263866570102,0.5121122019203888,0.373796161601774,0.3421886029552762,0.0346628460926039,-0.2322333382258294,1.041216094103331,0.970001220703125,-0.5856874551272295,-0.0136056121793539,-1.0000000000000009,0.0,0.2957814495533032,1.3700306598278305,0.7878625782763974
2022-05-25,127.23999786376952,28.3700008392334,1.06,11.111111111111107,0.0069400693278142,0.4676036408210867,0.3581806878257758,0.3386836274361383,0.0211411701239283,-0.4134816724517274,1.0467340901670623,-1.079999923706055,-0.5332441449446058,0.0074952743445541,0.0,3.0000000000000027,0.3484515293750457,1.305496518138733,0.7920583605845599
2022-05-26,129.44000244140625,27.5,1.07,11.111111111111107,0.0171424220795202,0.4042362901469394,0.3578610503174024,0.337006279708451,0.0152966292505699,0.2241070630760215,1.0614973965922911,-0.8700008392333984,-0.5684246117443157,0.0149139215956757,1.0000000000000009,2.0000000000000018,0.3908802487125092,1.1295900735450388,0.7684546830567075
2022-05-27,131.27000427246094,25.71999931335449,1.08,11.111111111111107,0.0140388311909612,0.3388852748899779,0.3571713924254489,0.3282860297303993,0.0162261355487694,-0.3580901420411343,1.0731813116713405,-1.7800006866455114,-0.5681121658082616,0.0249891291596114,1.0000000000000009,5.000000000000004,0.4776883828526119,0.9488029614821746,0.7201024454589522
2022-05-31,132.22999572753906,26.190000534057617,1.16,11.111111111111107,0.0072864948954624,0.0720777760544377,0.3327501233056754,0.3198375055511636,0.0260151803203965,0.4201656395538553,1.0756402831301086,0.4700012207031285,-0.5100568601624016,-0.0034246614955144,7.999999999999985,8.999999999999986,0.4547670832604761,0.2166123195940175,0.7870771098106734
2022-06-01,129.91000366210938,25.690000534057617,1.15,11.111111111111107,-0.0177008670606727,0.2176595130041445,0.3413072834040821,0.3187592859984245,0.032330050264383,-0.4575165350504971,1.0529096990651976,-0.5,-0.4915457270054902,-0.0088504335303363,-1.0000000000000009,8.999999999999986,0.4791513811968146,0.6377230243471014,0.7526941786250307
2022-06-02,132.0,24.71999931335449,1.17,11.111111111111107,0.0159599913891417,0.2303600878933092,0.3383771083669732,0.3203265451085161,0.0253030025597774,-0.2513515760734027,1.0661579507658483,-0.9700012207031286,-0.4715065501768576,0.0154812111298788,2.0000000000000018,10.999999999999988,0.526456978725289,0.6807791726959304,0.7305458526037586
2022-06-03,130.16000366210938,24.790000915527344,1.21,11.111111111111107,-0.014037431540145,0.2521398873581528,0.3259867637707352,0.3165036810214813,0.0136754665735696,0.0260697819512947,1.050060537335469,0.0700016021728551,-0.4045939377189979,0.0009826426982019,4.000000000000004,13.99999999999999,0.5230430988784811,0.7734666415335854,0.7604603520946028
2022-06-06,129.72999572753906,25.06999969482422,1.26,11.111111111111107,-0.0033091563967897,0.2246793152384437,0.3120832063697371,0.3065627592014795,0.0225853139002244,0.2755832334853881,1.0442606799935723,0.279998779296875,-0.303046063160213,0.0009265597516035,5.000000000000004,17.999999999999993,0.5093879515661088,0.7199340132780405,0.8033113984711763
2022-06-07,130.07000732421875,24.020000457763672,1.26,11.111111111111107,0.0026174887360354,0.2142531188499782,0.3117786137732179,0.3062588226880789,0.0130699785600358,-0.5214647303556638,1.0444553801663428,-1.0499992370605469,-0.3073387774324779,0.0027483611758517,0.0,10.000000000000009,0.5605949400249339,0.687196329013837,0.7704184763370391
2022-06-08,128.0,23.959999084472656,1.28,11.111111111111107,-0.0160425594658542,0.2074433149907831,0.3124270609018099,0.2974381342797615,0.0199218392372131,0.2254437214234691,1.025425830798892,-0.0600013732910156,-0.2447594910932677,-0.000962575599054,2.0000000000000018,13.00000000000001,0.563521122750769,0.6639735828004311,0.7668989688445345
2022-06-09,125.30999755859376,26.09000015258789,1.3,11.111111111111107,-0.0212396162253559,0.155193453822456,0.3088916657761797,0.2994505982133595,0.0225840676369491,0.476272453782868,1.001423241795203,2.1300010681152344,-0.3912478325424303,0.0452404052463657,2.0000000000000018,13.00000000000001,0.4596439614514868,0.5024203337842982,0.8446326995268459
2022-06-10,119.5500030517578,27.75,1.39,11.111111111111107,-0.0470559282628864,0.3068479902008146,0.3526814853492921,0.3104247048091468,0.0341279943697558,-0.0464065940514867,0.9548794923875534,1.6599998474121094,-0.4604683454891757,0.0781128337362267,8.999999999999986,17.999999999999993,0.37868809974434,0.8700428090148127,0.7868289420556536
2022-06-13,115.98999786376952,34.02000045776367,1.73,11.111111111111107,-0.0302307573549578,0.2902120298803037,0.3684977810850635,0.3149412371926499,0.02491593622618,0.2609871011344949,0.927167653555668,6.270000457763672,-0.5253428095945761,0.1895468624541281,34.00000000000001,47.0,0.0729089812981633,0.7875543484298798,0.9232077424615628
2022-06-14,114.05999755859376,32.689998626708984,1.83,11.111111111111107,-0.016779357752603,0.2051008537025465,0.3706975536188157,0.3138263458887385,0.0359459807283871,-0.2296041940745321,0.9134891690341111,-1.3300018310546875,-0.4877164725853839,-0.0223165765348836,10.000000000000009,57.00000000000001,0.1377713031067898,0.5532835372133303,0.8818509404117555
2022-06-15,115.41000366210938,29.6200008392334,1.74,11.111111111111107,0.0117664328397994,0.3418738327380271,0.3732360681181461,0.300996505165359,0.0327527827688467,0.0528959292597733,0.9253068920127124,-3.069997787475586,-0.5137311155157381,0.0361229227846642,-9.000000000000007,46.0,0.2874907845341995,0.915972120437751,0.7935996375853293
2022-06-16,113.43000030517578,32.95000076293945,1.59,11.111111111111107,-0.0173051279022294,0.3426285108910417,0.3559825496842024,0.3006936088048151,0.0210702581611417,0.171894727538599,0.9124803702006096,3.3299999237060547,-0.5106947788610593,0.0576260745941474,-14.999999999999991,29.000000000000004,0.1250913639989335,0.9624868162638668,0.9256071903572212
2022-06-17,113.02999877929688,31.1299991607666,1.63,11.111111111111107,-0.0035326498585595,0.2530995404079137,0.3524775179528856,0.3006318664079601,0.0218525490399367,0.3788022206633953,0.9117283179713516,-1.820001602172852,-0.4953984927592449,-0.006429428402494,3.999999999999981,24.0,0.213850286622926,0.7180586775515839,0.8831768715792998
2022-06-21,115.83000183105467,30.190000534057617,1.7,11.111111111111107,0.0244703553495514,0.2895042049435194,0.3618131461888689,0.3057594857032697,0.0171803317992869,-0.7377800628835557,0.9352047060213567,-0.9399986267089844,-0.5380752187254455,0.0230021004236592,7.000000000000006,-3.0000000000000027,0.2596926997697679,0.800148385963832,0.8344086126239934
2022-06-22,115.18000030517578,28.950000762939453,1.61,11.111111111111107,-0.005627490024294,0.2586334946144325,0.3612699225211277,0.3018741648806584,0.0157145125351456,-0.171190721033067,0.9307295661333796,-1.239999771118164,-0.5270684728565148,-0.0069780863420943,-8.999999999999986,-22.0,0.3201657474896416,0.7159009884065485,0.8013399111919262
2022-06-23,113.91999816894533,29.049999237060547,1.65,11.111111111111107,-0.0109996931375786,0.2546900540768896,0.2863906359517187,0.3003686853873608,0.032478906317704,0.1857243781788142,0.924346611423293,0.0999984741210937,-0.5885880582781464,0.0010999525295581,3.999999999999981,-9.000000000000007,0.3152889623173457,0.8893099916850166,1.0143487806618772
2022-06-24,117.31999969482422,27.229999542236328,1.73,11.111111111111107,0.0294088099175218,0.2971353416579584,0.3032331013157679,0.3068169059378189,0.0425332243159704,0.2249459171326449,0.9552708657947862,-1.8199996948242188,-0.6469008144184452,0.0535240250750331,8.000000000000007,13.99999999999999,0.4040477919226236,0.9798908508624208,0.8979890198029771
2022-06-27,116.37999725341795,26.950000762939453,1.79,11.111111111111107,-0.0080445658796218,0.3084763161501603,0.3011467408138332,0.3060735119330431,0.024574675011582,-0.2743247876527368,0.9516240563113016,-0.279998779296875,-0.6402033414579059,-0.0022524686262674,6.000000000000005,16.000000000000014,0.4177029392349958,1.024338883152178,0.8949125828195414
2022-06-28,115.81999969482422,28.36000061035156,1.79,11.111111111111107,-0.0048234164656735,0.2639084879397897,0.2909273664977599,0.3059699419155435,0.0318598035842608,0.0271447361574084,0.9520942565490434,1.4099998474121058,-0.6330420635991525,0.0068010164806047,0.0,9.000000000000007,0.3489392264960185,0.9071284393653692,0.9748137809019052
2022-06-29,115.3000030517578,28.15999984741211,1.78,11.111111111111107,-0.0044998054197389,0.2625159729625232,0.2823667433675914,0.3057910221984223,0.0181265939511938,-0.2160853761297608,0.9537821815033204,-0.2000007629394495,-0.6150390621049764,-0.0008999645170268,-1.0000000000000009,16.999999999999993,0.3586929828780396,0.92969862467399,0.9972845779062864
2022-06-30,112.61000061035156,28.709999084472656,1.72,11.111111111111107,-0.0236069266140086,0.3077812543693757,0.2840813771562841,0.3084927797363174,0.0279726623639617,0.4853562382214797,0.9387854766950334,0.5499992370605469,-0.6278943107909565,0.012983791627049,-6.000000000000005,7.000000000000006,0.3318702923555531,1.0834263669457411,1.010625876707088
2022-07-01,114.0500030517578,26.700000762939453,1.73,11.111111111111107,0.0127064483594841,0.205013365500762,0.2899904981862877,0.3052223961872971,0.0285839054765874,-0.3611308411163362,0.95681443594152,-2.009998321533203,-0.6629402144012015,0.0255399398752114,1.0000000000000009,0.0,0.429895088203165,0.7069658033038828,0.9207198487513056
2022-07-05,112.62000274658205,27.540000915527344,1.9,11.111111111111107,-0.0126176312739451,0.2108604997672932,0.2791698990194602,0.3057156243077646,0.0302787777441991,0.1685036710870474,0.9521896336397492,0.8400001525878906,-0.6635408001756643,0.0105988121954116,16.999999999999993,10.999999999999988,0.3889294602286192,0.7553124477528098,0.9864960732606632
2022-07-06,111.88999938964844,26.729999542236328,1.9,11.111111111111107,-0.0065031038498161,0.2103213382114783,0.2781858944396,0.3054306042805623,0.0196621410335418,-0.1607221171578364,0.95302777526327,-0.8100013732910156,-0.6641217752619921,-0.0052675230490051,0.0,10.999999999999988,0.4284320898589622,0.7560460196415296,0.96086825667719
2022-07-07,114.72000122070312,26.07999992370605,1.95,11.111111111111107,0.0249781471273231,0.3113849687460415,0.2996074721283953,0.3087441724449559,0.0130753136684006,-0.0294066019667083,0.9831176673782576,-0.649999618530277,-0.644599556156813,0.0162357861043531,5.000000000000004,16.999999999999993,0.4601316585724595,1.0393097559749749,0.8704722795608247
2022-07-08,114.36000061035156,24.63999938964844,1.98,11.111111111111107,-0.0031430147008097,0.2445363067619695,0.2982161814369109,0.3078511167090833,0.0178384129471811,-0.1610975878917192,0.9863560594781176,-1.44000053405761,-0.637382040883338,-0.0045259428477168,3.0000000000000027,26.0,0.5303584626743543,0.8199967740975933,0.8262462241627606
2022-07-11,112.86000061035156,26.170000076293945,2.18,11.111111111111107,-0.0132032548421826,0.2494374794448486,0.2971874041699002,0.3086317459078402,0.0178096945362421,-0.1037873915482284,0.9795093509539288,1.5300006866455045,-0.6467518474554173,0.0202009889744949,20.000000000000018,45.000000000000014,0.4557424775024211,0.8393272256661549,0.8805891403571302
2022-07-12,112.97000122070312,27.290000915527344,2.22,11.111111111111107,0.0009741895953531,0.2313305874251374,0.2927587689147312,0.3058902572046666,0.0258475536637435,0.3485978244665849,0.9854899742901164,1.1200008392333984,-0.6175297204086221,-0.0010910931643679,4.000000000000004,32.00000000000003,0.4011216091967884,0.7901747513240658,0.9321668149067744
2022-07-13,111.91000366210938,26.81999969482422,2.39,11.111111111111107,-0.0094272979907524,0.2378434813800377,0.2505181760831224,0.3061848295648097,0.0187651330068418,0.1429538816354203,0.9793512688655676,-0.470001220703125,-0.6188147354985195,-0.0044308415635857,16.999999999999993,49.00000000000002,0.424042908788924,0.9494060874094852,1.0705809899368457
2022-07-14,108.0,26.39999961853028,2.4,11.111111111111107,-0.0355637824294165,0.2259076706199975,0.2583424077908463,0.3127450481268589,0.0200926462809243,0.632298840500549,0.9482913559423312,-0.4200000762939417,-0.4627160585655938,-0.0149367913336561,0.9999999999999788,44.99999999999999,0.4445257227761968,0.874450588859155,1.0218995729072746
2022-07-15,112.9499969482422,24.229999542236328,2.37,11.111111111111107,0.0448139887711308,0.4700062590306763,0.302484490740846,0.3212388988453326,0.0549800730611641,-0.2584508049082342,0.9922151810435564,-2.170000076293949,-0.5554352449298846,0.0972463590523901,-2.9999999999999805,39.000000000000014,0.5503535795406548,1.5538193640260214,0.8010327895784717
2022-07-18,111.79000091552734,25.299999237060547,2.5,11.111111111111107,-0.0103230964234092,0.4662970570192648,0.3009038903294285,0.3213400267099758,0.040701273683694,-0.2997725317482871,0.983514461746544,1.0699996948242188,-0.555561741639618,0.0110457100226889,12.99999999999999,31.999999999999982,0.4981711968398846,1.5496544644496435,0.8408000045915724
2022-07-19,114.55999755859376,24.5,2.52,11.111111111111107,0.0244765624292362,0.5037843774858904,0.3080080628832696,0.3231303811736741,0.0198149818508845,-0.1641122069886066,1.0074076309957394,-0.7999992370605469,-0.5536273228821744,0.0195812312692538,2.0000000000000018,29.999999999999982,0.5371860363305405,1.6356207456712493,0.7954337224374912
2022-07-20,114.54000091552734,23.8799991607666,2.51,11.111111111111107,-0.0001745669423866,0.4938258612085084,0.3076774221354624,0.3199578832632063,0.0110004757880625,-0.0165581050996074,1.0065953053269738,-0.6200008392333984,-0.5901831183213205,-0.0001082316507821,-1.000000000000023,11.999999999999966,0.5674226066998347,1.60501169627939,0.7761375207522656
2022-07-21,115.31999969482422,23.11000061035156,2.48,11.111111111111107,0.0067867551650719,0.3459691043619891,0.2963020083914926,0.3202608422741178,0.018730454721045,-0.0061556114829407,1.013666399966093,-0.7699985504150426,-0.5865613261831257,0.0052257916391271,-2.9999999999999805,8.000000000000007,0.604974354827573,1.1676232174061854,0.7799474845211711
2022-07-22,114.76000213623048,23.030000686645508,2.49,11.111111111111107,-0.0048678603959333,0.213703401182709,0.2961386532002351,0.3201034479100244,0.0224817164781155,-0.4165343478928239,1.0089213721658212,-0.0799999237060511,-0.6121627743438842,-0.0003894284602863,1.000000000000023,12.00000000000001,0.6088758387766384,0.7216329205029941,0.77767628230124
2022-07-25,115.22000122070312,23.36000061035156,2.62,11.111111111111107,0.0040003451708496,0.1778771792793779,0.2937787897780112,0.3155312573378713,0.0146676134655567,0.2059539481387342,1.0124144912137034,0.3299999237060511,-0.5979167855677447,-0.0013201136011782,12.99999999999999,12.00000000000001,0.5927822058594038,0.6054799919823608,0.7951561318638126
2022-07-26,113.41999816894533,24.690000534057617,2.55,11.111111111111107,-0.0157456284569164,0.1405836098653584,0.2791484348609265,0.3167981605911962,0.0224828345346949,0.1278427391475073,0.9982271749903128,1.3299999237060582,-0.5665108702797812,0.0209416846464027,-7.000000000000028,2.9999999999999805,0.5279199770694918,0.5036159702467904,0.8844756928821157
2022-07-27,115.23999786376952,23.239999771118164,2.44,11.111111111111107,0.0159191652372342,0.1911015039026212,0.2844805050081826,0.3134483210731598,0.0211731591222012,-0.1338860858554075,1.0147300919872575,-1.4500007629394531,-0.5942887365279967,0.0230828017393488,-10.999999999999988,-6.999999999999984,0.5986344782923594,0.6717560625011002,0.8169276756046853
2022-07-28,114.80999755859376,22.32999992370605,2.42,11.111111111111107,-0.0037383248381288,0.1863293773102586,0.2842959927865807,0.3125432179867947,0.0213396448892558,0.1063153576997446,1.0113720959231012,-0.9099998474121128,-0.5985113775269527,-0.0034018750322742,-2.0000000000000018,-6.000000000000005,0.6430138930949985,0.6554062738764488,0.7854489859260538
2022-07-29,115.36000061035156,21.32999992370605,2.41,11.111111111111107,0.0047791119865134,0.1859290218530023,0.2844340572031498,0.3109487704680624,0.0148231542599282,0.2203277889091718,1.016191549352677,-1.0,-0.5998941951997583,0.0047791119865134,-0.9999999999999788,-8.000000000000007,0.6917824889676756,0.6536805883277446,0.7499101947721977
2022-08-01,114.20999908447266,22.84000015258789,2.56,11.111111111111107,-0.0100188277811404,0.1981187988319493,0.273909476766012,0.3047742254460545,0.0178618416240289,0.1299210359292305,1.005386565652506,1.5100002288818395,-0.5871174587996605,0.0151284322426498,14.999999999999991,-6.000000000000005,0.6181418980376872,0.7233002712103784,0.8338521332760978
2022-08-02,112.43000030517578,23.93000030517578,2.56,11.111111111111107,-0.0157080425703099,0.1979517629969936,0.2758580559207224,0.3055708239821844,0.0189451647872533,0.0136442472051798,0.9903898604791846,1.0900001525878906,-0.5948676674942777,0.0171217687984949,0.0,1.000000000000023,0.564984121094972,0.7175855797877518,0.8674751304726412
2022-08-03,113.61000061035156,21.950000762939453,2.52,11.111111111111107,0.0104407274781224,0.1688150081877035,0.2748491202595255,0.3031301654232434,0.0210368750709316,-0.0373900814620769,1.000368988822353,-1.979999542236328,-0.587582104715276,0.0206726356272967,-4.000000000000004,8.000000000000007,0.6615459185983811,0.6142097454352423,0.798620011670884
2022-08-04,112.36000061035156,21.440000534057617,2.5,11.111111111111107,-0.0110635282860031,0.1789515582521431,0.2767433092889951,0.2958195081629126,0.0204699451696684,0.2254071308026752,0.9891674399715072,-0.5100002288818359,-0.5885019269662158,-0.0056424019581022,-2.0000000000000018,8.000000000000007,0.6864179136556922,0.6466337296894472,0.7747251627922263
2022-08-05,115.76000213623048,21.14999961853028,2.58,11.111111111111107,0.0298110931090388,0.3037838071135542,0.2826392255836695,0.298651620557426,0.0357636429962772,-0.2408016894600527,1.018655420783212,-0.2900009155273402,-0.5566934477764991,0.008645244294492,8.000000000000007,16.999999999999993,0.7005608511077513,1.0748112067113815,0.7483037633879044
2022-08-08,114.3499984741211,21.290000915527344,2.65,11.111111111111107,-0.0122551936523333,0.3091195048703067,0.2858351203349697,0.2994859151966676,0.0220375747852478,-0.3161573631170251,1.0062520030545457,0.1400012969970667,-0.5873314165780578,0.0017157430062768,6.999999999999984,8.999999999999986,0.6937331844328508,1.0814608943367423,0.744835025541215
2022-08-09,115.37999725341795,21.770000457763672,2.67,11.111111111111107,0.0089670978992243,0.2768436687819074,0.283241545126372,0.2988202071303993,0.0140405196372933,-0.0095982999126126,1.0142447290303298,0.4799995422363281,-0.5475795144280422,-0.004304202886816,2.0000000000000018,10.999999999999988,0.6703242807384573,0.9774119423702124,0.7686019523742779
2022-08-10,118.38999938964844,19.739999771118164,2.65,11.111111111111107,0.0257532492440333,0.3140218576435729,0.2958808511747925,0.2995098857765845,0.0157952762583217,0.2274377050409605,1.0383482887994242,-2.030000686645508,-0.6146162717478143,0.0522791136487406,-2.0000000000000018,12.99999999999999,0.769324563846729,1.0613118638693635,0.6671604361262533
2022-08-11,120.13999938964844,20.200000762939453,2.62,11.111111111111107,0.0146734700735662,0.2634149111918472,0.295693731034977,0.3006684134645127,0.0157316414121047,-0.0948362625582133,1.050087403977547,0.460000991821289,-0.5875886872310038,-0.0067498107873004,-2.9999999999999805,12.00000000000001,0.7468909613755659,0.8908369828127618,0.6831392972801995
2022-08-12,122.12999725341795,19.530000686645508,2.63,11.111111111111107,0.0164283043523137,0.2252202226652845,0.2623924912538258,0.3023886174388129,0.0230082504035684,-0.1650861140605464,1.0612397557660556,-0.6700000762939453,-0.683035906172927,0.0110069651694303,0.9999999999999788,4.999999999999982,0.7795659243310081,0.8583333371663343,0.7443048615195748
2022-08-15,122.45999908447266,19.950000762939453,2.72,11.111111111111107,0.0026984098796816,0.1368128804420746,0.2208773597751964,0.3019508557796583,0.0173117978313853,-0.1583113957802585,1.059936358779373,0.4200000762939453,-0.607290396224957,-0.0011333323553386,9.00000000000003,7.000000000000028,0.7590831103437352,0.6194065366469403,0.9032161912494824
2022-08-16,123.62999725341795,19.690000534057617,2.7,11.111111111111107,0.0095087732290154,0.1356806774545089,0.2154611574468622,0.3021026594333149,0.0191700652741214,0.1221646775591564,1.0648665985613774,-0.2600002288818359,-0.5780622947250851,0.0024722832159295,-2.0000000000000018,3.000000000000025,0.771762956432877,0.6297222156525869,0.9138538364583708
2022-08-17,122.58999633789062,19.89999961853028,2.68,11.111111111111107,-0.0084477875686107,0.1609527485781584,0.2076079307017077,0.2955679163483561,0.0119912004618339,-0.1591325436987375,1.0524424243032162,0.2099990844726598,-0.5789306956442776,0.0017740276552277,-2.0000000000000018,3.000000000000025,0.7615215959485977,0.7752726402798948,0.9585375448456596
2022-08-18,121.63999938964844,19.559999465942383,2.71,11.111111111111107,-0.0077795664426034,0.1718340835013256,0.2108240899019046,0.2939158005893451,0.0157842665124899,0.1567015430673543,1.0412643043295744,-0.3400001525878942,-0.5721114764667162,-0.0026450537775528,2.9999999999999805,8.999999999999986,0.7781029259868053,0.8150590550694615,0.9277876866464146
2022-08-19,118.62999725341795,20.600000381469727,2.74,11.111111111111107,-0.0250564752709724,0.2082408774394606,0.2312288778929475,0.2967188353862303,0.024277141701906,0.3454230152046729,1.0141297287221496,1.0400009155273438,-0.6101879025893426,0.0260587572216996,3.000000000000025,11.000000000000032,0.7273835416302381,0.9005833498697783,0.890892200368111
2022-08-22,116.66999816894533,23.799999237060547,2.82,11.111111111111107,-0.0166599613790439,0.2036790639629355,0.2387098959240926,0.2981494100073812,0.0142281965214877,-0.4064385105234184,0.9965994492639876,3.1999988555908203,-0.6335290647666639,0.0533118573471278,7.999999999999963,9.999999999999964,0.5713240906489003,0.8532493517893511,0.9970260824305628
2022-08-23,115.5199966430664,24.11000061035156,2.8,11.111111111111107,-0.009905775056272,0.1162962645726637,0.2411981900030186,0.2725368373949202,0.0165339656995569,-0.1645492057269435,0.9866556947296364,0.3100013732910121,-0.6374876110686878,0.0030708038709561,-2.0000000000000018,9.999999999999964,0.556205758954896,0.4821606023295958,0.9995929326853497
2022-08-24,115.8000030517578,22.81999969482422,2.82,11.111111111111107,0.0024209454074014,0.1627669764705891,0.2342474371033959,0.2708846671669609,0.01692579155625,0.2503806415767247,0.9880907745283364,-1.2900009155273402,-0.6044140918544761,0.0031230217919895,2.0000000000000018,13.999999999999968,0.6191172922796322,0.6948506181467607,0.9741835375877156
2022-08-25,118.5500030517578,21.780000686645508,2.88,11.111111111111107,0.023470246761194,0.2999192024826151,0.2416549756820386,0.274936717331727,0.0258118724573779,0.0962838014325862,1.0101971585001848,-1.039999008178711,-0.5987336626391907,0.0244090333533514,6.000000000000005,16.999999999999993,0.6698365836174848,1.2411050160921933,0.901285008726776
2022-08-26,114.66999816894533,25.559999465942383,2.89,11.111111111111107,-0.0332764161716057,0.3376066415282208,0.2695431731037089,0.2797718593035957,0.0470044429730193,0.0469609908561905,0.9771900829659974,3.779998779296875,-0.7115782633684905,0.1257848125080444,1.000000000000023,14.999999999999991,0.4854913507507429,1.2525141617974642,0.9482710755248088
2022-08-29,114.38999938964844,26.209999084472656,2.97,11.111111111111107,-0.0024447648803023,0.3263200488160467,0.2690709205092131,0.2778853921113307,0.0122388454703112,-0.3286967233168275,0.9751878587931008,0.6499996185302734,-0.7130930897555305,0.0015890962395927,8.000000000000007,15.000000000000036,0.4537917820372457,1.2127659436348246,0.974092593687589
2022-08-30,114.41000366210938,26.209999084472656,2.97,11.111111111111107,0.0001748625196249,0.3225491885027809,0.2667878193653278,0.2772635030068677,0.0194039083090977,0.2804801694547736,0.9752792112483633,0.0,-0.7071236659678722,-0.0,0.0,17.000000000000036,0.4537917820372457,1.2090101762145888,0.9824286261203627
2022-08-31,113.7300033569336,25.8700008392334,2.96,11.111111111111107,-0.005961272008453,0.3209093132859903,0.2616048220986576,0.2756018380995792,0.0148597765894923,-0.0006609662449656,0.9689712717223324,-0.3399982452392578,-0.6875989309902134,-0.0020268220222679,-1.000000000000023,14.000000000000012,0.4703730190567384,1.226694946643482,0.9888961767485
2022-09-01,114.51000213623048,25.559999465942383,2.97,11.111111111111107,0.0068349263676068,0.2453037291197594,0.2601809756830188,0.2737680511338888,0.0237533275745873,-0.0732537397312386,0.975260696997768,-0.3100013732910156,-0.6905881829133201,0.002118836560301,1.000000000000023,9.00000000000003,0.4854913507507429,0.9428196219027772,0.9823930976829912
2022-09-02,113.70999908447266,25.46999931335449,2.94,11.111111111111107,-0.0070108344954452,0.088127265627726,0.2583078846930257,0.2728983327832391,0.0374636755002637,0.0665543140696782,0.9679172742136908,-0.0900001525878941,-0.7137924302227197,-0.0006309761743585,-3.000000000000025,4.999999999999982,0.4898805318207812,0.3411714115210106,0.986032592215416
2022-09-06,113.73999786376952,26.90999984741211,3.04,11.111111111111107,0.0002637835117459,0.088744846839915,0.2354269523251511,0.2729299198880456,0.023562514115621,-0.0896552262924997,0.9689660082746296,1.4400005340576207,-0.72869033888199,-0.0003798483977897,10.000000000000009,6.999999999999984,0.4196537277188858,0.3769527913581806,1.143029699090968
2022-09-07,115.9000015258789,24.63999938964844,3.07,11.111111111111107,0.0188126404142298,0.1687305984849044,0.2409771110654705,0.2759698296570826,0.0289042142365552,0.0879005517941136,0.9867469028842708,-2.2700004577636683,-0.7664323433113234,0.042704702352045,2.9999999999999805,9.999999999999964,0.5303584626743543,0.7001934654244503,1.0225037257980096
2022-09-08,118.5999984741211,23.61000061035156,3.06,11.111111111111107,0.0230287101866828,0.198996079526314,0.2517797486409905,0.2788401100957465,0.0350759166579341,0.0713161378610451,1.0084176426980684,-1.029998779296882,-0.7843049091003467,0.023719543381065,-0.9999999999999788,10.000000000000009,0.5805900568912346,0.7903577654692949,0.9377243697235058
2022-09-09,119.16999816894533,22.790000915527344,3.08,11.111111111111107,0.0047945560397837,0.2005192783968704,0.2361243506325064,0.2760872078164665,0.0115801368130933,-0.2066966859003529,1.0129442655339478,-0.8199996948242152,-0.7553140422244035,0.0039315344894402,2.0000000000000018,10.999999999999988,0.6205802906238351,0.8492105022617927,0.9651694479828004
2022-09-12,120.58000183105467,23.8700008392334,3.17,11.111111111111107,0.0117624185090016,0.1500540264401535,0.2341002249819144,0.2606620134130086,0.0145961362539735,-0.0765237033166595,1.024746784750188,1.079999923706055,-0.7393659136290588,-0.0127034110923204,8.999999999999986,23.0,0.5679102108020926,0.640981983044852,1.0196487782562995
2022-09-13,116.38999938964844,27.270000457763672,3.28,11.111111111111107,-0.0353668325367879,0.3714687502944259,0.2564763735529297,0.2632832346519501,0.0269782576348025,0.4041253986943813,0.991441166693988,3.399999618530273,-0.7904469260125793,0.1202472171337032,10.999999999999988,23.99999999999998,0.4020970034387334,1.4483546579691673,1.0632558500417149
2022-09-14,116.12000274658205,26.15999984741211,3.24,11.111111111111107,-0.0023224529004726,0.3502435156145243,0.2558342802887185,0.2611048201952032,0.0254908630249735,-0.3226674924828878,0.9916916003597576,-1.1100006103515625,-0.777101147505181,-0.0025779241370373,-3.999999999999959,17.000000000000036,0.4562301746233937,1.3690249610773877,1.0225369257743555
2022-09-15,117.87000274658205,26.270000457763672,3.22,11.111111111111107,0.0149581827308765,0.3208135677503775,0.2597324694596115,0.2617525442589823,0.0307117589958013,0.1466093105974278,1.0090005483533044,0.1100006103515625,-0.7611188260937186,-0.0016454092301466,-2.0000000000000018,16.000000000000014,0.4508655993114105,1.2351692817530626,1.011425352880213
2022-09-16,117.08000183105467,26.299999237060547,3.2,11.111111111111107,-0.0067248680772369,0.317581407076806,0.2592844713246396,0.2597017547227196,0.0173385612192433,0.3160768248376507,1.0044940639633937,0.029998779296875,-0.7606834320957157,0.0002017378332496,-2.0000000000000018,12.00000000000001,0.4494026009672076,1.2248377446375305,1.01432990192966
2022-09-19,118.16000366210938,25.76000022888184,3.37,11.111111111111107,0.0091821917528936,0.310191817232986,0.2613266663318717,0.260143377038459,0.0272511943204659,-0.5933098016143271,1.01520336490945,-0.5399990081787074,-0.777468915656962,0.0049583744394693,16.999999999999993,20.000000000000018,0.4757375943687214,1.1869887661562175,0.9857394421496936
2022-09-20,115.83000183105467,27.15999984741211,3.35,11.111111111111107,-0.0199160544635492,0.2174683694889979,0.2560116813761752,0.2588050330829182,0.0263317189289733,0.1594476308805015,0.9963258874945312,1.39999961853027,-0.794159511728454,0.027882468651597,-2.0000000000000018,7.000000000000028,0.4074615787507166,0.8494470577280299,1.060889085272015
2022-09-21,112.48999786376952,27.989999771118164,3.31,11.111111111111107,-0.0292593049380447,0.2974408179425,0.2690266972776254,0.2651319633530847,0.0371588619837822,0.2704563798286049,0.9692559305956436,0.8299999237060547,-0.7678967191711965,0.0242852208662693,-4.000000000000004,6.999999999999984,0.3669836478971433,1.1056182191299488,1.040417179943801
2022-09-22,111.20999908447266,27.350000381469727,3.29,11.111111111111107,-0.0114440122159995,0.2295902388934354,0.2696671909863001,0.2652058114728333,0.0227497419308055,-0.0759335118253593,0.9599245194484348,-0.6399993896484375,-0.7423912798853542,-0.0073241608333689,-2.0000000000000018,6.999999999999984,0.3981955194896679,0.8513836557340017,1.0142131225321804
2022-09-23,109.13999938964844,29.920000076293945,3.24,11.111111111111107,-0.0187888414326182,0.2293187858167331,0.2754213700861723,0.2606800081506428,0.0291368214546908,0.4397790870266603,0.9446429563188088,2.5699996948242188,-0.7613156400431782,0.0482873167479294,-4.999999999999982,4.000000000000004,0.2728602429798822,0.8326107220546651,1.0863354599874635
2022-09-26,106.79000091552734,32.2599983215332,3.39,11.111111111111107,-0.0217671584091032,0.1014169109733216,0.2654107530619019,0.2635843608903508,0.0332428412896625,-0.1409733536186399,0.9288048436886376,2.339998245239258,-0.7662954219704513,0.0509351124811464,14.999999999999991,2.0000000000000018,0.1587418142150354,0.3821130447931329,1.215474427820533
2022-09-27,105.8499984741211,32.599998474121094,3.35,11.111111111111107,-0.0088413145912191,0.1300465635911014,0.2453173827480885,0.2639209088144284,0.033254574339243,-0.2081238646978553,0.9240045207984702,0.3400001525878906,-0.7153635671071835,0.003006048310092,-4.000000000000004,0.0,0.142160484176828,0.530115567573308,1.3288906847501047
2022-09-28,107.98999786376952,30.18000030517578,3.4,11.111111111111107,0.0200156272975338,0.2636365552085142,0.2588583785967542,0.2672943336725258,0.0286137978369369,-0.0024260269683663,0.9451999749463488,-2.4199981689453125,-0.7511553359741212,0.0484377814103237,4.999999999999982,8.999999999999986,0.2601803968907404,1.0184586515517176,1.1658884857727454
2022-09-29,106.16000366210938,31.84000015258789,3.36,11.111111111111107,-0.0170911859428411,0.271006604362374,0.2632794363632881,0.2653691158842843,0.0271288352870121,-0.0038231357775264,0.932388715195666,1.6599998474121094,-0.7604962854719396,0.0283713660572083,-4.000000000000004,6.999999999999984,0.1792245351835937,1.0293496830053357,1.2093614523184115
2022-09-30,104.5,31.6200008392334,3.33,11.111111111111107,-0.0157603531152178,0.2651111513794353,0.2665714434052469,0.2655281186987492,0.0308134088105563,0.2282289556150828,0.9213658601837276,-0.2199993133544922,-0.743223259135517,-0.0034672668635722,-2.9999999999999805,8.999999999999986,0.1899535927888453,0.994521948761062,1.1861735989163729
2022-10-03,107.7300033569336,30.100000381469727,3.46,11.111111111111107,0.0304410566618549,0.3487507385010563,0.2901911142970541,0.2720124264828819,0.0362016281848365,-0.2655540158327249,0.9525560150034318,-1.520000457763672,-0.7577697220914552,0.0462704200608294,12.99999999999999,6.999999999999984,0.264081880839806,1.2017967515850871,1.0372474861741583
2022-10-04,112.7699966430664,29.06999969482422,3.45,0.0,0.0457221884095086,0.4459175056485105,0.3348519853144598,0.2871219099824904,0.0277555852318135,0.2680675382740048,0.9975147835566676,-1.0300006866455078,-0.7365999142404286,0.0470938854567292,-0.9999999999999788,10.000000000000009,0.3143135680754007,1.3316854168558951,0.8681447615585898
2022-10-05,110.38999938964844,28.549999237060547,3.46,0.0,-0.0213307719750165,0.4966998401020663,0.3425829757220558,0.2857637581286237,0.01920459397508,-0.3806926884923564,0.9778421654723538,-0.5200004577636719,-0.7123704708930566,-0.0110920111914611,0.9999999999999788,6.000000000000005,0.3396732602536843,1.4498672593265365,0.8333747226313928
2022-10-06,108.13999938964844,30.520000457763672,3.46,0.0,-0.0205928661914409,0.5067634602006248,0.3404433244798947,0.2885101781959255,0.0208063622406065,0.051460502959618,0.9610573097852718,1.970001220703125,-0.7087726876789725,0.0405679715349147,0.0,10.000000000000009,0.243599066852533,1.4885398648213244,0.8964781584244593
2022-10-07,105.9800033569336,31.36000061035156,3.45,0.0,-0.020176249569995,0.5182832247151588,0.3311130406918502,0.2900529350205787,0.0230232342339949,0.0137659753861747,0.9469183435224252,0.8400001525878871,-0.6949905211811618,0.0169480527174471,-0.9999999999999788,12.00000000000001,0.2026334388779873,1.56527578506791,0.947108593029916
2022-10-10,104.98999786376952,32.45000076293945,3.45,0.0,-0.0093853415599171,0.4581662740095514,0.3292734965442788,0.2905062289557424,0.026573968685546,-0.2683654047364961,0.9437666702976742,1.0900001525878942,-0.6903064132867902,0.0102300237323992,0.0,-0.9999999999999788,0.1494756619352719,1.3914459524316434,0.9855029664853626
2022-10-11,101.95999908447266,33.630001068115234,3.67,0.0,-0.0292845166512246,0.1125043042513284,0.332012529225294,0.2954744633944363,0.0263829194346855,0.3551163556747714,0.923893427030096,1.1800003051757812,-0.7283716191839144,0.0345557385853703,21.99999999999997,21.99999999999997,0.0919287039225187,0.3388555983529955,1.0129136134285734
2022-10-12,103.61000061035156,33.56999969482422,3.7,0.0,0.0160532856258811,0.2784804085655473,0.326316708753506,0.2892406656801688,0.0332979881991433,0.0340532967442577,0.9440505751566928,-0.0600013732910156,-0.6901875079210479,0.0009632191833857,3.000000000000025,24.00000000000002,0.0948548866483538,0.8534052994997158,1.0287551570085984
2022-10-13,109.37000274658205,31.940000534057617,3.79,0.0,0.0541027983053732,0.5331558250267303,0.3863438111337149,0.2957006737677715,0.0744262520364873,0.5302265227322426,0.9994604235481428,-1.6299991607666016,-0.7358154641603837,0.0881875158328831,8.999999999999986,33.00000000000001,0.174347656992583,1.380003534836496,0.8267247879636169
2022-10-14,111.19000244140624,32.02000045776367,3.81,0.0,0.0165038172123348,0.4983594020401279,0.3872775572145188,0.2969476123328579,0.0406511066086925,0.0866979261239978,1.0190544538014246,0.0799999237060546,-0.7352037878932293,-0.0013203041178454,2.0000000000000018,35.999999999999986,0.1704461730435175,1.2868274774933035,0.8267972120064606
2022-10-17,115.86000061035156,31.3700008392334,3.97,0.0,0.0411420992642631,0.5061400236863985,0.4155937770626038,0.3043293811254187,0.0232176974558545,-0.092177514540961,1.062420584191723,-0.6499996185302734,-0.7341407695862074,0.0267423488273056,16.000000000000014,52.0,0.2021457417570146,1.217871998141481,0.7548236419937518
2022-10-18,118.83999633789062,30.5,4.04,0.0,0.0253954488424581,0.2633573449857557,0.4240613497562405,0.3084771629697056,0.0267586705079851,-0.0336255889909567,1.089423265379326,-0.8700008392333984,-0.7421645914070162,0.0220940618056474,6.999999999999984,37.000000000000014,0.2445744610944781,0.6210359542012945,0.7192355544199454
2022-10-19,116.51000213623048,30.76000022888184,4.07,0.0,-0.0198008952119274,0.4472610436330727,0.4239924502348693,0.3108783877994997,0.0271221663734456,-0.2324580494952537,1.0677469238338002,0.2600002288818395,-0.7248556129303789,0.0051482372871664,3.000000000000025,37.000000000000014,0.2318946150053361,1.0548797352059307,0.7254846215266907
2022-10-20,116.12999725341795,29.979999542236328,4.09,0.0,-0.003266894960278,0.3801073960928047,0.4105230638722091,0.3107895619297636,0.0263497600186474,-0.3353973693247106,1.0625764959732786,-0.7800006866455114,-0.7094854867055512,-0.0025481803122156,1.9999999999999567,29.999999999999982,0.2699341532727617,0.925909965952918,0.7302878249873127
2022-10-21,122.2300033569336,29.690000534057617,4.09,0.0,0.0511943136465035,0.4741770018328335,0.4417623380726514,0.3270499443132613,0.0495786418404774,0.5229234549395178,1.1130465607146205,-0.2899990081787109,-0.7026872367713134,0.0148463001818758,0.0,27.99999999999998,0.2853293599314437,1.073375797270548,0.6720808447273035
2022-10-24,122.37999725341795,29.850000381469727,4.16,0.0,0.0012263923380875,0.4398242882838555,0.4338376888506507,0.3252878120413793,0.0144631204673195,-0.489350173357146,1.10805086695026,0.1599998474121093,-0.6988068762741477,-0.0001962225869613,7.000000000000028,19.0,0.2774919924081402,1.0137991686454555,0.6880453484931235
2022-10-25,122.6999969482422,28.459999084472656,4.14,0.0,0.0026113912538325,0.4220638656783142,0.4226403705501064,0.3239274341399129,0.0193968811133867,-0.1117779483963525,1.1033794394076877,-1.3900012969970703,-0.6546986976421509,0.0036298372297939,-2.000000000000046,9.999999999999964,0.3455792512314253,0.9986359446187268,0.6733857214688052
2022-10-26,124.11000061035156,27.280000686645508,4.11,0.0,0.0114259472140934,0.352451770084659,0.4191191286456764,0.3244460556849449,0.0186930922843839,0.0329266854210138,1.1073999217364174,-1.1799983978271484,-0.6445349961441972,0.0134825994062878,-2.999999999999936,4.000000000000004,0.4033798133585901,0.8409345839774877,0.6508889435516086
2022-10-27,124.5999984741211,27.38999938964844,4.13,0.0,0.0039403200478763,0.3352560763739135,0.4168015306307369,0.3244131636371759,0.01597109059502,-0.0839444841652235,1.1039807464810254,0.1099987030029332,-0.6676764652976076,-0.0004334300946828,1.9999999999999567,4.000000000000004,0.397991681579313,0.8043542351357915,0.6571472841810283
2022-10-28,126.08000183105467,25.75,4.18,0.0,0.0118080465253943,0.0799584165370622,0.407844492422229,0.3242759507932986,0.0176871485973424,0.1003093744883674,1.107783470270836,-1.639999389648441,-0.629052970275353,0.019365189094587,4.999999999999982,8.999999999999986,0.478324745407568,0.1960512352690635,0.631368094419228
2022-10-31,125.87999725341795,25.8799991607666,4.22,0.0,-0.0015875902553723,0.0925027018452825,0.4002423447730677,0.3224425979107881,0.0146171274819851,0.1142738336663125,1.096220093996216,0.1299991607666015,-0.6436274711511834,0.0002063854008396,4.000000000000004,5.999999999999961,0.4719569193306804,0.2311167297846268,0.6466082237110675
2022-11-01,128.14999389648438,25.809999465942383,4.23,0.0,0.0178723548050214,0.1202989137017849,0.3940246722504867,0.3235931606741992,0.0152165200243189,0.0068735490111664,1.1066174942214837,-0.0699996948242187,-0.6196554671840553,0.0012510593821416,1.0000000000000675,9.000000000000075,0.4753857559435268,0.3053080737678003,0.6550351103276757
2022-11-02,126.97000122070312,25.86000061035156,4.22,0.0,-0.0092505574863704,0.1699872358502671,0.373671091264342,0.3233178896715708,0.0292982687637917,0.2118738076641839,1.0900628495030584,0.0500011444091761,-0.5994633923139351,0.0004625384607413,-1.0000000000000675,10.999999999999943,0.4729365201995006,0.4549113908574076,0.692052481845798
2022-11-03,127.1999969482422,25.299999237060547,4.25,0.0,0.0018097792184081,0.1711427841404919,0.3610036856844406,0.3183185770929664,0.017845826007335,-0.2824718802179882,1.0845838803216978,-0.5600013732910121,-0.6393714756977439,0.001013478847662,3.000000000000025,12.00000000000001,0.5088418467740936,0.4740748943214134,0.7008238486289501
2022-11-04,130.67999267578125,24.549999237060547,4.21,0.0,0.0269909037716774,0.2357872990426227,0.3531396615191113,0.3210929651277762,0.0181358681513511,0.1812467794661464,1.104151356736962,-0.75,-0.6127820711536731,0.020243177828758,-4.000000000000004,3.000000000000025,0.5703511505446179,0.6676885230855394,0.6951923534007222
2022-11-07,131.3699951171875,24.350000381469727,4.29,0.0,0.005266201627125,0.2245059302780701,0.3372820431891179,0.3208573690964528,0.0137778612001862,-0.2190857759180843,1.098756945086247,-0.1999988555908203,-0.572844607685602,0.0010532342987355,8.000000000000007,7.000000000000028,0.5807542129729696,0.6656326205667197,0.7219477251510956
2022-11-08,131.4499969482422,25.540000915527344,4.28,0.0,0.0006087956467612,0.2124121177420599,0.3316901473669419,0.317231059967806,0.0146063005973389,-0.1949121424000252,1.0879606681459764,1.1900005340576172,-0.5347779628017733,-0.0007244671447778,-0.9999999999999788,4.999999999999982,0.5188556095584543,0.6403932086263415,0.7699957661773104
2022-11-09,129.74000549316406,26.09000015258789,4.29,0.0,-0.0130940378350825,0.2297952311748985,0.3112058064460458,0.3174625449216339,0.0170340015531644,-0.0402673853074493,1.0621781783693354,0.5499992370605469,-0.4697723096297441,0.0072017108193373,0.9999999999999788,7.000000000000028,0.4902470638656098,0.7384027753181992,0.8383519719806753
2022-11-10,135.0800018310547,23.530000686645508,4.28,0.0,0.0403347189480058,0.3397659762694893,0.3266897602045328,0.3256132825678085,0.0201362243398918,0.5436657317534417,1.0924930517730256,-2.559999465942383,-0.5490783518865562,0.1032568589658312,-0.9999999999999788,3.000000000000025,0.6234069971165861,1.0400264032051991,0.7202552253830644
2022-11-11,135.3000030517578,22.520000457763672,4.28,0.0,0.00162734865953,0.3162654152075632,0.2914234549885935,0.3256056393193929,0.0176644444622382,-0.4236428545213255,1.0834525287138066,-1.010000228881836,-0.4588616837776559,0.0016436225185958,0.0,7.000000000000028,0.6759427748972533,1.0852435169294867,0.7727586806163257
2022-11-14,133.91000366210938,23.729999542236328,4.34,0.0,-0.0103265978772156,0.339975356940016,0.2987598971106662,0.3260594751707165,0.013591158357534,0.0349640714411258,1.0631112915512813,1.2099990844726562,-0.518569975309835,0.0124951739771481,5.999999999999961,4.999999999999982,0.615565453238027,1.1379551279403568,0.7942832947705257
2022-11-15,132.94000244140625,24.540000915527344,4.31,0.0,-0.0072700428768582,0.3491557270540777,0.2792685005764954,0.3259253179292856,0.0309162068216679,0.2361423398431218,1.048639334123579,0.8100013732910156,-0.5578700568838572,0.0058887447141397,-3.000000000000025,2.999999999999936,0.5732566807255187,1.250251017688403,0.8787242694707529
2022-11-16,133.1199951171875,24.11000061035156,4.32,0.0,0.001353023414958,0.3232492732140433,0.2711244709362905,0.3254041630931005,0.0114933806747062,-0.5757623413875156,1.044456783474519,-0.4300003051757848,-0.5439676775684574,0.0005818004813419,1.0000000000000675,3.000000000000025,0.6029605728434391,1.192254141050961,0.8892594802339692
2022-11-17,132.5399932861328,23.93000030517578,4.32,0.0,-0.0043665043884403,0.0836122208272406,0.2579999408159873,0.3211622170130668,0.0121472815143111,0.1110175782405963,1.0337150834864843,-0.1800003051757777,-0.5324714495801204,-0.0007859721224706,0.0,4.000000000000004,0.6124768465953558,0.3240784496414872,0.9275196044422088
2022-11-18,133.83999633789062,23.1200008392334,4.34,0.0,0.0097605933120468,0.1260289737987674,0.2559547829246596,0.3193450312805654,0.0178571387854395,0.070925954222252,1.0370331923803755,-0.8099994659423828,-0.5564429486873467,0.0079060753700387,1.9999999999999567,5.999999999999961,0.6552999776410878,0.4923876489382271,0.9032845792156492
2022-11-21,133.0500030517578,22.36000061035156,4.41,0.0,-0.0059200089561003,0.1110546211182875,0.2017478962731216,0.318831041395307,0.0136038896435774,-0.1937826655156556,1.026812818153422,-0.7600002288818395,-0.6914102829443725,-0.0044992081616188,7.000000000000028,7.000000000000028,0.6954797441281293,0.5504623501399208,1.1083139414787802
2022-11-22,135.0399932861328,21.290000915527344,4.4,0.0,0.0148459607694049,0.142536437059944,0.2048481812881561,0.3198261627148659,0.0117002511078837,0.1634600927719307,1.0373442672760949,-1.0699996948242152,-0.7003112323065357,0.0158851734926355,-0.9999999999999788,9.000000000000075,0.7520485927224196,0.6958149990086592,1.0393063185452005
2022-11-23,136.47999572753906,20.350000381469727,4.4,0.0,0.0106070713086743,0.1501845858793243,0.2056978517995956,0.3174138711651519,0.0120164085652701,-0.2275568594793264,1.043147824914028,-0.9400005340576172,-0.7342075177799513,0.009970652694941,0.0,8.000000000000007,0.8017446329613779,0.7301222864769829,0.9893151631596052
2022-11-25,136.74000549316406,20.5,4.41,0.0,0.0019033002192729,0.1309529592529322,0.204631725583962,0.309105794037138,0.0078982140388218,-0.8205544404929629,1.040352785090577,0.1499996185302734,-0.7306467691144363,-0.0002854943068395,0.9999999999999788,8.999999999999986,0.7938144384474118,0.6399445583485596,1.001799693644703
2022-11-28,134.35000610351562,22.209999084472656,4.41,0.0,-0.0176329721665117,0.2069189248728981,0.2186910247939941,0.3116342834735446,0.0187570089912708,1.1236948570621224,1.018571053845414,1.7099990844726562,-0.7719300299345792,0.0301523662612668,0.0,7.000000000000028,0.7034100394799894,0.9461701735030724,1.0155880473555952
2022-11-29,136.55999755859375,21.88999938964844,4.38,0.0,0.0163156801168205,0.2213984362615444,0.2213670445638598,0.3128034621509669,0.0163297874004591,-0.2231713101304746,1.031423639477704,-0.3199996948242152,-0.765339026529052,0.005221012658232,-3.000000000000025,-3.000000000000025,0.7203278146665553,1.0001418083606186,0.9888553841777304
2022-11-30,138.17999267578125,20.57999992370605,4.37,0.0,0.0117930694474519,0.213961560977297,0.2221136104727963,0.3127955850605621,0.0361122485082429,0.6219419427441466,1.0390626511944785,-1.30999946594239,-0.7645149600372484,0.0154489146779835,-0.9999999999999788,-3.000000000000025,0.7895849946507706,0.9632978389836324,0.9265528519346012
2022-12-01,136.24000549316406,19.84000015258789,4.33,0.0,-0.0141390533815436,0.2406330732847676,0.2253775689149261,0.3145828481542728,0.0237082417505494,-0.5106246666222475,1.0215154821837138,-0.7399997711181605,-0.729915165285916,-0.0104628962661697,-4.000000000000004,-7.000000000000028,0.8287073749791778,1.067688654391334,0.8803005662057235
2022-12-02,135.16000366210938,19.059999465942383,4.34,0.0,-0.0079587877334789,0.2449566025300816,0.2245418658259083,0.3147081840743504,0.0148713355368788,0.0082516881560332,1.010462942320232,-0.7800006866455078,-0.6967166228469034,-0.0062078598969794,0.9999999999999788,-7.000000000000028,0.8699445276248532,1.0909172845299204,0.8488394534282515
2022-12-05,131.3699951171875,20.75,4.36,0.0,-0.0284415566276951,0.2945168726413311,0.2495801882202823,0.3208048320542296,0.0302199997584054,0.1282878187766391,0.9806728115285313,1.6900005340576172,-0.7517458901728069,0.0480662458902347,2.000000000000046,-4.999999999999982,0.7805974139781704,1.1800490845907492,0.831396119538375
2022-12-06,131.58999633789062,22.170000076293945,4.37,0.0,0.0016732680193377,0.243244295817782,0.2318226799841105,0.319042882040772,0.0398206979177126,0.3187589679009519,0.981997453877144,1.420000076293945,-0.724243255307704,-0.0023760407151198,0.9999999999999788,-0.9999999999999788,0.7055247109593631,1.0492687593571703,0.9563343878956756
2022-12-07,131.5,22.68000030517578,4.29,0.0,-0.0006841487145359,0.1918779455693451,0.2311417853845661,0.3162071437913968,0.0209125475285171,-0.1737252191234359,0.981280517659536,0.5100002288818359,-0.7213463858657176,0.0003489160010025,-8.000000000000007,-8.000000000000007,0.6785619689415632,0.8301309313247058,0.981215934948393
2022-12-08,132.8800048828125,22.290000915527344,4.28,0.0,0.0104396504332498,0.2327392782240468,0.2339346624404498,0.3166373900370582,0.0116646823811059,-0.2760795405118155,0.9910747944261308,-0.3899993896484375,-0.7463014467321568,0.0040714572971104,-0.9999999999999788,-4.999999999999982,0.6991804948454536,0.9948900936529352,0.9528301912591284
2022-12-09,132.16000366210938,22.82999992370605,4.31,0.0,-0.005433164568736,0.231399399231834,0.2297876607618227,0.316290077738838,0.0133171493497811,-0.1127185855105026,0.9848582442722458,0.5399990081787074,-0.7428253638055327,0.0029339034783891,2.999999999999936,-3.000000000000025,0.6706317744275974,1.0070140340202252,0.9935259294610072
2022-12-12,134.2100067138672,25.0,4.38,0.0,0.0153924499524692,0.1345150754747061,0.1883314164469783,0.308466590880126,0.0227254872244456,0.1053152760007352,1.0004437580142684,2.170000076293949,-0.4038638558120879,-0.033401617571209,7.000000000000028,1.9999999999999567,0.5559079980010654,0.7142466085183229,1.327447139284823
2022-12-13,134.0800018310547,22.549999237060547,4.35,0.0,-0.0009691370445953,0.138972340953513,0.1882100186616379,0.3083967209223472,0.0299074765220294,0.1256540168990552,0.9999076812755128,-2.450000762939453,-0.352510857701975,-0.0023743864986514,-3.000000000000025,-2.000000000000046,0.6854348781347894,0.738389709228796,1.198129589349901
2022-12-14,133.41000366210938,21.13999938964844,4.33,0.0,-0.0050095297494559,0.1505734679771868,0.185570464899238,0.3076457711732647,0.0221123763290106,-0.0059325387211499,0.9950878280037518,-1.4099998474121058,-0.2872449522596034,-0.0070634361823393,-1.9999999999999567,4.000000000000004,0.7599788880742797,0.811408583035808,1.1391898706039856
2022-12-15,130.10000610351562,22.82999992370605,4.34,0.0,-0.0251236882082599,0.2292582387021771,0.2035980418682028,0.3119291613191771,0.0232897666191192,0.1930073455744813,0.9713788388839516,1.69000053405761,-0.3711036789424857,0.0424590464894562,0.9999999999999788,5.999999999999961,0.6706317744275974,1.126033613086442,1.1213270871477647
2022-12-16,129.2899932861328,22.6200008392334,4.31,0.0,-0.0062455410947734,0.2295994314198065,0.204178927031013,0.3119458416467345,0.0113697988787875,0.55867224328294,0.966647270826314,-0.2099990844726527,-0.3657100032727322,-0.0013115579119387,-3.000000000000025,0.0,0.6817340265795707,1.1245011165375174,1.1078518811002278
2022-12-19,130.05999755859375,22.420000076293945,4.37,0.0,0.0059379723319036,0.1834491470048724,0.2054028762298587,0.3090273582613409,0.0172228627957255,-0.8517350581844463,0.9732636115348048,-0.2000007629394531,-0.3674600671452612,0.0011875989966941,6.00000000000005,-0.9999999999999788,0.6923076864901216,0.8931186864179124,1.0915134436191904
2022-12-20,130.69000244140625,21.479999542236328,4.35,0.0,0.0048322616202188,0.1980743010808666,0.2028740725204968,0.3025367127387754,0.0141556819110555,-0.0532142776240022,0.9790770482129264,-0.9400005340576172,-0.3617022878107045,0.0045423285037118,-2.000000000000046,0.0,0.74200372672908,0.976341129351828,1.058784854829892
2022-12-21,132.16000366210938,20.06999969482422,4.33,0.0,0.011185212192493,0.2295228045057091,0.2064121975749784,0.3017179843426502,0.0091555040976821,-0.0600363377145264,0.9904041615815607,-1.4099998474121094,-0.40660743022805,0.0157711474846872,-1.9999999999999567,0.0,0.8165477366685703,1.1119633781445295,0.9723262447963557
2022-12-22,130.66000366210938,21.96999931335449,4.35,0.0,-0.0114147800419517,0.1483509933468576,0.2021024183521866,0.2999345767840378,0.0221184701411922,0.0714679575446813,0.9806960479809224,1.8999996185302697,-0.4107070055949721,0.0216880777253153,1.9999999999999567,0.9999999999999788,0.7160983708699141,0.7340386847243904,1.087072559174885
2022-12-23,131.27999877929688,20.8700008392334,4.34,0.0,0.0047338800429844,0.1351114865902853,0.198637968562675,0.2957453702811094,0.0137111751104135,-0.5297001649505351,0.9871842881709436,-1.0999984741210902,-0.4017458934596847,0.0052072608239552,-0.9999999999999788,3.000000000000025,0.7742531978642611,0.6801896312569993,1.0506551688102073
2022-12-27,131.74000549316406,21.64999961853028,4.46,0.0,0.0034978874261901,0.1329240247963423,0.1990938667311614,0.2947181424482252,0.0126764695560299,0.0607828768071398,0.9924202243764,0.7799987792968786,-0.3872189983873725,-0.0027283479225461,12.00000000000001,8.999999999999986,0.7330161460564797,0.6676450007163255,1.0874267486986176
2022-12-28,132.4600067138672,22.13999938964844,4.46,0.0,0.0054504388332734,0.1336581712578045,0.1918520697062853,0.2928288173698581,0.0181187455354566,0.4894605863744068,0.9985211006388384,0.489999771118164,-0.3182155261316569,-0.0026707137807975,0.0,11.000000000000032,0.7071107901973137,0.6966730745330381,1.1540141017787051
2022-12-29,133.22000122070312,21.440000534057617,4.45,0.0,0.005721142405266,0.1162793744957728,0.1833522008531453,0.2899305212024679,0.007206175537236,-0.2930697982432754,1.0054556405514474,-0.6999988555908239,-0.3285946137294305,0.0040047931363583,-0.9999999999999788,12.00000000000001,0.7441183982084536,0.634185867171052,1.169334234020449
2022-12-30,134.10000610351562,21.670000076293945,4.42,0.0,0.0065839296541944,0.0183829148047466,0.1795571879493248,0.2872968450854045,0.0140939545385963,0.3443829163975405,1.0135835820977166,0.2299995422363281,-0.2773496190096406,-0.0015143008065809,-3.000000000000025,7.000000000000028,0.7319587598978461,0.1023791640685233,1.2068578442211806
2023-01-03,135.1199951171875,22.89999961853028,4.53,0.0,0.0075774005603943,0.024069788292161,0.1759074129325374,0.2823268874389706,0.0210924082778707,0.1736570995951139,1.0217049519193817,1.2299995422363317,-0.2858794980456709,-0.0093201992206264,11.000000000000032,19.00000000000004,0.6669310237102724,0.1368321430626243,1.3018211817663816
2023-01-04,136.3800048828125,22.01000022888184,4.55,0.0,0.0092819065328172,0.0247466048929622,0.1767011056766998,0.2693347169137899,0.0154713687932153,0.0556637279435503,1.030779663612809,-0.8899993896484375,-0.3436002348313773,0.0082608911489812,1.9999999999999567,8.999999999999986,0.725880107230058,0.1400478214224629,1.245606253825729
2023-01-05,135.35000610351562,22.459999084472656,4.66,0.0,-0.0075810817408766,0.1076531138435582,0.1458388986539337,0.2656613862086087,0.0148504593644993,-0.3325254170006366,1.0215314899576826,0.4499988555908167,-0.2387454671336625,0.0034114781075349,11.000000000000032,20.000000000000018,0.7295334599592145,0.7381646106572168,1.5400554510335946
2023-01-06,137.94000244140625,21.1299991607666,4.67,0.0,0.0189547645475649,0.1508561172348116,0.1579953684622239,0.2630048553458884,0.0282006620327618,0.1794878334129193,1.0387085420004891,-1.329999923706055,-0.3151281678175537,0.0252098354021276,0.9999999999999788,21.99999999999997,0.8038558996363601,0.9548135410746598,1.3373809223919564
2023-01-09,137.3699951171875,21.96999931335449,4.7,0.0,-0.0041408459100465,0.1704915885192873,0.1592513887544934,0.2589719500728785,0.014559220143335,-0.1675092276965458,1.0322435811255706,0.8400001525878871,-0.3263694692088157,0.003478311196282,3.000000000000025,28.000000000000025,0.7569154001996817,1.0705814866212695,1.3795797628631092
2023-01-10,138.60000610351562,20.57999992370605,4.73,0.0,0.0089141510005678,0.1721108269399096,0.1583273437643475,0.2576766443644213,0.01017318614731,0.06463946154119,1.0393589711113331,-1.3899993896484375,-0.3448681918482129,0.0123906644500233,3.000000000000025,20.000000000000018,0.8345907022407122,1.0870568712128283,1.2998386402753692
2023-01-11,139.6300048828125,21.09000015258789,4.72,0.0,0.0074039711310435,0.1697262276025822,0.1569656376645082,0.2484608707637286,0.011816900657342,-0.0388728783770369,1.0442972553238397,0.5100002288818395,-0.3166210135433736,-0.0037760269714667,-1.0000000000000675,16.999999999999993,0.806091105683759,1.081295435917943,1.3436061845373304
2023-01-12,139.49000549316406,18.82999992370605,4.66,0.0,-0.0010031484392685,0.1442238259430161,0.1502866766494125,0.2477148405968092,0.0117571103667983,0.2343015837041731,1.0412921061612657,-2.2600002288818395,-0.441691133896601,-0.0022671157023493,-5.999999999999961,0.0,0.932383391636197,0.9596580958368004,1.2529387397149327
2023-01-13,143.00999450683594,18.350000381469727,4.67,0.0,0.0249215659893084,0.179764068493851,0.1697022665713818,0.2303355526183323,0.0607650008754518,0.6076327980951616,1.064190640357361,-0.4799995422363246,-0.4788803089623081,0.0119623402666803,0.9999999999999788,0.0,1.0,1.0592909106387036,1.081305556620316
2023-01-17,140.8000030517578,19.36000061035156,4.71,0.0,-0.0155740540754365,0.235092183655779,0.1796920981074475,0.2323292202256361,0.0164062323048714,-0.3459196939364758,1.045008754153395,1.0100002288818324,-0.5766949750841696,0.0157297981808089,4.000000000000004,0.9999999999999788,0.9411593178977956,1.3083056301964089,1.0773985508686743
2023-01-18,136.57000732421875,20.34000015258789,4.69,0.0,-0.0305031080782486,0.3373435302591709,0.1907625144097965,0.2296306431394056,0.0316320702478544,-0.0650605948597987,1.0113014857142069,0.9799995422363316,-0.5135121940716518,0.029893031953469,-1.9999999999999567,-4.000000000000004,0.8840664184349177,1.7683952809223755,1.0662472244884258
2023-01-19,134.75,20.520000457763672,4.71,0.0,-0.0134161475310029,0.3293682992664966,0.196350538745503,0.2270834449257595,0.0171428390248144,-0.0066826739555385,0.9959069007130948,0.1800003051757812,-0.5180731332012668,0.0024149106498638,1.9999999999999567,-0.9999999999999788,0.873579944835923,1.6774504484217516,1.045069730333685
2023-01-20,135.0800018310547,19.850000381469727,4.72,0.0,0.0024459992835956,0.3342741724624576,0.19583324553117,0.2227218305612754,0.0143618775178328,-0.0159800944838402,0.9965851544786716,-0.6700000762939453,-0.5159257515418606,0.001638819706624,0.9999999999999788,5.999999999999961,0.9126128681663565,1.706932709794939,1.0136174952127972
2023-01-23,137.27000427246094,19.809999465942383,4.73,0.0,0.0160826113153716,0.2841931262836706,0.2018123241334257,0.2240971435089737,0.0228746214898922,-0.2218936167491773,1.010406673852699,-0.0400009155273437,-0.4965734144884788,0.0006433191766852,1.0000000000000675,6.00000000000005,0.9149432450187928,1.408205011780053,0.9816050407726956
2023-01-24,138.4499969482422,19.200000762939453,4.72,0.0,0.0085594071865868,0.2961001334333595,0.2005632182014831,0.2016619693817631,0.0382086919663162,-0.4121239542160212,1.0168504146236326,-0.6099987030029297,-0.4843072923740436,0.0052212272822919,-1.0000000000000675,0.9999999999999788,0.9504806030705718,1.4763431504968236,0.957304182447421
2023-01-25,139.1199951171875,19.07999992370605,4.72,0.0,0.004827607373519,0.1725781379215822,0.1944555952450937,0.2017360313984091,0.0134415984964081,0.2555291957636033,1.0187569454511216,-0.1200008392334019,-0.4317771348961832,0.0005793169363116,0.0,2.999999999999936,0.9574716225093964,0.8874938142256236,0.9812008700319184
2023-01-26,139.97999572753906,18.729999542236328,4.71,0.0,0.0061626897912748,0.082939432919547,0.1946801359314796,0.2019022349003714,0.0121445706538747,-0.1803028530248735,1.0219542526611056,-0.350000381469723,-0.4386079815876433,0.0021569437778257,-0.9999999999999788,0.0,0.9778619754942768,0.4260292531783453,0.962090942284354
2023-01-27,140.32000732421875,18.51000022888184,4.73,0.0,0.0024260560809586,0.0830178302214886,0.1946848589036153,0.2010114031537137,0.0107610777367406,0.0003071273601174,1.0213899129166748,-0.2199993133544886,-0.4513663470710174,0.0005337306719703,2.000000000000046,1.0000000000000675,0.9906787148272233,0.426421606122894,0.9507673238238716
2023-01-30,139.1300048828125,19.940000534057617,4.72,0.0,-0.008516797871304,0.1055209623845125,0.1984497508244416,0.2020509984132435,0.008481223563351,-0.1070843199452022,1.0103919049436048,1.4300003051757777,-0.4976721054746976,0.0121790235550851,-1.0000000000000675,-1.0000000000000675,0.9073696313668592,0.5317263536292449,1.004788388557742
2023-01-31,139.9600067138672,19.39999961853028,4.7,0.0,0.0059479325202767,0.0977122172907025,0.1984999941353092,0.201203558445112,0.0130037670542525,0.3115033418948641,1.014055967191851,-0.5400009155273402,-0.4980003297551967,0.0032118890064442,-1.9999999999999567,-1.9999999999999567,0.938829052163843,0.4922529983758899,0.97732998446872
2023-02-01,139.58999633789062,17.8700008392334,4.66,0.0,-0.0026471871794739,0.0992984501815151,0.1985949367424108,0.2012841695053596,0.0197722604630215,-0.0384839924234822,1.009463064830718,-1.5299987792968786,-0.4540460276237407,-0.0040501931531654,-4.000000000000004,-5.999999999999961,1.0,0.500004943783189,0.8998215731155234
2023-02-02,138.94000244140625,18.729999542236328,4.66,0.0,-0.0046673254535187,0.0910083930714479,0.1987223604536244,0.1989307807505485,0.0177055323926931,0.2904801853406846,1.0034425512763376,0.8599987030029297,-0.5271148789532869,0.0040138938365186,0.0,-4.999999999999982,0.9512610489609188,0.4579675526382772,0.9425209875467092
2023-02-03,141.08999633789062,18.32999992370605,4.7,0.0,0.0153557558328332,0.1519554310586824,0.2028565380672229,0.1997206059347434,0.0297682121855314,-0.0275192834205833,1.0173222073470345,-0.399999618530277,-0.5123172883145777,0.0061422964753773,4.000000000000004,-3.000000000000025,0.9739303410832488,0.7490783018702961,0.9035942394734068
2023-02-06,141.9199981689453,19.43000030517578,4.71,0.0,0.0058655469900226,0.1268797547041812,0.2005087730016597,0.1998964777180303,0.0155722008341371,-0.3134818489224025,1.0210036745327469,1.10000038146973,-0.4585524402570921,-0.0064521039265535,0.9999999999999788,-0.9999999999999788,0.9115897066750582,0.6327890436152185,0.9690349212308506
2023-02-07,143.64999389648438,18.65999984741211,4.71,0.0,0.0121162372772519,0.1398306770138773,0.1946469444779178,0.1943968757185735,0.0219979380186156,0.2174314724494369,1.0314320190748845,-0.7700004577636719,-0.4266260269643508,0.0093295082498572,0.0,0.9999999999999788,0.9552281615703626,0.7183810533935239,0.9586587602215884
2023-02-08,142.63999938964844,19.6299991607666,4.72,0.0,-0.007055773660581,0.1577773840318624,0.1960495955916196,0.1949882793536139,0.0123387164495715,-0.4065089245487196,1.022337948582455,0.9699993133544922,-0.4370894725566426,0.0068440956059483,0.9999999999999788,5.999999999999961,0.900255114661749,0.8047830119503027,1.0012772075111442
2023-02-09,140.4199981689453,20.709999084472656,4.77,0.0,-0.0156860507266598,0.2085534239870543,0.2031814360391124,0.1979265751376557,0.0247115885625366,-0.0768822859735286,1.0058018591437043,1.079999923706055,-0.4638346218691387,0.0169409335880418,4.999999999999982,10.999999999999943,0.8390479718836029,1.026439364012113,1.019285988336355
2023-02-10,141.0399932861328,20.530000686645508,4.79,0.0,0.0044055719377785,0.1768472742314198,0.2021832806146281,0.195928887397853,0.019072621734666,0.0214655869715748,1.0097571466770905,-0.1799983978271484,-0.4867999216583984,0.0007929958903123,2.000000000000046,8.999999999999986,0.8492490722668677,0.8746879252023809,1.0154153510733046
2023-02-13,142.57000732421875,20.34000015258789,4.81,0.0,0.0107896680516202,0.1902109523505871,0.2051989916460911,0.1803076200933473,0.013957986477826,0.0804808099616546,1.0196404150450902,-0.1900005340576172,-0.5987739067434424,0.0020500426921122,1.9999999999999567,9.999999999999964,0.8600170265608662,0.9269585139026708,0.9912329485355612
2023-02-14,143.1999969482422,18.90999984741211,4.8,0.0,0.0044090746767283,0.168212355070921,0.1865771807135676,0.1804417317254163,0.0154329015515056,0.2596024968662016,1.024079744963425,-1.4300003051757812,-0.5782130670367324,0.0063049781332643,-0.9999999999999788,8.999999999999986,0.9410598404819426,0.9015698191364564,1.0135215772416806
2023-02-15,143.8000030517578,18.229999542236328,4.79,0.0,0.004181233293797,0.1598682880111301,0.1780717379171818,0.1791006234552691,0.0180111007157517,-0.3182361731050216,1.027321085781435,-0.6800003051757812,-0.5438714528027034,0.0028432399157931,-0.9999999999999788,7.000000000000028,0.979597691137759,0.8977746265692209,1.0237446860160817
2023-02-16,141.82000732421875,20.170000076293945,4.84,0.0,-0.0138647669888646,0.1474911872493834,0.1477196027726766,0.1808351907045292,0.012057584441932,0.1935709564891037,1.0113694751499198,1.9400005340576167,-0.5847203187644764,0.0268976553629817,4.999999999999982,7.000000000000028,0.8696514892248203,0.9984537223292924,1.3654247437513924
2023-02-17,142.24000549316406,20.020000457763672,4.84,0.0,0.0029571108642567,0.146347081876381,0.1369720925032938,0.1808754216250715,0.0194037851535978,-0.0268724940628215,1.0117911220469191,-0.1499996185302734,-0.612330898355937,0.0004435655015902,0.0,4.999999999999982,0.87815246025873,1.068444521812805,1.461611638683423
2023-02-21,139.6300048828125,22.8700008392334,4.86,0.0,-0.0185197084608214,0.1764217728492355,0.1552569926576183,0.1847716415787649,0.0185489955404952,0.2291940506502434,0.9916970787875776,2.8500003814697266,-0.7180651923405869,0.0527811761780492,2.000000000000046,5.000000000000071,0.7166335782315993,1.1363209465115112,1.4730415968875326
2023-02-22,138.55999755859375,22.290000915527344,4.84,0.0,-0.0076926747294786,0.1594623428168245,0.1489878932187742,0.1846390204229282,0.0143619390115352,0.1054055313007698,0.983668385645325,-0.5799999237060547,-0.6988677185918283,-0.0044617507561931,-2.000000000000046,4.000000000000004,0.7495040788329053,1.070304031903247,1.4960947788419725
2023-02-23,139.6699981689453,21.13999938964844,4.84,0.0,0.0079790570135399,0.1769418633294061,0.148602719408856,0.1847519114820265,0.0159661756767666,-0.3197149357359611,0.9911397507775984,-1.1500015258789027,-0.7032533663959735,0.0091759277406457,0.0,4.999999999999982,0.8146784423162063,1.190704073473781,1.4225849616846644
2023-02-24,140.92999267578125,21.670000076293945,4.86,0.0,0.0089807770249874,0.1856867162004057,0.1508352963700171,0.1833024517302086,0.0172426599081765,0.1233204768800676,0.9994697376282892,0.5300006866455043,-0.6700233543065733,-0.0047598179898535,2.000000000000046,2.000000000000046,0.7846415626943,1.23105612989213,1.436666390281412
2023-02-27,142.16000366210938,20.950000762939453,4.89,0.0,0.0086899483740688,0.1979431545916159,0.1522537738943484,0.1829200555294334,0.0111845547054836,0.0928279166296876,1.007451223901086,-0.7199993133544922,-0.6765120500768376,0.0062567568624155,2.999999999999936,4.999999999999982,0.8254462885144936,1.30008701609572,1.3759922153047597
2023-02-28,143.35000610351562,20.700000762939453,4.88,0.0,0.0083360253002219,0.1150862690150439,0.1544411313067009,0.1835509439066022,0.0129752391430553,0.0956396411380291,1.0148467675887378,-0.25,-0.6762892566106503,0.0020840063250554,-0.9999999999999788,1.9999999999999567,0.8396146096029137,0.7451788784588537,1.3403165716153569
2023-03-01,142.5500030517578,20.57999992370605,4.9,0.0,-0.0055963981400808,0.100227180004626,0.1524885356890581,0.1801994343129255,0.0116450622698805,-0.4340929294836735,1.008020949046703,-0.1200008392334019,-0.6425024835730616,-0.0006715724734939,2.000000000000046,6.00000000000005,0.8464154512874684,0.6572768211834685,1.3496096497162955
2023-03-02,141.07000732421875,19.59000015258789,4.91,0.0,-0.0104365637615653,0.1476425497976007,0.1565113248064301,0.1788600118964297,0.0204862780151871,0.4419568081043196,0.9971826628982328,-0.9899997711181604,-0.5528579201539479,-0.0103321957352098,0.9999999999999788,7.000000000000028,0.9025219898261264,0.9433346116020798,1.2516666239210734
2023-03-03,143.66000366210938,18.489999771118164,4.91,0.0,0.0181931491327105,0.1848911667992931,0.1676896969084318,0.1809460331437603,0.018515965434372,-0.1548877372602842,1.0141012863302048,-1.1000003814697266,-0.6355219348614218,0.0200124709861172,0.0,4.999999999999982,0.9648626242343168,1.1025791697879583,1.1026318320090212
2023-03-06,142.82000732421875,18.61000061035156,4.93,0.0,-0.0058642747343311,0.1896356439477815,0.1682827621624691,0.1789490211881943,0.0096624391069431,-0.0268253685267062,1.0068585331096265,0.1200008392333948,-0.6239654873649749,0.0007037178896149,1.9999999999999567,4.000000000000004,0.9580617825497624,1.1268869224091838,1.1058768213219885
2023-03-07,138.6199951171875,19.59000015258789,5.04,0.0,-0.0298488061384339,0.2716598439384645,0.1919427304261023,0.1883849566560353,0.0324628492173568,0.2378045368346548,0.9780601129493462,0.9799995422363316,-0.6225241139466337,0.0292518163519663,11.000000000000032,16.000000000000014,0.9025219898261264,1.4153171799494282,1.0206169365778617
2023-03-08,137.8000030517578,19.11000061035156,5.06,0.0,-0.0059329605395523,0.2715833774883624,0.1910980214528332,0.1795493986865912,0.0123366974643945,-0.1608139026588073,0.9736222452545524,-0.4799995422363317,-0.6572085573844731,-0.0028478183430913,1.9999999999999567,15.999999999999924,0.9281576040165272,1.42117315199621,1.0000103855114106
2023-03-09,130.33999633789062,22.61000061035156,5.05,0.0,-0.0556569879181958,0.4445965710521388,0.2618165426265216,0.2120346731546704,0.062375365284931,0.892865785837316,0.9250563202517952,3.5,-0.782818978139161,0.1947994577136853,-0.9999999999999788,13.999999999999968,0.7191943123945692,1.698122534932221,0.8635818189152575
2023-03-10,133.64999389648438,24.799999237060547,5.01,0.0,0.0250780041093757,0.4791273030906027,0.2810243149859264,0.2179493267378551,0.055667752725632,0.0,0.9514389805070276,2.189998626708988,-0.5731229864878107,-0.0549207945601352,-4.000000000000004,9.999999999999964,0.5894550508074536,1.7049318423375472,0.8824858887496094
2023-03-13,131.25,26.520000457763672,4.87,0.0,-0.0181204954452879,0.4731624699394012,0.2825206439228641,0.2200015132329739,0.034057152157738,0.0,0.9372672688078506,1.720001220703125,-0.5826132583688802,0.0311672742856406,-13.999999999999968,-5.999999999999961,0.4875592388277443,1.674789011413225,0.9386924824157048
2023-03-14,134.6199951171875,23.729999542236328,4.88,0.0,0.0253520568397553,0.536068380184108,0.2985062557529957,0.225568043215807,0.0314961049394862,0.0,0.96343599361054,-2.790000915527344,-0.6378705390670482,0.0707322617934186,0.9999999999999788,-16.000000000000014,0.6528436614722676,1.7958363345915511,0.7949581988617397
2023-03-15,128.25999450683594,26.13999938964844,4.75,0.0,-0.0483965474191217,0.6153533473131086,0.3342761790883324,0.2435718389508623,0.0332138025781953,0.0,0.9224177638933482,2.409999847412113,-0.6794054027824556,0.1166356718953566,-12.99999999999999,-30.99999999999996,0.5100711515651839,1.8408531202892016,0.7819880992100532
2023-03-16,130.75,22.989999771118164,4.74,0.0,0.0192276920526654,0.5210819335486638,0.3433701251337799,0.2468156181458585,0.0453537308235241,0.0,0.944351767883064,-3.149999618530277,-0.69961175636,0.0605672226311138,-0.9999999999999788,-30.99999999999996,0.6966825126517221,1.517551747827933,0.6695398955328761
2023-03-17,125.80999755859376,25.51000022888184,4.52,0.0,-0.0385142899874952,0.5286163935272152,0.3614127564163327,0.258193533457503,0.0240839268587195,0.0,0.9143294954979851,2.5200004577636754,-0.7228853138553217,0.0970560283989309,-22.000000000000064,-49.00000000000002,0.5473933785846543,1.4626390024769096,0.7058411684698633
2023-03-20,127.13999938964844,24.14999961853028,4.81,0.0,0.0105160237500998,0.5468159873376697,0.364889037877626,0.2544320051460233,0.0272140876284631,-0.0656343787403677,0.9287135402687704,-1.3600006103515625,-0.7325075672843513,0.0143017987186073,29.000000000000004,-6.00000000000005,0.6279621391277561,1.4985815702171277,0.6618450299027492
2023-03-21,130.5500030517578,21.3799991607666,4.78,0.0,0.0264674818136616,0.5509335519948964,0.3802783248726968,0.2597162129184179,0.0117961949454897,-0.2504299052835367,0.9575159391270676,-2.7700004577636754,-0.7577583620386745,0.0733149367396944,-2.999999999999936,-9.999999999999964,0.7920617004714473,1.448764012987931,0.5622197680586669
2023-03-22,127.18000030517578,22.26000022888184,4.79,0.0,-0.0261529102824788,0.4582925981020907,0.3848215689649329,0.2646940558332368,0.0281490943738345,-0.0318128259496095,0.936872534292874,0.8800010681152379,-0.7645746363365525,0.0230145889829034,0.9999999999999788,4.000000000000004,0.7399289331807604,1.190922326247916,0.5784499109224902
2023-03-23,126.83999633789062,22.61000061035156,4.73,0.0,-0.0026769874405544,0.4200938637284493,0.3846808047494377,0.2645218823460954,0.0276726761082531,-0.0337572359269648,0.9382251362249168,0.3500003814697194,-0.7675431386367885,0.0009369466253836,-5.999999999999961,-0.9999999999999788,0.7191943123945692,1.0920582949338429,0.5877600423831547
2023-03-24,124.91000366210938,21.739999771118164,4.74,0.0,-0.0153329135024638,0.329854270683213,0.3838502527280263,0.2650871487968211,0.0205748108196062,0.2910178107871723,0.9287778302706596,-0.8700008392333949,-0.7447230899485271,-0.0133396476150366,0.9999999999999788,22.000000000000064,0.7707346490348397,0.8593306070243188,0.566366691609862
2023-03-27,128.49000549316406,20.600000381469727,4.91,0.0,0.0282576157512723,0.3890831254094055,0.398429963840571,0.2705075982920186,0.02404859393869,-0.1683645234276585,0.9596240516841756,-1.1399993896484375,-0.7612453024970851,0.0322136647093706,16.999999999999993,10.000000000000052,0.8382701612579733,0.9765408245377208,0.5170293966573426
2023-03-28,128.8800048828125,19.96999931335449,4.8,0.0,0.0030306537081472,0.327335100513961,0.3965650920048785,0.2704010738279409,0.0124146369762784,-0.5552773059740639,0.9671043068517196,-0.6300010681152379,-0.7605471903844617,0.0019093150732201,-11.000000000000032,1.9999999999999567,0.8755925012720368,0.8254259063980705,0.5035743114048178
2023-03-29,129.13999938964844,19.1200008392334,4.8,0.0,0.0020153057168216,0.2519030277042703,0.3945524703043703,0.2703328446818552,0.0189716942017664,0.2992570760078707,0.974000918701494,-0.8499984741210902,-0.76425979536819,0.0017130067841859,0.0,0.9999999999999788,0.9259478636168824,0.6384525422181349,0.484599699109313
2023-03-30,128.75,19.020000457763672,4.97,0.0,-0.0030245429281971,0.2524131575942013,0.3946016930112972,0.270129322724516,0.0191844162431735,-0.1846304420852997,0.9758963063911172,-0.1000003814697265,-0.7642591136961515,-0.0003024554465912,16.999999999999993,23.99999999999993,0.9318720571264504,0.6396656731702741,0.4820050393757215
2023-03-31,130.30999755859375,18.700000762939453,4.85,0.0,0.0120436688775974,0.1956649462518364,0.398257738650704,0.2710110108982603,0.0114341973930666,0.0769399810154346,0.991571744043565,-0.3199996948242187,-0.7727773693790174,0.0038539703653951,-12.00000000000001,10.999999999999943,0.9508293859613935,0.4913023081855198,0.4695451951867903
2023-04-03,130.16000366210938,18.549999237060547,4.9,0.0,-0.0011517173752172,0.0923657586389041,0.390370510318612,0.2706478612323423,0.0155961794881834,-0.1069964884080327,0.9952991076061166,-0.1500015258789062,-0.7684383389122486,-0.0001727593636638,5.000000000000071,-0.9999999999999788,0.959715732723042,0.2366104923333405,0.4751895634206701
2023-04-04,128.4199981689453,19.0,4.88,0.0,-0.0134583629386532,0.1459583545106527,0.3915407044005564,0.271373535568511,0.0247624413730153,-0.0167417730725346,0.9871699509491764,0.4500007629394531,-0.7691907602736898,0.00605627359031,-2.000000000000046,8.000000000000007,0.9330569184272826,0.372779516587204,0.4852624461890558
2023-04-05,127.61000061035156,19.07999992370605,4.86,0.0,-0.006327385578743,0.1481267351607389,0.3811173504204885,0.2708098922897731,0.0132434354982255,-0.1859776592230546,0.9849128656860436,0.0799999237060511,-0.7673020952096961,0.0005061903635582,-1.9999999999999567,6.00000000000005,0.9283175862185468,0.3886643706913631,0.5006332013657997
2023-04-06,127.47000122070312,18.39999961853028,4.91,0.0,-0.0010976901576043,0.14823312391545,0.3811669648641728,0.2704850970929161,0.00957088890735,-0.0930744415680201,0.9875817771339775,-0.6800003051757741,-0.7690525001428314,-0.0007464296421593,4.999999999999982,-5.999999999999961,0.9686019664900972,0.3888928936123104,0.4827280775784711
2023-04-10,127.88999938964844,18.96999931335449,5.08,0.0,0.0032894623015305,0.1017192686516445,0.3313919937763167,0.2675981658498985,0.0157165886029289,0.0786807298363374,0.9917321471053356,0.5699996948242116,-0.6939654603946034,-0.0018749925080081,16.999999999999993,23.000000000000043,0.934834210378531,0.3069454620569474,0.5724338448006948
2023-04-11,128.52000427246094,19.100000381469727,5.04,0.0,0.0049140528184505,0.1191065949045679,0.3185868682730893,0.2678065179796723,0.0108932576979294,0.1040269688438772,0.9985090679261058,0.1300010681152379,-0.8664248658331053,-0.0006388321151732,-4.000000000000004,13.999999999999968,0.9271327249177144,0.3738590844945657,0.5995225253633933
2023-04-12,128.5,19.09000015258789,5.02,0.0,-0.0001556631559318,0.069266296464302,0.3130667432319068,0.2670472116471932,0.0184435417679961,0.1169511763501212,0.9993704153119196,-0.0100002288818359,-0.8631287628295723,-1.5566671877874634e-06,-2.000000000000046,13.999999999999968,0.9277251555681306,0.2212508928583081,0.6097741317239439
2023-04-13,128.99000549316406,17.799999237060547,5.1,0.0,0.0038060202277378,0.0416568468804613,0.2987790578928531,0.2666726779485622,0.0171330441194163,0.0518590762704761,1.0052773170947191,-1.2900009155273438,-0.8458407790380034,0.0049097695782974,8.000000000000007,23.99999999999993,1.0,0.1394235833469967,0.5957579277006727
2023-04-14,138.72999572753906,17.06999969482422,5.14,0.0,0.0727946427326709,0.4966631156696363,0.3520306083700814,0.3050438133557393,0.0304188088421127,0.6739641605478531,1.077000670178101,-0.7299995422363281,-0.6008487907792293,0.0531400558721068,4.000000000000004,22.99999999999996,1.0,1.410852078940551,0.4849010082918396
2023-04-17,139.8300018310547,16.950000762939453,5.21,0.0,0.0078978448519388,0.4897186074557391,0.3479124324476957,0.3012476559403179,0.0171636549027875,-0.4199608458478028,1.0819086919413958,-0.1199989318847656,-0.609610953411821,0.0009477329464242,7.000000000000028,12.99999999999999,1.0,1.4075915712766662,0.4871915798952563
2023-04-18,141.39999389648438,16.829999923706055,5.2,0.0,0.0111652981499581,0.481252194123634,0.3137517625113875,0.3005036651776153,0.0194483742482564,-0.1539669018181159,1.0878078097026642,-0.1200008392333984,-0.4725619033475809,0.001339845148286,-0.9999999999999788,16.000000000000014,1.0,1.533862918478959,0.5364113268716766
2023-04-19,141.22000122070312,16.459999084472656,5.16,0.0,-0.0012737435653975,0.4841276803252316,0.3140645698039315,0.2940341870909978,0.0077893081292111,-0.4071343663306436,1.0808480270548355,-0.3700008392333984,-0.4737626029596263,-0.0004712861881652,-4.000000000000004,14.000000000000057,1.0,1.5414909126090517,0.5240960193233043
2023-04-20,140.80999755859375,17.170000076293945,5.12,0.0,-0.0029075201412641,0.4994003511235998,0.3051245655427426,0.2927564768025247,0.0112917858494315,0.1449125325447061,1.0736950807945274,0.7100009918212891,-0.4317703876684323,0.0020643421840379,-4.000000000000004,2.000000000000046,0.9611809209250212,1.6367097491324163,0.5627210003807027
2023-04-21,140.5399932861328,16.770000457763672,5.14,0.0,-0.001919348598799,0.1026316063292584,0.2863160928737525,0.2927807358887194,0.0165789237395999,0.1121434896810568,1.0664628136428234,-0.3999996185302734,-0.328762968373801,-0.0007677387073462,1.9999999999999567,0.0,0.983050773221786,0.358455598143806,0.5857163070871533
2023-04-24,140.72999572753906,16.889999389648438,5.2,0.0,0.0013510326570801,0.0911979349246187,0.2853367299129528,0.291097937521278,0.0075322450761318,-0.4478319939020331,1.0625714259646963,0.1199989318847656,-0.3193999256261506,-0.000162122475791,6.00000000000005,-0.9999999999999788,0.9764898696745974,0.3196151261439086,0.591932184643773
2023-04-25,137.6699981689453,18.76000022888184,5.12,0.0,-0.0219836268746653,0.1497455606269634,0.2921419909634744,0.2940109646536352,0.0169245431978241,0.3397515769077597,1.034720071893239,1.870000839233402,-0.5108402458201914,0.0411094007050181,-8.000000000000007,-8.000000000000007,0.8742481667971601,0.5125780108950023,0.6421535010086017
2023-04-26,135.22999572753906,18.84000015258789,5.16,0.0,-0.0178825028832983,0.1667430643925343,0.2888309219412834,0.2959690147516353,0.0281742045327733,0.3047312987573857,1.0139352765836402,0.0799999237060511,-0.4574165535506496,0.0014305988663371,4.000000000000004,0.0,0.8698741963378074,0.5773033692924044,0.6522847355110366
2023-04-27,137.0500030517578,17.030000686645508,5.18,0.0,0.0133688441250361,0.2301515669631969,0.2913093440712606,0.2969726361755246,0.0164173655592716,-0.4665647891614506,1.0245926722144536,-1.8099994659423828,-0.46268080439827,0.0241976007265823,1.9999999999999567,5.999999999999961,0.9688353431579684,0.790058992776067,0.5846019371929105
2023-04-28,138.24000549316406,15.779999732971191,5.1,0.0,0.0086454997759023,0.2514875711961477,0.2919526404324065,0.297467822221328,0.0191696256508357,0.0894702569117104,1.030151885343607,-1.2500009536743164,-0.471697045486044,0.010806882964869,-8.000000000000007,-4.000000000000004,1.0,0.8613985159499613,0.5404986133915308
2023-05-01,141.1999969482422,16.079999923706055,5.27,0.0,0.0211859586539511,0.3077317388332359,0.297399599409651,0.3000282266907798,0.0179886213953946,0.7250580055470096,1.0475813445664257,0.3000001907348633,-0.4314178704149738,-0.0063557916370862,16.999999999999993,6.99999999999994,0.9841855463093332,1.034741605046189,0.5406866705814478
2023-05-02,138.9199981689453,17.780000686645508,5.24,0.0,-0.0162790887508938,0.2829459569078009,0.3043252957363122,0.3015970119197397,0.02864966195499,-0.369184410183134,1.0275401169406064,1.7000007629394531,-0.4767650457004264,0.0276744632964786,-2.999999999999936,12.00000000000001,0.8945703254864756,0.9297484003858956,0.5842432730945669
2023-05-03,135.97999572753906,18.34000015258789,5.26,0.0,-0.0213904300166933,0.2989676896456938,0.3157062581024897,0.3045509696329648,0.02140023351626,-0.087504904763161,1.0037364202032664,0.5599994659423828,-0.4959384281734419,0.0119786293856261,1.9999999999999567,9.999999999999964,0.8650500588518093,0.9469805617493908,0.5809197531533904
2023-05-04,134.1199951171875,20.09000015258789,5.26,0.0,-0.013772899486808,0.2908150463495044,0.315903172738778,0.3056102540407417,0.0291530256819127,0.2788268891013889,0.988027263454818,1.75,-0.5106753707399033,0.0241025741019141,0.0,8.000000000000007,0.7727991376411427,0.920582860337338,0.6359543647002374
2023-05-05,136.74000549316406,17.190000534057617,5.26,0.0,0.019346467466244,0.3283738023731225,0.3198013386691419,0.3065577622621757,0.0144069119611203,-0.4170657361231231,1.0041122505590308,-2.899999618530273,-0.5202436352313143,0.056104748272016,0.0,16.000000000000014,0.9256720726811424,1.026805590432032,0.537521218816471
2023-05-08,137.07000732421875,16.979999542236328,5.31,0.0,0.0024104450194623,0.2651686966206102,0.3194254740956648,0.3063440998045738,0.010870397705894,-0.4084932911792169,1.003167988979306,-0.210000991821289,-0.5297723474460228,0.0005061958448177,4.999999999999982,4.000000000000004,0.9367422355100954,0.8301426095440176,0.5315793798321476
2023-05-09,136.41000366210938,17.709999084472656,5.29,0.0,-0.0048267143260674,0.2490005317686657,0.3207140491792787,0.3053689203507162,0.012755591141871,-0.0190584721249916,0.9953820782444236,0.7299995422363281,-0.5391790040187291,0.0035234992485348,-1.9999999999999567,4.999999999999982,0.8982604467931432,0.7763942128692801,0.5522052784963214
2023-05-10,136.47999572753906,16.940000534057617,5.24,0.0,0.0005129690873321,0.1929022070613052,0.3207577693743455,0.3051158938828832,0.0233734066622817,0.1021498547148514,0.9931458646040888,-0.7699985504150391,-0.5321006826144857,0.0003949854536534,-4.999999999999982,-1.9999999999999567,0.9364034673798172,0.6013952754365728,0.5281244026325521
2023-05-11,136.0500030517578,16.93000030517578,5.2,0.0,-0.0031555647782975,0.1532500252708261,0.3212812424204045,0.3036401575355808,0.0140389828685468,-0.1419164982216343,0.9874335388133256,-0.0100002288818359,-0.531824950377479,-3.1556370034435656e-05,-4.000000000000004,-5.999999999999961,0.9369517255204126,0.4769964910378885,0.5269526529974773
2023-05-12,134.10000610351562,17.030000686645508,5.25,0.0,-0.0144366518581142,0.1040143813082897,0.3266731383229848,0.3047389053722961,0.0287844924285232,0.3473819006026443,0.9715648464898496,0.1000003814697265,-0.5398430049459673,0.001443670692957,4.999999999999982,-0.9999999999999788,0.9314692486840052,0.3184050633678049,0.5213162237357816
2023-05-15,135.22999572753906,17.1200008392334,5.21,0.0,0.0083911650889462,0.1318197281527358,0.2033426806418311,0.3044056901983074,0.0126450603350118,-0.268112286689143,0.9809362011506682,0.0900001525878906,-0.6929000583751705,-0.0007552061383953,-4.000000000000004,-9.999999999999964,0.9265350299881936,0.6482639440803073,0.8419285506218271
2023-05-16,134.32000732421875,17.989999771118164,5.23,0.0,-0.0067519335938196,0.1344560233743034,0.2013920263600714,0.3044420298043436,0.0147408846007563,-0.1650438377934533,0.9761932504718736,0.8699989318847656,-0.7005799227520374,0.0058741750147799,2.000000000000046,-5.999999999999961,0.878837722021411,0.6676333011015432,0.8932826237595728
2023-05-17,138.4499969482422,16.8700008392334,5.26,0.0,0.0302841602772443,0.2761467048043013,0.2263776824548936,0.3106658019231593,0.0226073650633126,0.6742187773298947,1.007236966621917,-1.1199989318847656,-0.7121982094951023,0.0339182271635407,2.999999999999936,1.9999999999999567,0.9402411697944376,1.219849509058051,0.7452148399211036
2023-05-18,139.5,16.049999237060547,5.31,0.0,0.0075553736867597,0.2718680054229536,0.2283030291342421,0.3099017879747755,0.0141218725498431,-0.1446481870462393,1.0154809291741664,-0.8200016021728516,-0.7199607996899285,0.0061954185281575,4.999999999999982,10.999999999999943,0.9851973961973388,1.1908208421671675,0.7030129778796386
2023-05-19,139.17999267578125,16.809999465942383,5.29,0.0,-0.0022965944687926,0.2271477711853022,0.2282344703557714,0.3098581153215471,0.0169564645390459,0.2042528321878713,1.0137242361304244,0.7600002288818359,-0.7181388897244979,0.0017454123219311,-1.9999999999999567,4.000000000000004,0.9435307186380107,0.9952386720166538,0.7365232534655696
2023-05-22,138.02999877929688,17.209999084472656,5.4,0.0,-0.008296962800893,0.2522393138483598,0.2297790720847401,0.3080904893948171,0.028834280683454,-0.1682791110849868,1.0062241737896993,0.3999996185302734,-0.7236470227219173,0.003318781955317,11.000000000000032,19.00000000000004,0.92160091586193,1.0977471166535857,0.7489802673642004
2023-05-23,136.58999633789062,18.530000686645508,5.34,0.0,-0.0104873327878971,0.2635050790010526,0.2319938095634193,0.3084178907135778,0.0188153754618467,-0.1809736386323255,0.9971597760972049,1.3200016021728516,-0.7308472618278564,0.013843296082544,-6.00000000000005,10.999999999999943,0.8492324098465405,1.135828061519974,0.7987282385472457
2023-05-24,135.33999633789062,20.030000686645508,5.37,0.0,-0.0091936074583469,0.1183881958540963,0.2217135907742909,0.3084730350338421,0.0093838060205812,-0.1036582048767042,0.988835245377184,1.5,-0.702279915056836,0.0137904111875204,3.000000000000025,11.000000000000032,0.7669955710090758,0.5339690518774647,0.9034178110910877
2023-05-25,135.6699981689453,19.13999938964844,5.38,0.0,0.0024353492553405,0.0867842793088942,0.2130043565968593,0.3079326828299183,0.0124567145589679,-0.0123751615956193,0.9910946172474058,-0.8900012969970668,-0.7257135032455166,0.0021674639958939,0.9999999999999788,7.000000000000028,0.8157894998265973,0.4074295976637966,0.8985731416692841
2023-05-26,136.94000244140625,17.950000762939453,5.34,0.0,0.0093174385203772,0.138263425944439,0.2102824713613113,0.3080122049005616,0.0143858710791687,0.0125966339212264,1.0004105162918635,-1.189998626708988,-0.7176130806443832,0.0110877390436943,-4.000000000000004,4.999999999999982,0.881030650014245,0.6575128447433556,0.8536137437769323
2023-05-30,137.4600067138672,17.459999084472656,5.55,0.0,0.0037901230145832,0.1370625014403833,0.2084205152915052,0.3076104482677909,0.0123672112993625,-0.1479557718149934,1.0044819513732384,-0.4900016784667969,-0.7122424656376471,0.0018571666387414,21.0,14.999999999999948,0.9078947760556858,0.6576248084248438,0.8377293885898135
2023-05-31,135.7100067138672,17.940000534057617,5.52,0.0,-0.0128127089703509,0.1479490987672067,0.1973011787387813,0.3084180851832457,0.0179795322429744,0.653175905396261,0.9935920470039796,0.4800014495849609,-0.7842385938647191,0.0061501188788786,-3.000000000000025,17.99999999999997,0.8815789081548405,0.7498642416276962,0.9092698101824036
2023-06-01,137.5800018310547,15.649999618530272,5.5,0.0,0.0136852738414452,0.1596689223704593,0.1970677446498079,0.309120915189678,0.0202064162109159,-0.149271569081209,1.0077538939118105,-2.290000915527345,-0.7800325232354507,0.0313392896261521,-1.9999999999999567,12.99999999999999,1.0,0.8102235231554161,0.794143133181969
2023-06-02,140.47000122070312,14.600000381469728,5.5,0.0,0.0207883721260664,0.2012713949920365,0.1947790754941883,0.3097981344773115,0.0152345651815445,0.053599155167703,1.0273138242314344,-1.049999237060543,-0.795008847635199,0.0218277748721004,0.0,12.00000000000001,1.0,1.0333317091755163,0.7495671875650396
2023-06-05,139.08999633789062,14.729999542236328,5.46,0.0,-0.009872772242977,0.2309875498270544,0.1913523849193747,0.3101912803266712,0.0142353568169566,-0.4175047936780792,1.0154636869855889,0.1299991607665998,-0.7702318587481051,0.0012834521060267,-4.000000000000004,12.00000000000001,0.99330591347807,1.2071318051477629,0.769783953748093
2023-06-06,139.33999633789062,13.960000038146973,5.44,0.0,0.0017957840301728,0.2310545916477385,0.1803382277285881,0.3043910379122469,0.0135639402850658,0.0917162384451884,1.0163701804336258,-0.7699995040893555,-0.7382152283382414,0.0013827528126847,-1.9999999999999567,-10.999999999999943,1.0,1.2812291357075956,0.7741009886798372
2023-06-07,140.69000244140625,13.9399995803833,5.42,0.0,0.0096419424220634,0.1867112284233311,0.1828256651315987,0.3047337157521089,0.0173431117994503,-0.0051690253666294,1.0249286402573334,-0.0200004577636718,-0.7224217085690523,0.0001928432621722,-2.000000000000046,-9.999999999999964,1.0,1.021252832795306,0.7624749824019088
2023-06-08,140.72999572753906,13.649999618530272,5.38,0.0,0.0002842249069878,0.1815895529336586,0.1815410461671388,0.2827023116787427,0.0100192120011089,-0.230852526423507,1.0236858668845534,-0.2899999618530291,-0.7173214434689766,8.242521218414452e-05,-4.000000000000004,-12.00000000000001,1.0,1.0002671944860069,0.7518960536320347
2023-06-09,141.00999450683594,13.829999923706056,5.37,0.0,0.0019876402440906,0.1107668703250116,0.1815134630634751,0.2785221134320512,0.011275770511526,-0.0162825478352318,1.02411563940233,0.1800003051757848,-0.7245785792156259,-0.0003577758505159,-0.9999999999999788,-12.99999999999999,0.9911634610819898,0.610240521312056,0.7619269496758878
2023-06-12,141.0,15.010000228881836,5.4,0.0,-7.088051512222118e-05,0.0630127624618445,0.1808180239790505,0.275851640773287,0.0110639206906582,0.0468234555423272,1.0222929632297335,1.1800003051757797,-0.7011257741783409,8.363902947523744e-05,3.000000000000025,-5.999999999999961,0.9332351225174154,0.3484871755325961,0.8301163732781909
2023-06-13,142.02000427246094,14.609999656677246,5.36,0.0,0.0072080324592948,0.0693642863112715,0.1717976184054002,0.2717341506326303,0.01922261403613,0.0137273207094943,1.0268804032306886,-0.4000005722045898,-0.7278377862152018,0.0028832171081872,-4.000000000000004,-8.000000000000007,0.9528718704665944,0.4037558084628903,0.8504192195610786
2023-06-14,141.49000549316406,13.880000114440918,5.36,0.0,-0.0037388408059116,0.0632699238851727,0.1719021269340034,0.2528620874554028,0.0205668495945458,0.1634008247145345,1.0208479029252868,-0.7299995422363281,-0.7103047028499687,-0.00272935207681,0.0,-5.999999999999961,0.9884884645033184,0.3680578304273297,0.8074362058224982
2023-06-15,143.08999633789062,14.5,5.33,0.0,0.0112446952940428,0.0942556476758218,0.1714570490817495,0.251092625724277,0.0235515773529663,0.0298091787576423,1.029290443099424,0.619999885559082,-0.6416492994320494,-0.0069717097954533,-3.000000000000025,-4.999999999999982,0.9574574414514176,0.5497332899441268,0.8456928471390228
2023-06-16,143.25999450683594,13.539999961853027,5.34,0.0,0.0011873455166917,0.0951387213286013,0.1398566010786805,0.2376140473297871,0.0102610727144274,0.3910082718935977,1.0288182019055914,-0.9600000381469728,-0.6272126957877241,0.0011398517413177,0.9999999999999788,-3.000000000000025,1.0,0.6802590696100089,0.968134493289716
2023-06-20,142.52999877929688,13.880000114440918,5.39,0.0,-0.0051086275398811,0.1112885754332365,0.1399722249916973,0.2374092359794425,0.0137515381369096,-0.4940156901722251,1.0225162402277264,0.3400001525878906,-0.6235397842417572,0.0017369341430742,4.999999999999982,-1.0000000000000675,0.9830761506288862,0.7950761334245975,0.9916253110404034
2023-06-21,142.32000732421875,13.199999809265137,5.4,0.0,-0.0014744004817943,0.1032493841505326,0.1397553266982048,0.2321341661256834,0.0163715690777524,0.1635772639798274,1.01991569403967,-0.6800003051757812,-0.6070202890712734,-0.0010025927775714,1.0000000000000675,4.000000000000004,1.0,0.7387867538923575,0.944507813843112
2023-06-22,139.5800018310547,12.90999984741211,5.4,0.0,-0.0194401681132881,0.176967147101627,0.1537848843574546,0.229269779205576,0.0261499434545884,0.0148690100973447,0.9997510274158996,-0.2899999618530273,-0.5155194945619195,-0.00563764801127,0.0,4.000000000000004,1.0,1.1507447421834252,0.8394843161181141
2023-06-23,138.85000610351562,13.4399995803833,5.41,0.0,-0.0052436689968943,0.1265344719933432,0.1500789016899595,0.2295161193819185,0.0112351277639176,-0.0155744419516514,0.993756365455966,0.5299997329711914,-0.481457398102924,0.0027791431681432,0.9999999999999788,8.000000000000007,0.9744208638153156,0.8431196561842148,0.8955289137275487
2023-06-26,139.19000244140625,14.25,5.5,0.0,0.0024456660689789,0.1312739047943836,0.1456831033573128,0.2269768121033189,0.016667806773021,-0.1627413326087767,0.9948843206779386,0.8100004196166992,-0.4003924354601264,-0.0019809905421152,8.999999999999986,16.000000000000014,0.935328181773996,0.9010921772610224,0.9781504973194748
2023-06-27,139.1999969482422,13.739999771118164,5.44,0.0,7.180219736449423e-05,0.1378889261380577,0.1456883885798679,0.2204890747091513,0.0093391025880638,-0.0332525797948513,0.9937617642796364,-0.5100002288818359,-0.3985829995564791,3.661913709011081e-05,-5.999999999999961,5.000000000000071,0.9599420909842066,0.9464647627869504,0.943108775177766
2023-06-28,138.58999633789062,13.43000030517578,5.44,0.0,-0.0043918183201128,0.1350787344329082,0.1438195846357023,0.2207478639211877,0.009019410008154,-0.0758226165396988,0.9888522394077036,-0.3099994659423846,-0.3585875208603654,-0.0013614613337509,0.0,4.000000000000004,0.9749034542891776,0.9392235054430528,0.9338088647102004
2023-06-29,143.42999267578125,13.539999961853027,5.46,0.0,0.0343271525847001,0.2612136384393568,0.1853427347194761,0.2305045369388009,0.0258662179776055,0.713186881445759,1.0213144200102025,0.1099996566772478,-0.2171555767353075,-0.0037759749990245,1.9999999999999567,5.999999999999961,0.969594590862696,1.4093546144914415,0.7305384795549917
2023-06-30,145.44000244140625,13.59000015258789,5.43,0.0,0.0139165869741563,0.2468569232848566,0.1814700682102702,0.2315910372526068,0.0160890834612942,-0.0817299022698225,1.0322214530973373,0.0500001907348632,-0.1492419364496687,-0.0006958320030861,-3.000000000000025,1.9999999999999567,0.967181454386386,1.3603175758925838,0.7488838399972989
2023-07-03,146.61000061035156,13.56999969482422,5.44,0.0,0.0080123568977544,0.2402307423386151,0.1784167339030065,0.2310154527555008,0.0100947801744607,-0.5720050638057209,1.0373593785619035,-0.0200004577636701,-0.0209205141406756,0.0001602508057209,1.0000000000000675,-5.999999999999961,0.96814672738761,1.3464585808930505,0.7605788648839039
2023-07-05,144.63999938964844,14.18000030517578,5.44,0.0,-0.0135281116892009,0.2910482035593209,0.1749414963845,0.2329912632439675,0.0073976221649947,0.1078270533793805,1.0219844542711094,0.610000610351559,0.0406206997049104,0.0082521563873166,0.0,0.0,0.93870654522478,1.663688773529366,0.810556705997865
2023-07-06,143.2100067138672,15.4399995803833,5.46,0.0,-0.0099357610521848,0.307704090155927,0.1749927347132539,0.2321663918245448,0.0136163456240754,0.0831398310645782,1.010479782999145,1.2599992752075213,-0.0553585275017653,0.012519051724388,1.9999999999999567,1.9999999999999567,0.8778957729769218,1.7583820874628662,0.8823223207342604
2023-07-07,144.33999633789062,14.829999923706056,5.46,0.0,0.0078594709008327,0.1933450096162831,0.1764247024883919,0.2318987935665444,0.019675740681345,-0.0779378814447842,1.0167447963768388,-0.6099996566772443,-0.0837605540230795,0.0047942745511727,0.0,0.0,0.907335909113002,1.0959066779721758,0.8405852306698269
2023-07-10,145.14999389648438,15.06999969482422,5.48,0.0,0.0055960461482099,0.1661556062010601,0.1746717245868233,0.2319270207667072,0.0102652811286143,0.0131184962466612,1.0209231663485827,0.239999771118164,-0.074845499121442,-0.001343049794737,2.000000000000046,5.000000000000071,0.8957529092588146,0.9512450088535642,0.8627612586107741
2023-07-11,147.4199981689453,14.84000015258789,5.49,0.0,0.0155179949195494,0.1959638894060925,0.1812005065408465,0.2334744930465015,0.0143128519641783,0.2130511459960238,1.0345712484082747,-0.2299995422363299,-0.103523456554979,0.003569131727922,0.9999999999999788,4.999999999999982,0.90685327261239,1.0814753951138545,0.818982266434373
2023-07-12,148.14999389648438,13.539999961853027,5.47,0.0,0.0049395894808818,0.1467923182386397,0.1814429257494084,0.2334756803931044,0.0193722256863056,0.0055171698699446,1.037219371671969,-1.3000001907348633,-0.115549178372714,0.0064214672672983,-2.000000000000046,2.999999999999936,0.969594590862696,0.8090275089665123,0.7462401692393992
2023-07-13,148.8699951171875,13.609999656677246,5.47,0.0,0.004848176268437,0.0715728242042989,0.1814153945494669,0.2334800657135616,0.0108819451220662,-0.007828713498267,1.0395327189271408,0.0699996948242187,-0.1025290684550004,-0.0003393708592446,0.0,0.9999999999999788,0.9662162274119122,0.3945245351533988,0.7502119481357561
2023-07-14,149.77000427246094,13.34000015258789,5.49,0.0,0.0060274034413229,0.0725746902521478,0.1810822151069278,0.2335791753810114,0.0299125031697874,0.7766758427454529,1.0431291853237386,-0.2699995040893554,-0.0972734131535899,0.0016273959401036,2.000000000000046,3.000000000000025,0.9792470907411852,0.4007830929685337,0.7366819620972005
2023-07-17,153.3800048828125,13.479999542236328,5.49,0.0,0.0238177216403353,0.133761437777806,0.1937777091393159,0.1900421701509851,0.0221671260154287,-0.3471701217716306,1.06407625791351,0.1399993896484375,-0.100719635810223,-0.0033344664924633,0.0,0.9999999999999788,0.9724903638396176,0.6902828935893686,0.6956424246168026
2023-07-18,153.66000366210938,13.300000190734863,5.49,0.0,0.0018238591005837,0.1400001668780207,0.1919830025052311,0.1896109634791506,0.0102823541234577,-0.2464560442614997,1.062309291508923,-0.1799993515014648,-0.1376760097048431,0.0003282934553351,0.0,0.0,0.9811775907168832,0.7292320937329129,0.6927696732096097
2023-07-19,154.25,13.760000228881836,5.49,0.0,0.0038322695134602,0.1418784354735902,0.1918185593034121,0.1886559914227447,0.0193841523057637,-0.075546357074619,1.06254387224689,0.4600000381469726,-0.1586900494200394,-0.0017628441223812,0.0,2.000000000000046,0.9589768179829826,0.7396491558940955,0.717344571810527
2023-07-20,156.14999389648438,13.989999771118164,5.49,0.0,0.0122423818560736,0.1410088791061731,0.1914010358035595,0.1898161681755831,0.0139608886390762,-0.2303738637505817,1.070847715725341,0.2299995422363281,-0.1241938813260536,-0.0028157422227792,0.0,2.000000000000046,0.9478764546294074,0.7367195193807345,0.730926022024066
2023-07-21,154.9499969482422,13.600000381469728,5.5,0.0,-0.0077145801029271,0.1884098799934196,0.1949792204953909,0.1905218122635483,0.0093578378625365,0.0681276200687222,1.0582536108087388,-0.3899993896484357,-0.1186719542142079,-0.0030086815315355,0.9999999999999788,0.9999999999999788,0.966698817885774,0.9663074840217316,0.6975102447797106
2023-07-24,158.0,13.90999984741211,5.51,0.0,0.0194925684883231,0.164824626211183,0.1821012605729678,0.1937368978852956,0.0256961870797072,0.3016536241979024,1.0726582126784014,0.309999465942381,-0.1581300405616776,-0.0060426858212254,0.9999999999999788,1.9999999999999567,0.951737454580803,0.9051262231385702,0.7638607115428715
2023-07-25,156.82000732421875,13.859999656677246,5.51,0.0,-0.0074963355195704,0.1907182556394696,0.1839959575530153,0.1946371149770591,0.011223022730749,-0.3688959590564462,1.058498006784438,-0.0500001907348632,-0.1066300058858441,-0.000374818205791,0.0,1.9999999999999567,0.954150591057113,1.0365350313988144,0.7532774002756949
2023-07-26,157.75999450683594,13.1899995803833,5.51,0.0,0.0059761585271764,0.1911558155292498,0.1835921022621567,0.1887418321749668,0.0124873306877413,-0.1304347554991151,1.0585246639238266,-0.6700000762939453,-0.0865195606856316,0.0040040266691529,0.0,1.9999999999999567,0.9864865001701149,1.0411984675478718,0.7184404676378126
2023-07-27,156.02000427246094,14.40999984741211,5.51,0.0,-0.0110906244903467,0.2030211976707851,0.1919858606286718,0.1862828613365146,0.0207024460908131,0.2109391410201996,1.0412539542474035,1.2200002670288086,-0.2409291716073728,0.0135305648397392,0.0,1.9999999999999567,0.9276061818712048,1.0574799467313751,0.7505760997307563
2023-07-28,156.91000366210938,13.329999923706056,5.52,0.0,0.0056881843656669,0.1937123208378406,0.188633067929343,0.1850521567439441,0.0073927960935322,-0.1688522226823875,1.0411320580644046,-1.079999923706053,-0.2495630455445049,0.0061432386809462,0.9999999999999788,1.9999999999999567,0.9797297272417972,1.0269266304378832,0.7066629446274564
2023-07-31,157.9600067138672,13.630000114440918,5.55,0.0,0.0066694630121455,0.1355704881309492,0.1579785063462458,0.1848121997735902,0.0141175670520679,-0.023461193326469,1.0433092833331985,0.3000001907348615,-0.3186482280420279,-0.0020008401757427,3.000000000000025,4.000000000000004,0.9652509544106882,0.8581578042889941,0.8627756034461848
2023-08-01,157.17999267578125,13.93000030517578,5.54,0.0,-0.0049502800816614,0.1277398365114709,0.1574700163494506,0.181208324098502,0.011769984665489,-0.2604128821250888,1.0343381327863987,0.3000001907348615,-0.3420566854975234,0.0014850849686894,-0.9999999999999788,3.000000000000025,0.9507721815795792,0.8112010112959926,0.8846128696819922
2023-08-02,155.39999389648438,16.09000015258789,5.53,0.0,-0.011389200182993,0.1394389358209024,0.1649356825671195,0.1794919462189717,0.0112612617035604,0.191365389707383,1.0198156499818154,2.159999847412111,-0.4471826821946306,0.0246006706574109,-0.9999999999999788,2.000000000000046,0.8465250908383939,0.8454140041173851,0.9755317892500412
2023-08-03,156.35000610351562,15.920000076293944,5.54,0.0,0.0060947242839814,0.1297708574522232,0.154155043365973,0.1733848453059365,0.0164374286223446,-0.3105208486358922,1.022309098388289,-0.1700000762939471,-0.4310292966651701,0.0010361035932674,0.9999999999999788,3.000000000000025,0.8547297272417974,0.8418203817317846,1.032726515375753
2023-08-04,156.02000427246094,17.100000381469727,5.54,0.0,-0.0021128913971394,0.1213750629905658,0.1476774874093684,0.1705598272176964,0.0134598515960065,0.0204018985229988,1.016098599571183,1.180000305175783,-0.3861488113729728,0.0024932124934278,0.0,2.000000000000046,0.797779908918585,0.8218927957117044,1.1579287189568563
2023-08-07,156.75999450683594,15.770000457763672,5.56,0.0,0.0047317067453306,0.1140832700066522,0.1470649820363583,0.167128115137045,0.0070170380407776,0.1551854409932556,1.0170006432305578,-1.329999923706055,-0.3555140553797124,0.0062931696102892,1.9999999999999567,0.9999999999999788,0.8619690906439769,0.7757337499857574,1.0723151248789409
2023-08-08,155.8800048828125,15.989999771118164,5.57,0.0,-0.0056294264948731,0.1154613895955267,0.1505627529331096,0.1678528288567748,0.0217474934786983,0.1732297245491483,1.007950370065782,0.2199993133544922,-0.3602377851902111,0.0012384699634516,1.0000000000000675,3.000000000000025,0.8513513637910135,0.7668655583550774,1.062015635315995
2023-08-09,153.7899932861328,15.960000038146973,5.55,0.0,-0.0134985199989236,0.127047528978693,0.1546251634088485,0.170174952822572,0.0133298858264704,-0.3174598378295296,0.9924892702957022,-0.0299997329711914,-0.3214071100860849,-0.0004049519954739,-2.000000000000046,1.9999999999999567,0.8527992272660994,0.8216484702607123,1.0321735276648802
2023-08-10,153.55999755859375,15.850000381469728,5.54,0.0,-0.0014966375618753,0.1059414472876891,0.1546984032105067,0.1702891223769466,0.0153035044339521,-0.0460771317254218,0.9893601190127872,-0.1099996566772443,-0.3132255645421844,-0.0001646296179765,-0.9999999999999788,0.0,0.858108090692581,0.6848257324513474,1.0245742717784716
2023-08-11,154.4499969482422,14.84000015258789,5.54,0.0,0.0057790453718337,0.1258671558829015,0.1549698622542346,0.1701545465410919,0.0122369661831835,-0.1460022866309008,0.9933935876867064,-1.0100002288818375,-0.3257750761082434,0.0058368371482705,0.0,0.0,0.90685327261239,0.8122040895694361,0.9576055587016168
2023-08-14,154.77000427246094,14.81999969482422,5.56,0.0,0.0020697719241761,0.1180431881444178,0.1541987036102162,0.1668386087307779,0.0129224006253766,-0.0266812893367186,0.9939297268748064,-0.0200004577636701,-0.3195309706375813,4.139638594991506e-05,1.9999999999999567,0.0,0.907818545613614,0.7655264628087121,0.9610975545090342
2023-08-15,150.8300018310547,16.459999084472656,5.56,0.0,-0.0257867846098762,0.2054770024138411,0.1596444474189688,0.1755235118521995,0.020155197958076,0.7139141280851441,0.969383050883044,1.6399993896484355,-0.5181790095954977,0.0422903110211928,0.0,-1.0000000000000675,0.828668000583251,1.2870914443681831,1.0310411261141603
2023-08-16,150.19000244140625,16.780000686645508,5.56,0.0,-0.0042522114470775,0.1961558271597255,0.1597744345537278,0.1751030608436074,0.0085226314486898,-0.3893820171635778,0.96629597158993,0.3200016021728515,-0.5170597100166477,0.0013607144758425,0.0,0.9999999999999788,0.8132239087241679,1.227704718264946,1.050230641310944
2023-08-17,148.6300048828125,17.889999389648438,5.56,0.0,-0.0104411464600047,0.1971217847182994,0.161873341839906,0.1669021731419027,0.01924241752267,0.3551734303118765,0.9579085612671864,1.1099987030029297,-0.5518489188861481,0.0115896590284689,0.0,1.9999999999999567,0.7596525459052395,1.2177532290230615,1.1051850283873044
2023-08-18,148.97000122070312,17.299999237060547,5.55,0.0,0.002284922572854,0.1845394180116594,0.1545229876818049,0.1664091246866192,0.01382827107279,-0.1558415636203365,0.9622201076183916,-0.5900001525878906,-0.5906237850961529,0.0013481046666354,-0.9999999999999788,0.9999999999999788,0.7881274550668456,1.194252200142962,1.1195744721610514
2023-08-21,149.47999572753906,17.1299991607666,5.57,0.0,0.0034176244493352,0.1890103164629687,0.1543667765825574,0.1663355023983871,0.0139149176512284,-0.0226196232993022,0.9671414133809612,-0.1700000762939453,-0.6232276129579046,0.000580996417131,2.000000000000046,1.0000000000000675,0.7963320914702491,1.2244235492077105,1.1096946856051788
2023-08-22,146.3800048828125,16.969999313354492,5.57,0.0,-0.0209565625049431,0.1594989838997067,0.1478143277376679,0.171111153630676,0.0258914685046428,0.149866265628933,0.9504871780661904,-0.1599998474121093,-0.6349893415553985,-0.0033530468030732,0.0,1.0000000000000675,0.8040540913730405,1.0790495504791389,1.148061867417334
2023-08-23,147.3699951171875,15.979999542236328,5.57,0.0,0.0067403845619736,0.1842182000317389,0.1513172011614489,0.1699027516448427,0.0144533466417616,-0.2078373917463472,0.9597197515230564,-0.989999771118164,-0.6652810034807263,0.0066729791736022,0.0,1.0000000000000675,0.8518340002916255,1.2174306596854514,1.056059682546359
2023-08-24,147.22999572753906,17.200000762939453,5.58,0.0,-0.000950437233795,0.1747099284061137,0.1480300096064075,0.1686472456459579,0.0164368555265308,-0.1845128079573895,0.9619492383883984,1.220001220703125,-0.6154063724814901,0.0011595345854316,0.9999999999999788,2.000000000000046,0.7929536359659652,1.1802331761691072,1.161926612628886
2023-08-25,147.0500030517578,15.68000030517578,5.61,0.0,-0.0012232751051583,0.17116412512797,0.1454009827386243,0.1687090917386342,0.0188370551253705,0.0244163457746052,0.9634620613506378,-1.5200004577636737,-0.5696320077020618,-0.0018593787198115,3.000000000000025,6.00000000000005,0.8663127270959846,1.1771868518637043,1.0783971339012517
2023-08-28,147.55999755859375,15.079999923706056,5.58,0.0,0.0034621704300961,0.1712629624069405,0.1439571419880792,0.1679799419989648,0.0100297895908501,-0.2733526516505441,0.9696320967447172,-0.600000381469723,-0.5566748823277304,0.0020773035787708,-3.000000000000025,0.9999999999999788,0.8952702727582026,1.1896802064959198,1.0475339893143194
2023-08-29,148.75999450683594,14.449999809265137,5.56,0.0,0.0080993759472188,0.0679992214555075,0.1452375334102182,0.1684718867025257,0.0112262267370387,0.2183224630384402,0.9803395768556544,-0.6300001144409197,-0.6010692534587226,0.0051026077736478,-2.000000000000046,-1.0000000000000675,0.9256756818955068,0.468193171963656,0.9949218683335544
2023-08-30,148.16000366210938,13.880000114440918,5.56,0.0,-0.0040414365153871,0.0755510939949386,0.1451065904290659,0.1663957165980751,0.0132288836840746,-0.0094655186161177,0.9791571853165694,-0.5699996948242188,-0.590142734165442,-0.0023036175804221,0.0,-1.0000000000000675,0.953185318055889,0.5206592875729587,0.9565382298212036
2023-08-31,146.3300018310547,13.56999969482422,5.56,0.0,-0.0124284379976075,0.1235672358461422,0.1459227566922021,0.1667509808400864,0.0163329417053367,0.5549281029219287,0.969831351643222,-0.3100004196166974,-0.5419108405247292,-0.0038528209944384,0.0,-2.000000000000046,0.96814672738761,0.8467989410780193,0.9299440335716584
2023-09-01,146.82000732421875,13.09000015258789,5.53,0.0,0.0033430389508135,0.1277556876906263,0.1440941074086597,0.1619072799751749,0.0162103580171931,-0.3245623553118777,0.9760145326345402,-0.4799995422363299,-0.5582906972625448,0.0016046571660687,-2.999999999999936,-8.000000000000007,0.9913127270959844,0.8866128531425883,0.9084341051826532
2023-09-05,145.1999969482422,14.010000228881836,5.55,0.0,-0.0110953151952562,0.1416955064354502,0.1467368541095798,0.1622499208733118,0.022038652026776,-0.0061936205913162,0.968562669006622,0.9200000762939452,-0.6241359015578881,0.0102076908261411,1.9999999999999567,-3.000000000000025,0.9469111816281834,0.9656436162222428,0.9547703822530827
2023-09-06,144.9600067138672,14.449999809265137,5.55,0.0,-0.0016541927631026,0.1046696398287682,0.143905700286639,0.1623004042681532,0.0098647393042956,0.0940397221703148,0.9705998115401848,0.4399995803833008,-0.5881802008194412,0.0007278441216382,0.0,-0.9999999999999788,0.9256756818955068,0.7273488098128267,1.004129772516506
2023-09-07,143.72000122070312,14.399999618530272,5.53,0.0,-0.0085909178710387,0.1065314495612277,0.1447622355864535,0.1622809589840521,0.0130810246788509,-0.0300559591322518,0.9660426217024092,-0.050000190734865,-0.5836079301764058,-0.0004295475321394,-1.9999999999999567,-2.999999999999936,0.9280888183718168,0.7359063579645121,0.9947345424857326
2023-09-08,143.8300018310547,13.84000015258789,5.55,0.0,0.0007650886075461,0.097862540345842,0.1411939943465109,0.1622831583719846,0.0102204074392616,-0.1638890002436558,0.9698739740396712,-0.559999465942381,-0.6033561326802457,0.0004284492116244,1.9999999999999567,-0.9999999999999788,0.9551158180315868,0.6931069610912269,0.9802116737785947
2023-09-11,144.4600067138672,13.800000190734863,5.55,0.0,0.0043706397518288,0.1025152965583574,0.1435234345211368,0.1624510450197904,0.0094143745475889,-0.0363452384708638,0.9769769953590756,-0.0399999618530273,-0.5903279165976966,0.0001748254233464,0.0,1.9999999999999567,0.9570463180072848,0.7142756644613316,0.9615154651767004
2023-09-12,146.33999633789062,14.229999542236328,5.56,0.0,0.0129299573329057,0.1257947312377877,0.1509245224562165,0.1643727141009616,0.0223452532068586,0.1989795259089803,0.9922829215882544,0.4299993515014648,-0.469664202025354,-0.005559873268091,0.9999999999999788,0.9999999999999788,0.93629345477522,0.8334943135187396,0.9428553631080384
2023-09-13,146.41000366210938,13.479999542236328,5.55,0.0,0.0004782737868709,0.1232427458662012,0.150408064715482,0.1638215530733923,0.0128405817703696,-0.0044699908451651,0.995444673393356,-0.75,-0.4771955477582923,0.0003587053401532,-0.9999999999999788,0.0,0.9724903638396176,0.8193892135992318,0.8962285079417541
2023-09-14,149.25,12.81999969482422,5.55,0.0,0.0192118220546212,0.1306865169083775,0.1437993707135155,0.1677996920613821,0.0159463291391855,0.1866978789452213,1.0152732267537248,-0.6599998474121076,-0.3191207452148936,0.0126797996245586,0.0,1.9999999999999567,1.0,0.908811466002434,0.8915198746150899
2023-09-15,148.80999755859375,13.789999961853027,5.56,0.0,-0.0029524442369501,0.1447554916694829,0.1434422500566382,0.1666224592218473,0.0095423573163233,0.6828098252763992,1.0127328247673626,0.9700002670288068,-0.3116246389643713,0.0028638716982293,0.9999999999999788,0.9999999999999788,0.9533877845739226,1.0091551939008636,0.9613624965035084
2023-09-18,149.1199951171875,14.0,5.55,0.0,0.0020810101573367,0.1480588755778943,0.1389289368837527,0.1666443646633289,0.0093213481435275,-1.1151707904777537,1.014681402318216,0.2100000381469726,-0.2299206143477369,-0.0004370122124249,-0.9999999999999788,0.0,0.9432964811482294,1.065716609505052,1.0077094314566262
2023-09-19,148.92999267578125,14.109999656677246,5.54,0.0,-0.0012749704742577,0.1425261443834758,0.1387890655462133,0.1662831797761224,0.0168535193062163,0.1986333433143068,1.0134016752307875,0.1099996566772461,-0.2267112123280927,0.0001402463144419,-0.9999999999999788,-1.9999999999999567,0.9380105777643676,1.0269263203304595,1.0166506706523626
2023-09-20,148.3000030517578,15.140000343322754,5.56,0.0,-0.0042390779966816,0.1524353640969767,0.1389388750342218,0.1665216941253708,0.0142279202085731,-0.0800930652120705,1.0095008601459194,1.0300006866455078,-0.2470769875002925,0.0043662532473259,1.9999999999999567,0.9999999999999788,0.8885151131476531,1.0971397606280504,1.0896878457950403
2023-09-21,147.13999938964844,17.540000915527344,5.57,0.0,-0.0078527593661412,0.0581986312063811,0.1207019469126042,0.1624002842041169,0.0150876799640608,0.0937218536650776,1.0013578505007266,2.40000057220459,-0.3841516766353841,0.0188466269721238,1.0000000000000675,2.000000000000046,0.7731859245929174,0.4821681231746871,1.4531663626128084
2023-09-22,145.72999572753906,17.200000762939453,5.56,0.0,-0.0096289451280612,0.0756429277478665,0.1229051875429764,0.1633020138080332,0.0159197978003595,-0.1298692800214618,0.9922894804895658,-0.3400001525878906,-0.3097327351457004,-0.0032738428128012,-1.0000000000000675,0.0,0.789524229741915,0.6154575674148526,1.3994527901375282
2023-09-25,146.4499969482422,16.899999618530273,5.58,0.0,0.0049284872075626,0.0915308601604744,0.1243324897289674,0.1634811084159806,0.0192557690883079,-0.0038253425696062,0.9974443001841228,-0.3000011444091797,-0.3280334028797017,0.0014785518024747,2.000000000000046,3.000000000000025,0.8039404298674095,0.7361781330045158,1.35925852167608
2023-09-26,144.92999267578125,18.940000534057617,5.58,0.0,-0.0104332357373454,0.0995322409755617,0.1292348741305801,0.165016008728324,0.0111088159229625,0.0584052250575754,0.9877709908223824,2.040000915527344,-0.4462632995160698,0.0212838104560973,0.0,4.000000000000004,0.7059105989734231,0.7701654963117264,1.4655487275764636
2023-09-27,145.77999877929688,18.21999931335449,5.58,0.0,0.0058478108822953,0.1287145315186272,0.1304594191708333,0.1650176295289871,0.0108382620680819,-0.1059200661272092,0.9941385196762136,-0.7200012207031286,-0.4569408269724238,0.0042104309736937,0.0,2.000000000000046,0.7405094059503043,0.9866250542636464,1.3966028232500294
2023-09-28,147.58999633789062,17.34000015258789,5.56,0.0,0.0123395068004951,0.1608061740185827,0.1347686329676049,0.1522253780562564,0.0193780112562908,0.2776998482084259,1.0068642442894926,-0.879999160766598,-0.4785183972631763,0.0108587556287094,-2.000000000000046,-1.0000000000000675,0.7827967246765803,1.1932017894493043,1.286649554184912
2023-09-29,145.02000427246094,17.520000457763672,5.55,0.0,-0.0175664409763335,0.1981791202194066,0.1469931390681118,0.1539214478236498,0.0268927994868703,0.2955725126545678,0.9903418710675788,0.1800003051757812,-0.4632645317077026,0.0031619647365923,-0.9999999999999788,-0.9999999999999788,0.77414702293236,1.348220205893943,1.1918923950352185
2023-10-02,143.77000427246094,17.610000610351562,5.62,0.0,-0.0086568632527969,0.1961339330558587,0.143851956063117,0.1539848435726161,0.0207970379461672,-0.2620303659644992,0.9826236402611058,0.0900001525878906,-0.5079511061700901,0.0007791190136842,7.000000000000028,4.000000000000004,0.7698221720602499,1.363442934135718,1.2241752627002809
2023-10-03,142.7100067138672,19.780000686645508,5.62,5.000000000000004,-0.0074001839940075,0.1906741025137946,0.1447266169105439,0.1523256841888409,0.0086888807794759,0.0280100239546494,0.976685344057038,2.1700000762939453,-0.5106381422645133,0.0160583998315856,0.0,4.000000000000004,0.6655453852706501,1.3174777838664675,1.36671478328493
2023-10-04,143.35000610351562,18.57999992370605,5.61,5.000000000000004,0.0044745887492683,0.186830563940427,0.1415343351644152,0.1513103686951815,0.0107429960191965,-0.1486117296598987,0.9816572497822564,-1.200000762939457,-0.5073544966300089,0.0053695099129623,-0.9999999999999788,3.000000000000025,0.7232100024618638,1.3200370335819414,1.312755657637586
2023-10-05,142.89999389648438,18.489999771118164,5.61,5.000000000000004,-0.0031441926830692,0.1278915480176886,0.1417666872218367,0.1505905526882824,0.0158852650064163,0.0535899157769611,0.9792333852390946,-0.090000152587887,-0.5007291939522696,-0.0002829778212419,0.0,5.000000000000071,0.7275348533339738,0.9021269419773044,1.3042556141687207
2023-10-06,145.10000610351562,17.450000762939453,5.63,5.000000000000004,0.0152781597303176,0.1573445691125557,0.1489197963042334,0.1533148971485405,0.0257753641340022,0.1802945198719611,0.9938615912984172,-1.039999008178711,-0.5653978924111437,0.0158892709663263,1.9999999999999567,8.000000000000007,0.7775107754650274,1.0565725512483986,1.1717717318985743
2023-10-09,144.77000427246094,17.700000762939453,5.63,5.000000000000004,-0.0022768962763308,0.1405741151895541,0.14921254475316,0.1500884407924042,0.0131242235298172,-0.3884021951970976,0.9912973168376256,0.25,-0.5708491483769559,0.0005692240690827,0.0,0.9999999999999788,0.7654973211881398,0.9421065462163636,1.186227390747895
2023-10-10,145.64999389648438,17.030000686645508,5.61,5.000000000000004,0.0060601358220713,0.1182822609791146,0.1499050053398583,0.1502637007778024,0.0102300415764042,0.4829278341345094,0.9969361268544522,-0.6700000762939453,-0.579567683583613,0.0040602914631394,-1.9999999999999567,-0.9999999999999788,0.7976933823164138,0.7890481089070379,1.1360528387985318
2023-10-11,146.14999389648438,16.09000015258789,5.61,5.000000000000004,0.0034270082951754,0.1182949833321599,0.14336088072092,0.1500937312950908,0.0151213927291945,-0.2606949760586441,1.0004204515462791,-0.9400005340576172,-0.6305194488638284,0.0032213896276848,0.0,0.0,0.8428639960610184,0.8251552497256502,1.1223424459780085
2023-10-12,145.80999755859375,16.690000534057617,5.63,5.000000000000004,-0.0023290622108153,0.1153555669144118,0.1435573180264458,0.1495932014012802,0.0125505922892516,0.1867723304071424,0.9982883646795192,0.6000003814697266,-0.6397667237531813,0.0013974382149559,1.9999999999999567,1.9999999999999567,0.8134939354586315,0.8035505852314768,1.162601862691738
2023-10-13,148.0,19.31999969482422,5.62,5.000000000000004,0.0149078861796718,0.1130890228253191,0.1368432761505114,0.1447058459892832,0.0356081369760874,0.8458124094766569,1.0136953307510927,2.6299991607666016,-0.3405853413887496,-0.0392077281413408,-0.9999999999999788,-0.9999999999999788,0.6614583467857701,0.8264127109974666,1.4118340512086618
2023-10-16,147.85000610351562,17.209999084472656,5.61,5.000000000000004,-0.0010139861838195,0.108983500599051,0.1365522366140336,0.1446265748364182,0.0189381328114211,-0.6569770077835024,1.0129851521310809,-2.1100006103515625,-0.2982731793031486,-0.0021395114667474,-0.9999999999999788,-1.9999999999999567,0.7713542075413782,0.7981084989995006,1.2603234858112875
2023-10-17,147.52999877929688,17.8799991607666,5.62,5.000000000000004,-0.0021667509250903,0.1156336548649948,0.1364085273110287,0.1443747833542255,0.0170813007070571,-0.0978822849272331,1.011317263162196,0.6700000762939453,-0.3018479197417822,0.0014517232851205,0.9999999999999788,0.9999999999999788,0.7272237652951615,0.847701072245546,1.3107684331198697
2023-10-18,145.91000366210938,19.21999931335449,5.61,5.000000000000004,-0.0110415182808617,0.1495003493954744,0.1412093105976633,0.143393270422852,0.0144609729106565,-0.1769661056532764,1.0011991983048067,1.340000152587887,-0.3364396508091907,0.0147956361811567,-0.9999999999999788,0.0,0.6432553273128172,1.058714533501506,1.36110000339259
2023-10-19,145.2899932861328,21.39999961853028,5.6,5.000000000000004,-0.0042583195012089,0.1517373032161527,0.1412149294024681,0.1429087556866636,0.0147291588446421,0.1469898928562643,0.9979263192674304,2.1800003051757884,-0.3378228186332824,0.0092831378121715,-1.0000000000000675,-3.000000000000025,0.5217391489249049,1.0745131825523595,1.515420480616425
2023-10-20,142.9499969482422,21.709999084472656,5.58,5.000000000000004,-0.0162368014532419,0.1029844141080809,0.1491240186642871,0.1398963052668756,0.0211262982646609,0.1793693228388686,0.9832014337276672,0.3099994659423792,-0.2857739652674449,0.0050333997791174,-1.9999999999999567,-4.000000000000004,0.4819347628963335,0.6905957539940152,1.4558351685349171
2023-10-23,141.0,20.3700008392334,5.58,5.000000000000004,-0.0137350070417241,0.0962167575631783,0.1526246256639095,0.1415141427378604,0.0209219641719304,-0.2743977662478966,0.9712941749692402,-1.3399982452392578,-0.2138093636509343,-0.0184048853342591,0.0,-3.000000000000025,0.55666466001204,0.6304143721541672,1.3346470630558405
2023-10-24,141.1699981689453,18.96999931335449,5.58,5.000000000000004,0.0012049345473747,0.1137576032436387,0.151164690966283,0.1407837220450647,0.0097045769990586,-0.1318776964347197,0.974152451740381,-1.4000015258789098,-0.2155378390034117,0.0016869102049088,0.0,-4.000000000000004,0.6388726147643118,0.7525408381843093,1.2549226404720202
2023-10-25,140.39999389648438,20.190000534057617,5.59,5.000000000000004,-0.0054693768061666,0.1137597036592988,0.1485263607489396,0.139714892625467,0.0118945743699717,-0.0746433741034883,0.9702833036453884,1.2200012207031286,-0.1746028703520086,0.0066726463800086,0.9999999999999788,-2.000000000000046,0.5287723064675219,0.7659226489201583,1.3593546918035395
2023-10-26,140.75999450683594,20.68000030517578,5.59,5.000000000000004,0.0025608253089714,0.1350596469679943,0.1469016327922199,0.1391840418178133,0.0159136514676069,0.0999910192808549,0.9743809141966634,0.489999771118164,-0.1457484865117758,-0.0012548038152696,0.0,-0.9999999999999788,0.460535293412277,0.9193883308228772,1.4077447549154145
2023-10-27,135.69000244140625,21.270000457763672,5.59,5.000000000000004,-0.0366833832779574,0.2545996007910574,0.1819714839507713,0.1546998869789562,0.0288157092767228,0.6491556257991404,0.9429839539677392,0.5900001525878906,-0.1163463087146189,0.0216432017314349,0.0,0.9999999999999788,0.4200411159966468,1.399118121496081,1.1688644833779471
2023-10-30,137.4199981689453,19.75,5.6,5.000000000000004,0.0126690261280258,0.2982354665069539,0.1837102618763152,0.1575128306475044,0.0145539224759789,-0.5704327982267339,0.9574146097977444,-1.520000457763672,-0.195461147389409,0.0192569255140192,0.9999999999999788,1.9999999999999567,0.494160589835698,1.62340123769321,1.075062427013298
2023-10-31,139.05999755859375,18.13999938964844,5.59,5.000000000000004,0.0118635608359603,0.3212415657716366,0.1888159280109707,0.1588185689750775,0.0127283496586797,-0.0187428673923161,0.9703568941881536,-1.610000610351559,-0.2536284616437325,0.0191003401868389,-0.9999999999999788,0.9999999999999788,0.611678876017612,1.7013478108317832,0.960724001451533
2023-11-01,138.94000244140625,16.8700008392334,5.57,5.000000000000004,-0.0008632742779828,0.3206854818277975,0.1876339094654149,0.158026962164256,0.0148265259996845,-0.0251786443574612,0.9707356253266232,-1.2699985504150426,-0.2272585919160582,-0.0010963570816488,-1.9999999999999567,-1.9999999999999567,0.7043794949730926,1.7091019567915946,0.8990912616646681
2023-11-02,141.4199981689453,15.65999984741211,5.54,5.000000000000004,0.0176919703920652,0.3510647878525514,0.1980350857336117,0.1627973363194684,0.0159100553608554,0.0769256998274359,0.988697532599478,-1.210000991821289,-0.25849556455128,0.0214073017216718,-3.000000000000025,-4.999999999999982,0.7927007303334965,1.7727403533169306,0.7907689584095855
2023-11-03,143.0,14.90999984741211,5.53,5.000000000000004,0.0111104570314485,0.1087678693035633,0.2018877282656337,0.1642922584300355,0.0134265606219951,-0.0656766552315004,0.9997103803213082,-0.75,-0.2719258133410752,0.0083328427735864,-0.9999999999999788,-5.999999999999961,0.8474452528322735,0.5387542384966166,0.7385292793920728
2023-11-06,144.0800018310547,14.890000343322754,5.56,5.000000000000004,0.0075240833163905,0.1084195392376153,0.1962174272933765,0.1650394007033537,0.0097168874061721,-0.2239117706694293,1.0076027983588345,-0.0199995040893554,-0.2373570742562545,0.0001504779350548,2.999999999999936,-4.000000000000004,0.8489050705677189,0.5525479603578264,0.7588520830547745
2023-11-07,144.00999450683594,14.8100004196167,5.55,5.000000000000004,-0.0004860101113309,0.125338281722513,0.1960922474552465,0.1631551831673642,0.0099992169817688,-0.1912291926653267,1.0073681731977002,-0.0799999237060546,-0.2356970169476129,-3.888077182684918e-05,-0.9999999999999788,-4.000000000000004,0.854744480732021,0.639180198855738,0.7552568044790621
2023-11-08,144.72000122070312,14.449999809265137,5.54,5.000000000000004,0.0049181460570032,0.1080256504807176,0.1956686141771242,0.1635865310504176,0.0084300802267309,0.1903238768254143,1.0126484602053587,-0.3600006103515625,-0.2300976010654885,0.0017705355823193,-0.9999999999999788,-3.000000000000025,0.8810218960826404,0.5520847118737705,0.7384934916636464
2023-11-09,144.2899932861328,15.289999961853027,5.54,5.000000000000004,-0.0029757327431773,0.091400584090067,0.1953867627453291,0.1630609636990122,0.0135144295445025,0.0479634806301957,1.0102656909134016,0.8400001525878906,-0.2268815211011057,0.0024996159583297,0.0,0.0,0.8197080197462085,0.4677931237808589,0.7825504526006355
2023-11-10,146.42999267578125,14.170000076293944,5.53,5.000000000000004,0.014722331769805,0.1106310601376385,0.2023024486499459,0.1659915639208501,0.0163900431368478,-0.0011517421371062,1.0250372941111634,-1.1199998855590838,-0.2591720527178483,0.0164890098973445,-0.9999999999999788,0.0,0.9014598316576976,0.5468597185843709,0.7004364094877076
2023-11-13,145.77999877929688,14.760000228881836,5.55,5.000000000000004,-0.0044488209681288,0.1235512641455191,0.1955738246890771,0.1582847051599331,0.0074769951091906,-0.1787879179367286,1.0212429558153526,0.5900001525878924,-0.4598059148495847,0.0026248050500322,1.9999999999999567,-0.9999999999999788,0.8583941294875248,0.6317372191393237,0.7547022334071165
2023-11-14,148.44000244140625,14.15999984741211,5.52,5.000000000000004,0.0180822250590193,0.1612949799973305,0.2061152234739907,0.1624052861963406,0.0183912401147842,0.3967648880012429,1.03967264339942,-0.6000003814697266,-0.4998232428008226,0.010849341933233,-3.000000000000025,-3.000000000000025,0.9021897753310504,0.782547631750665,0.686994371825181
2023-11-15,149.74000549316406,14.18000030517578,5.53,5.000000000000004,0.0087196408477308,0.16185691775619,0.2079884627461577,0.1620083268138591,0.0113529910904123,-0.1712366323656959,1.0480053815494188,0.0200004577636701,-0.4892964154157198,-0.0001743968084894,1.0000000000000675,-0.9999999999999788,0.900729887984345,0.7782014233824615,0.6817685999478704
2023-11-16,151.4499969482422,14.31999969482422,5.51,5.000000000000004,0.0113550238357608,0.1373337354722071,0.2065117233072405,0.163510021170408,0.0095081047898493,-0.0289987878955133,1.0580198451466694,0.139999389648441,-0.4343929901882066,-0.00158969640645,-2.000000000000046,-3.000000000000025,0.8905109550024461,0.6650166550975274,0.6934230883115268
2023-11-17,152.82000732421875,13.800000190734863,5.5,5.000000000000004,0.0090052888235351,0.1299230806553009,0.2067407274058436,0.1643281699429843,0.0086376603910131,-0.0393811946374591,1.0649230575389776,-0.5199995040893572,-0.4521211273166322,0.0046827457224197,-0.9999999999999788,-3.000000000000025,0.9284671210704096,0.6284348627653549,0.6675027394889973
2023-11-20,153.2899932861328,13.40999984741211,5.54,5.000000000000004,0.0030707022330317,0.0861444551942342,0.1953058489214612,0.1585915249903551,0.0119381689034246,-0.1070914572323147,1.0645455346216184,-0.3900003433227539,-0.423319804220204,0.0011975749251243,4.000000000000004,-0.9999999999999788,0.9569342978298272,0.4410746307391731,0.6866153738593205
2023-11-21,152.97000122070312,13.350000381469728,5.53,5.000000000000004,-0.0020896766643563,0.0866315534928136,0.186454036326061,0.15821466930714,0.0069294472781261,0.0091473780889842,1.0581347262605247,-0.059999465942381,-0.553972527093728,-0.0001253794838536,-0.9999999999999788,1.0000000000000675,0.9613138206474235,0.4646268603234576,0.7159941744636702
2023-11-22,153.3300018310547,12.850000381469728,5.54,5.000000000000004,0.0023506416750279,0.0858880150666927,0.1862890837485988,0.1582216156612079,0.0063915148674421,-0.3140254197111778,1.0563936371123483,-0.5,-0.594023240233247,0.0011753208375139,0.9999999999999788,0.9999999999999788,0.9978101689799416,0.461046956367022,0.6897881573571473
2023-11-24,153.5399932861328,12.460000038146973,5.54,5.000000000000004,0.0013686022823793,0.0638548552375334,0.1834236731142638,0.1581821744367663,0.0075550587002281,-0.3918658543931,1.053299669668384,-0.3900003433227557,-0.5801410698119338,0.0005337553600002,0.0,3.000000000000025,1.0,0.3481276661478423,0.6793016313867517
2023-11-27,153.19000244140625,12.6899995803833,5.49,5.000000000000004,-0.0022820787108806,0.0398707022458439,0.1847514289033866,0.1581895387165347,0.0053527779382556,0.582159543075073,1.0466487506877256,0.2299995422363281,-0.6029957222795594,0.0005248770588498,-4.999999999999982,-0.9999999999999788,0.9836415693191992,0.2158072740357199,0.6868688191320768
2023-11-28,153.5399932861328,12.6899995803833,5.47,5.000000000000004,0.0022820787108805,0.0369316985047099,0.1112449530692506,0.1574940915316006,0.0074898654863249,0.0504085907115517,1.0429828895847435,0.0,-0.6159603832907647,-0.0,-2.000000000000046,-7.000000000000028,0.9836415693191992,0.3319853843771211,1.1407258693779752
2023-11-29,154.32000732421875,12.979999542236328,5.45,5.000000000000004,0.005067340386116,0.0420385927794888,0.108486548848322,0.1574796682956658,0.0105624987393108,0.3266934446288258,1.0425819947112918,0.2899999618530273,-0.5779270625783899,-0.0014695285186699,-1.9999999999999567,-8.000000000000007,0.9630156836009872,0.3875005079041098,1.1964616517006192
2023-11-30,156.0800018310547,12.920000076293944,5.45,5.000000000000004,0.0113402919876558,0.08069892219854,0.108115725911232,0.1566312227230937,0.011212198740837,0.0783411496671244,1.0487300902078298,-0.0599994659423845,-0.5265356310437522,0.00068041146289,0.0,-8.999999999999986,0.967283070809502,0.7464124346239652,1.1950158006525202
2023-12-01,156.83999633789062,12.630000114440918,5.43,5.000000000000004,0.004857446028428,0.0785146472990368,0.1056628552612468,0.1567515998355175,0.0130068434950605,-0.101632174291943,1.0478353631758857,-0.2899999618530255,-0.6947078306528217,0.0014086591629472,-2.000000000000046,-11.000000000000032,0.987908956527714,0.7430676286847706,1.1953112646079636
2023-12-04,157.99000549316406,13.079999923706056,5.46,5.000000000000004,0.0073056205790211,0.0538776095748259,0.0966380825003681,0.1552708449677599,0.0137350344546902,0.0746966279332395,1.0499834248364102,0.4499998092651385,-0.5761516202887477,-0.0032875278671229,3.000000000000025,-3.000000000000025,0.9559032811482672,0.5575194393433948,1.3535036690795503
2023-12-05,157.97000122070312,12.850000381469728,5.45,5.000000000000004,-0.0001266253453765,0.0661464303301612,0.0959272407393796,0.1551811469995016,0.0096853754983471,-0.0503651743388317,1.0449001940033136,-0.2299995422363281,-0.5245766705499577,-2.9123771472122827e-05,-0.9999999999999788,-1.9999999999999567,0.9722617118290678,0.6895479304973599,1.339556968638482
2023-12-06,156.30999755859375,12.970000267028809,5.45,5.000000000000004,-0.0105639500200648,0.1338430697252357,0.1089016426891443,0.155744756083088,0.0206000976968609,0.0249072416433198,1.0299524517353449,0.1199998855590802,-0.5158941706436211,0.0012676727934596,0.0,0.0,0.963726869583142,1.2290270965635088,1.1909829775526148
2023-12-07,156.7899932861328,13.0600004196167,5.44,5.000000000000004,0.0030660882632192,0.1105135719200387,0.1077970060324245,0.1557786446713862,0.007398454695973,-0.141414492221535,1.028989000298697,0.0900001525878906,-0.521213277529752,-0.0002759484115376,-0.9999999999999788,-0.9999999999999788,0.9573257209414732,1.0252007545255664,1.2115364702882696
2023-12-08,158.52000427246094,12.350000381469728,5.44,5.000000000000004,0.0109735077228257,0.1309285245098118,0.1104212973025455,0.1568517336251945,0.0113550530106219,-0.0983353267788225,1.0358753498286666,-0.7100000381469709,-0.5520642853734469,0.0077911909018123,0.0,1.0000000000000675,1.0,1.1857180426985754,1.1184436954794787
2023-12-11,159.10000610351562,12.630000114440918,5.47,5.000000000000004,0.0036521784320812,0.1242292809161749,0.1072314913733423,0.1551863180828995,0.0072282156577995,0.093774399785621,1.0348961497339972,0.2799997329711896,-0.5066715205883388,-0.0010226089857458,2.999999999999936,0.9999999999999788,0.980239962493746,1.1585149038322362,1.1778256510923364
2023-12-12,160.52000427246094,12.06999969482422,5.46,5.000000000000004,0.0088855983085896,0.1333888838392796,0.1021093123406029,0.155908696478894,0.0110265946085296,0.2335293922282636,1.039595647573884,-0.5600004196166974,-0.4312022944541158,0.0049759387813556,-0.9999999999999788,0.9999999999999788,1.0,1.3063341705244125,1.1820664950286504
2023-12-13,161.05999755859375,12.1899995803833,5.44,5.000000000000004,0.0033583791939405,0.0584129560476959,0.0970657776837755,0.1517404744483525,0.014032003856288,0.1913694829391141,1.0382004891087742,0.1199998855590802,-0.3494053511697567,-0.0004030051189368,-1.9999999999999567,-0.9999999999999788,0.991695510088356,0.601787338870305,1.255849370526482
2023-12-14,163.99000549316406,12.479999542236328,5.43,5.000000000000004,0.0180285326432652,0.0958560144351588,0.0969729654158576,0.1551652555346376,0.0190864657550969,0.0972170028667459,1.052065797425601,0.2899999618530273,-0.0655481178871218,-0.0052282737788129,-1.0000000000000675,-1.0000000000000675,0.9716263096356608,0.9884818312412236,1.286956574826525
2023-12-15,165.22999572753906,12.279999732971191,5.44,5.000000000000004,0.0075329329529415,0.0944490419126917,0.0964456558563249,0.1556246969540187,0.0174907671995222,0.3978523396371939,1.0550283241372935,-0.1999998092651367,-0.0842983789662097,0.0015065851537953,1.0000000000000675,0.0,0.985467126155068,0.9792980417219878,1.273255868700266
2023-12-18,166.22999572753906,12.5600004196167,5.46,5.000000000000004,0.006033929040022,0.0883982864012001,0.093527947532425,0.1557569474090258,0.0090236421738143,-0.8745956271708979,1.0566649125715724,0.2800006866455078,-0.1104446726857175,-0.0016895042743764,1.9999999999999567,-0.9999999999999788,0.966089917029679,0.9451537078855876,1.3429141503679745
2023-12-19,168.4499969482422,12.529999732971191,5.43,5.000000000000004,0.0132666058906008,0.0940562603039021,0.0972432882145414,0.156953976668013,0.017334510073292,0.2000876924001717,1.065734513646819,-0.0300006866455078,-0.0514176362909338,0.0003980072861733,-3.000000000000025,-3.000000000000025,0.9681660890062544,0.9672262428682182,1.2885207774265186
2023-12-20,166.5500030517578,13.670000076293944,5.44,5.000000000000004,-0.0113433687728017,0.1771548989728774,0.1118856369674776,0.1579983996699981,0.0177724806942652,0.0369105105219211,1.049521101029514,1.140000343322752,-0.360328033632381,0.0129314442954306,1.0000000000000675,0.0,0.8892733358483057,1.5833569327971186,1.2217832821801304
2023-12-21,167.5,13.649999618530272,5.42,5.000000000000004,0.0056877683020594,0.1464586862168412,0.1098198626504032,0.1563908851695571,0.014388081564832,-0.3451095784798972,1.0509254408487565,-0.0200004577636718,-0.3763662192714475,0.0001137579696948,-2.000000000000046,-0.9999999999999788,0.890657450499356,1.3336265651967958,1.2429445174215163
2023-12-22,167.39999389648438,13.029999732971191,5.44,5.000000000000004,-0.0005972296704136,0.1463001952877576,0.1109551898731852,0.1563909542739283,0.0059737158689406,-0.1448996293379742,1.0459013295964177,-0.6199998855590803,-0.3290596051874982,-0.0003702823273089,2.000000000000046,0.0,0.9335640147086272,1.3185520700290765,1.1743479280116282
2023-12-26,168.38999938964844,12.989999771118164,5.45,5.000000000000004,0.0058965924028794,0.1461007895820366,0.1106174344846961,0.1544606626783651,0.009442434838428,-0.3394052321588219,1.047458948362687,-0.0399999618530273,-0.3607526298342013,0.000235863471178,0.9999999999999788,-0.9999999999999788,0.9363321780125088,1.3207754298645356,1.174317577661352
2023-12-27,169.39999389648438,12.43000030517578,5.44,5.000000000000004,0.005980032190168,0.1192133742111951,0.1080041663587446,0.1544729490515821,0.0111570215923582,0.3166897401571419,1.0487061062523584,-0.5599994659423846,-0.3420589850668501,0.0033488148328123,-0.9999999999999788,1.0000000000000675,0.9750864642668484,1.1037849578433694,1.1508815561696504
2023-12-28,170.3000030517578,12.470000267028809,5.45,5.000000000000004,0.0052988594007808,0.0450125139751418,0.1076265524192444,0.1532656502038064,0.0097475257331901,-0.0170217543311771,1.049094457962196,0.0399999618530291,-0.3422298419403096,-0.0002119541738957,0.9999999999999788,0.9999999999999788,0.9723183009629668,0.4182287080961378,1.1586360416390218
2023-12-29,170.10000610351562,12.449999809265137,5.4,5.000000000000004,-0.0011750703047941,0.0577264620187109,0.1096814048420162,0.1480597907356541,0.0062316138774779,0.018032350124488,1.0430342121109442,-0.0200004577636718,-0.3416662625312357,-2.3501944000379853e-05,-4.999999999999982,-1.9999999999999567,0.9737024156140172,0.5263103814348429,1.1351057936573632
2024-01-02,172.0800018310547,13.199999809265137,5.46,5.000000000000004,0.0115729603164507,0.0718154857390408,0.1098634082697083,0.1473726283210713,0.0189446447707302,0.4385551543969014,1.0502685592463443,0.75,-0.2260769655632813,-0.008679720237338,5.999999999999961,1.9999999999999567,0.9217993041675764,0.6536797544341427,1.20149192685338
2024-01-03,171.3300018310547,14.039999961853027,5.48,5.000000000000004,-0.0043679635680134,0.0998684978361817,0.1142032575409632,0.14663811200085,0.0097472605562221,-0.0126176048751927,1.0413057473962393,0.8400001525878906,-0.3047079568227324,0.0036690900636296,2.000000000000046,3.000000000000025,0.8636678087878478,0.8744802905500324,1.22938699509662
2024-01-04,171.41000366210938,14.130000114440918,5.48,5.000000000000004,0.0004668368514057,0.0987739545521992,0.1143230263238795,0.1466823956645179,0.0163935170488767,0.1949074227700334,1.037761327047596,0.0900001525878906,-0.330114694449818,-4.2015387860171474e-05,0.0,4.000000000000004,0.8574394248545598,0.8639900265793404,1.235971489628899
2024-01-05,172.27000427246094,13.350000381469728,5.47,5.000000000000004,0.0050046693756503,0.0982429955811498,0.1134342913115574,0.1462364269891853,0.0110872677467896,-0.1734489448804591,1.0386858425176946,-0.7799997329711896,-0.3391215438481597,0.0039036407766163,-1.0000000000000675,1.9999999999999567,0.9114186422793568,0.8660784533956907,1.176892827302351
2024-01-08,172.02000427246094,13.079999923706056,5.49,5.000000000000004,-0.0014522642989006,0.0988784131866745,0.1024229320701237,0.1443273022426027,0.0166840776997176,0.1094164556370349,1.0325212295625892,-0.2700004577636719,-0.3234586252456438,-0.000392112025497,2.000000000000046,8.999999999999986,0.9301037940792204,0.9653933078090132,1.2770577505778544
2024-01-09,170.66000366210938,12.760000228881836,5.47,5.000000000000004,-0.0079374793933853,0.0776570894234846,0.1111655166770432,0.1455596617694123,0.0099026552581306,-0.1236641053020639,1.0203131240541832,-0.3199996948242205,-0.2395591805943286,-0.0025399909835568,-2.000000000000046,0.9999999999999788,0.952249100510272,0.6985717490891813,1.1478379816244668
2024-01-10,171.02000427246094,12.6899995803833,5.46,5.000000000000004,0.0021072391430897,0.0770207404190742,0.1084027677705235,0.1453936112180142,0.0124547119027027,-0.0258667669145487,1.018839681086242,-0.0700006484985351,-0.1796436052938837,0.0001475081065577,-0.9999999999999788,-2.000000000000046,0.9570934357907288,0.710505294312397,1.1706342781991144
2024-01-11,170.3000030517578,12.4399995803833,5.46,5.000000000000004,-0.004218928121503,0.0809279199501643,0.1117456635323045,0.1460087635716569,0.0100998308272512,0.2091267226741174,1.0113370082277788,-0.25,-0.1468793917083017,-0.0010547320303757,0.0,-2.000000000000046,0.9743944729395424,0.7242153063663975,1.113242267051108
2024-01-12,169.0500030517578,12.699999809265137,5.45,5.000000000000004,-0.0073670583822432,0.0666077118572115,0.1155179956783034,0.1470200062747414,0.0438332063196749,0.4889770272219679,1.0014980064275163,0.2600002288818359,-0.1332050775277983,0.001915436865569,-0.9999999999999788,-1.9999999999999567,0.9564013784652036,0.5766003077364837,1.0993957897808688
2024-01-16,167.99000549316406,13.84000015258789,5.45,5.000000000000004,-0.0062900606848185,0.0648159238449936,0.1193500158093736,0.1457665841394483,0.0225608260146585,-0.1218713340374539,0.993276426825352,1.140000343322754,-0.2321138107384104,0.007170671340214,0.0,-4.000000000000004,0.8775086253072548,0.5430742795084162,1.1596144381491498
2024-01-17,167.08999633789062,14.789999961853027,5.47,5.000000000000004,-0.0053719190324091,0.0591576638626845,0.1066165729538606,0.1463933926409909,0.0154407917146481,-0.4376608518052954,0.9870933713901424,0.9499998092651368,-0.3658298563949629,0.0051033220561764,1.9999999999999567,0.0,0.811764697341407,0.5548636785416616,1.387213971720283
2024-01-18,167.4199981689453,14.130000114440918,5.45,5.000000000000004,0.0019730468059523,0.0582530394765494,0.1039593838491872,0.1461551005862901,0.0136781346982333,-0.1687956203083918,0.9884339266759627,-0.6599998474121094,-0.3468882974137812,0.0013022105908654,-1.9999999999999567,-0.9999999999999788,0.8574394248545598,0.5603442163629649,1.3591846730199135
2024-01-19,170.30999755859375,13.300000190734863,5.45,5.000000000000004,0.0171146772206546,0.1625685106729468,0.1174340226216952,0.1467845344855358,0.0204920764675799,0.3349850503741987,1.004344215404306,-0.8299999237060547,-0.463463894600114,0.0142051807873971,0.0,-0.9999999999999788,0.9148788629087634,1.384339112666258,1.1325508480263684
2024-01-22,170.11000061035156,13.1899995803833,5.46,5.000000000000004,-0.0011750013061984,0.1503462852738981,0.1090210486941985,0.1463402730136838,0.0133442419935758,-0.0214394106390567,1.0026973882946857,-0.1100006103515625,-0.4859284808495639,-0.0001292508608457,0.9999999999999788,0.9999999999999788,0.9224913614931016,1.3790574120747627,1.209858072213278
2024-01-23,168.99000549316406,12.550000190734863,5.45,5.000000000000004,-0.0066057161288885,0.1513569320873038,0.1036576612902022,0.1425458200392409,0.0077519232854675,-0.4288164589565197,0.9954139488453118,-0.6399993896484375,-0.3024930390236726,-0.0042276542906795,-0.9999999999999788,0.0,0.966781974355204,1.4601615568342972,1.210716124069172
2024-01-24,170.5,13.140000343322754,5.44,5.000000000000004,0.0088957226429868,0.1462103860020475,0.1061706945962049,0.1391131731242457,0.0126099348767412,0.1757355527460916,1.0034639812308863,0.5900001525878906,-0.2233595352723354,-0.0052484777167418,-0.9999999999999788,-2.999999999999936,0.925951516124289,1.377125642420671,1.2376296861669438
2024-01-25,172.94000244140625,13.449999809265137,5.44,5.000000000000004,0.0142094309257835,0.1604250157030225,0.1156062425151919,0.1408458107758861,0.0120273031206843,-0.1162203620517659,1.016246561581526,0.3099994659423828,-0.1744075810689234,-0.004404915998338,0.0,-0.9999999999999788,0.9044982670187628,1.3876847150528302,1.1634319667034985
2024-01-26,172.27999877929688,13.260000228881836,5.44,5.000000000000004,-0.0038236745490217,0.1406988595189591,0.1159051586331668,0.1404710080470107,0.007429758465094,-0.1757953136147089,1.0112674066746588,-0.1899995803833007,-0.1578727081583898,-0.0007264965598364,0.0,-0.9999999999999788,0.9176470262126448,1.2139136961475796,1.1440388318563943
2024-01-29,172.72999572753906,13.600000381469728,5.42,5.000000000000004,0.0026086038699498,0.1373351884254407,0.1146941063684844,0.1404700905134399,0.0089156100516668,-0.065486616996733,1.0129659778522355,0.3400001525878924,-0.1208129062464771,-0.0008869257138243,-2.000000000000046,-4.000000000000004,0.8941176051305432,1.1974040582714505,1.1857627921853464
2024-01-30,176.27000427246094,13.3100004196167,5.42,5.000000000000004,0.0202872776997413,0.1502333258981581,0.1322945906874593,0.1192528072959153,0.0222953002809635,0.4398029632329589,1.0320056337473342,-0.2899999618530291,-0.1706062327711303,0.0058833097590267,0.0,-3.000000000000025,0.9141868055832384,1.1355968911312355,1.006088030542461
2024-01-31,174.36000061035156,14.350000381469728,5.42,5.000000000000004,-0.0108948037993074,0.2028848969360625,0.1390152215551162,0.1217004899355452,0.022711669534326,0.0626505534479858,1.0196122047162628,1.0399999618530291,-0.2654881095709459,0.011330595535676,0.0,-2.000000000000046,0.8422144936841024,1.4594437549101311,1.032261087738532
2024-02-01,173.72999572753906,13.880000114440918,5.42,5.000000000000004,-0.0036197855574432,0.1879377078483373,0.1345928562561989,0.1214594234258666,0.0196281801989869,-0.2083513125062076,1.015461531329074,-0.4700002670288103,-0.3269188035530893,-0.0017013001785853,0.0,-2.000000000000046,0.8747404620033734,1.396342369691567,1.0312583075003765
2024-02-02,174.72999572753906,13.850000381469728,5.43,5.000000000000004,0.0057395555858847,0.1849977710605362,0.1345840744378156,0.1212055998152021,0.0146512498138825,-0.0832440466175257,1.020340997006041,-0.0299997329711896,-0.3026121926889448,0.0001721851349498,0.9999999999999788,-1.0000000000000675,0.8768165679817296,1.3745888719249186,1.0290965286438185
2024-02-05,174.5,13.670000076293944,5.42,5.000000000000004,-0.0013171592566767,0.1873700869656837,0.134804097750658,0.1181714772253858,0.0124355195928098,-0.0959354042605081,1.0181231138855331,-0.1800003051757848,-0.2975915616374431,-0.0002370890681669,-0.9999999999999788,0.0,0.8892733358483057,1.3899435558127835,1.014064134873616
2024-02-06,175.10000610351562,13.0600004196167,5.44,5.000000000000004,0.0034325325066372,0.1033030071076583,0.1343027772098109,0.1171114289026305,0.0120502600616939,-0.1449774324240171,1.0208212171696327,-0.6099996566772443,-0.2868795725258887,0.0020938436505822,2.000000000000046,2.000000000000046,0.931487842732052,0.7691799771666378,0.9724296616155648
2024-02-07,175.42999267578125,12.829999923706056,5.43,5.000000000000004,0.0018827870418806,0.0591959560158667,0.1341023607718526,0.1168107571043122,0.0108874678393804,0.0658837385025214,1.0217777335836284,-0.2300004959106427,-0.2962595802066734,0.0004330419533266,-1.0000000000000675,0.9999999999999788,0.947404831228034,0.4414236682721525,0.956731846468657
2024-02-08,174.8000030517578,12.789999961853027,5.44,5.000000000000004,-0.0035975805109962,0.0590815969680381,0.1312979316895012,0.1173661624268504,0.0099541773684053,-0.1758571319498596,1.016940715796973,-0.0399999618530291,-0.3335550928683821,-0.000143903083203,1.0000000000000675,2.000000000000046,0.9501729945319156,0.4499811703641815,0.9741204447987304
2024-02-09,175.00999450683594,12.93000030517578,5.44,5.000000000000004,0.0012006030803464,0.0441452274797522,0.1312514523834881,0.1173644466811743,0.008171007253614,0.0382663828311545,1.0170381900976038,0.1400003433227521,-0.3324304785538543,-0.0001680848434428,0.0,1.0000000000000675,0.9404843899692212,0.3363408684482173,0.98513197914162
2024-02-12,175.7899932861328,13.93000030517578,5.43,5.000000000000004,0.0044469788589055,0.0493370600677104,0.1302572702306892,0.1167614200662362,0.0176915679454485,0.304653350590325,1.0200213503224551,1.0,-0.3005849126229811,-0.0044469788589055,-1.0000000000000675,0.9999999999999788,0.871280241373967,0.3787662675590637,1.0694220967862575
2024-02-13,174.25999450683594,15.850000381469728,5.45,5.000000000000004,-0.0087416573389206,0.0830557188507269,0.1315186736531068,0.1167269503438014,0.0207161753939453,-0.0167330864884172,1.0096900135604818,1.9200000762939489,-0.3904717136939724,0.0167839827576632,2.000000000000046,0.9999999999999788,0.738408270791221,0.6315127467738492,1.205152085343837
2024-02-14,176.02999877929688,14.380000114440918,5.43,5.000000000000004,0.0101060228429147,0.1151247571771848,0.1316320000135289,0.1167021983353675,0.0095438728979182,-0.1739684306063787,1.017688127468335,-1.4700002670288104,-0.4016644597300087,0.014855856277684,-2.000000000000046,0.0,0.8401383877057462,0.8745955175440048,1.092439536963881
2024-02-15,179.8699951171875,14.010000228881836,5.43,5.000000000000004,0.0215799124702876,0.1778297541876708,0.1445104466766065,0.1187323415737599,0.0225719293244971,0.2120315500502257,1.0362425587051645,-0.369999885559082,-0.370819841917586,0.0079845651443814,0.0,-1.0000000000000675,0.865743914766204,1.2305667740798565,0.9694800999566618
2024-02-16,179.02999877929688,14.239999771118164,5.44,5.000000000000004,-0.0046809578487833,0.1916113506348694,0.1472149128494731,0.1191548998298328,0.010165849733783,-0.06767217540117,1.028128649422466,0.2299995422363281,-0.3912307449212944,0.0010766181624477,1.0000000000000675,0.0,0.8498269922684407,1.3015756822869673,0.9672932922005344
2024-02-20,179.72999572753906,15.420000076293944,5.44,5.000000000000004,0.0039023182476375,0.1916673844328535,0.1383173966371657,0.1179149543658645,0.0114060151365357,0.1704845680591087,1.029496545237056,1.1800003051757797,-0.301366587357623,-0.0046047367231053,0.0,1.0000000000000675,0.7681660758066107,1.3857069977656935,1.1148272344037602
2024-02-21,180.8999938964844,15.34000015258789,5.44,5.000000000000004,0.006488657669136,0.1521335733813263,0.1382550888098338,0.1174761050858617,0.0136539596685478,-0.3194886065084211,1.033157620593467,-0.0799999237060529,-0.3133048143995794,0.0005190921184855,0.0,-0.9999999999999788,0.7737024024143734,1.1003831735306466,1.1095432569348422
2024-02-22,183.07000732421875,14.539999961853027,5.45,5.000000000000004,0.0119242747091448,0.1546384658221212,0.1370500873469478,0.118922143416153,0.0119079728440739,0.2803051289051647,1.0415626373284206,-0.8000001907348633,-0.4281314780900867,0.0095394220416908,0.9999999999999788,2.000000000000046,0.8290657344902206,1.1283354050745529,1.060925990148728
2024-02-23,183.9900054931641,13.75,5.46,5.000000000000004,0.0050128047911046,0.0952405867142996,0.1358900448578793,0.118578679389095,0.0109244765847382,-0.268726633264613,1.042985016804439,-0.7899999618530273,-0.4527093197330387,0.0039601155937493,0.9999999999999788,3.000000000000025,0.8837370092405428,0.700865076716304,1.0118474840729097
2024-02-26,183.3600006103516,13.739999771118164,5.47,5.000000000000004,-0.0034300013066957,0.0877376510923702,0.1322702618186423,0.1192553067416221,0.0107984892001378,0.0055574410465007,1.0364982875187536,-0.0100002288818359,-0.4899910843948203,-3.430079813195406e-05,0.9999999999999788,2.999999999999936,0.8844290665660679,0.6633210661718396,1.038782231334605
2024-02-27,183.4499969482422,13.43000030517578,5.45,5.000000000000004,0.0004906973108442,0.0930678551221227,0.130384684601671,0.1193122156216439,0.0070863331403352,-0.2230071091995651,1.0338983420097476,-0.3099994659423846,-0.5003486978388593,0.000152115904301,-1.9999999999999567,0.9999999999999788,0.9058823156715942,0.7137943801179392,1.0300289751211824
2024-02-28,184.3800048828125,13.84000015258789,5.45,5.000000000000004,0.0050567376868552,0.0912880595073876,0.1305697726096304,0.1189376161786578,0.0121487697963707,0.0699940434895124,1.0359009268312445,0.4099998474121111,-0.4910569102080191,-0.0020732616800137,0.0,0.9999999999999788,0.8775086253072548,0.6991515546275413,1.0599696909916418
2024-02-29,186.0599975585937,13.399999618530272,5.45,5.000000000000004,0.0090703173660244,0.0763312781286256,0.1170568344579404,0.1195578709646266,0.0138664226922456,0.4527765362184321,1.0426088245319087,-0.4400005340576189,-0.5240515574897094,0.0039909444851228,0.0,0.0,0.9079584876481696,0.652087325631996,1.1447430370539375
2024-03-01,185.2899932861328,13.109999656677246,5.42,5.000000000000004,-0.0041470601588567,0.089494355468469,0.1093545768178989,0.1203434594505293,0.0072318872386236,-0.4238113661647494,1.0352745892094992,-0.2899999618530255,-0.4269066886646501,-0.0012026472878706,-3.000000000000025,-4.000000000000004,0.9280276881008644,0.8183869214500105,1.19885239723514
2024-03-04,186.67999267578125,13.489999771118164,5.48,5.000000000000004,0.0074737527875818,0.0857577972090727,0.1077678108740804,0.1194870565745566,0.0177844021624523,0.1125339391933342,1.0394594896393683,0.3800001144409179,-0.4445594075712878,-0.0028400269145842,6.00000000000005,1.0000000000000675,0.9017301037148816,0.7957644913959979,1.2517652220736244
2024-03-05,188.5500030517578,14.460000038146973,5.47,5.000000000000004,0.0099673580422389,0.0904502797282151,0.1098869721169661,0.1202719118960814,0.0155926936824242,-0.0651918481245199,1.0460388920466626,0.9700002670288086,-0.3592254911554313,-0.0096683399625435,-1.0000000000000675,1.9999999999999567,0.8346020610979834,0.8231210487075556,1.3158975772628827
2024-03-06,189.52999877929688,14.5,5.47,5.000000000000004,0.0051840770077539,0.090416876118672,0.1085020203698134,0.1200322882492945,0.0128739643176359,0.1348130968056395,1.0473171948824558,0.0399999618530273,-0.3748712993705339,-0.0002073628825533,0.0,1.9999999999999567,0.831833897794102,0.833319746586277,1.3363806453169116
2024-03-07,187.8699951171875,14.4399995803833,5.47,5.000000000000004,-0.008797108608695,0.1274720666921263,0.1171414933879751,0.1221516194294967,0.0205993251597921,0.0059771624578794,1.034667497909754,-0.0600004196166992,-0.3423419240038989,-0.0005278302079353,0.0,1.9999999999999567,0.8359861757490337,1.0881888475669002,1.232697241835368
2024-03-08,188.22000122070312,14.739999771118164,5.46,5.000000000000004,0.0018612896273258,0.1160311753351631,0.1171449143872054,0.1191370396195169,0.0134948917673393,-0.2104979093129288,1.033129735774598,0.3000001907348633,-0.3500981005665015,-0.0005583872432105,-0.9999999999999788,4.000000000000004,0.8152249179708135,0.9904926384737368,1.2582705658392683
2024-03-11,188.2899932861328,15.220000267028809,5.48,5.000000000000004,0.0003717939351257,0.1101151770865482,0.1149649765666245,0.1192480642315651,0.0117903303407607,-0.0686665766315312,1.029882559990332,0.4800004959106445,-0.3746582605519757,-0.0001784612732369,2.000000000000046,0.0,0.7820068923260176,0.9578149830938664,1.3238814743034812
2024-03-12,189.83999633789065,13.84000015258789,5.48,5.000000000000004,0.0081983009857237,0.1021967465903967,0.1157238887843309,0.1186124204303214,0.0118520861957629,-0.0094499875072719,1.0343651890332026,-1.380000114440918,-0.3951008115887185,0.0113136562985198,0.0,1.0000000000000675,0.8775086253072548,0.8831084719323239,1.1959501446050465
2024-03-13,191.3800048828125,13.75,5.48,5.000000000000004,0.0080794130278159,0.1107267272837595,0.1166313416548174,0.1190619532574854,0.0098756366466062,0.3116078698903701,1.0385551983577928,-0.0900001525878906,-0.4145474601542762,0.000727148405324,0.0,1.0000000000000675,0.8805969906457224,0.9493736907482964,1.1789283913662376
2024-03-14,187.97000122070312,14.399999618530272,5.48,5.000000000000004,-0.0179786237421775,0.1700992506647331,0.1326777528132572,0.1255483515152947,0.0240995837095199,0.2796549439739373,1.016449134945837,0.6499996185302717,-0.3411603651687736,0.0116860985741146,0.0,1.0000000000000675,0.8343994332449657,1.282048022807157,1.0853364119603488
2024-03-15,190.3000030517578,14.40999984741211,5.48,5.000000000000004,0.0123194082160239,0.1917251384278715,0.1342561268640462,0.1270657163480535,0.0234367138326013,0.5125330365014813,1.025281209044041,0.0100002288818377,-0.2873539475866148,-0.000123196901849,0.0,2.000000000000046,0.8258928527079881,1.4280550385757886,1.073321581964324
2024-03-18,192.6600036621093,14.329999923706056,5.48,5.000000000000004,0.012325205998957,0.2030007232692325,0.1220054163188941,0.1247506644435186,0.0145852668181299,-0.6469778882955919,1.0346012938163958,-0.0799999237060529,-0.252598664670094,0.0009860155395779,0.0,0.0,0.8318452277472099,1.6638664855553231,1.1745380128248344
2024-03-19,193.7899932861328,13.81999969482422,5.48,5.000000000000004,0.0058480675554692,0.2010442390077322,0.1187675072329813,0.1245228412881519,0.007998286014078,-0.061199600149212,1.0367563013773633,-0.5100002288818359,-0.2477198714832849,0.0029825157918057,0.0,0.0,0.8551324494161824,1.692754556289137,1.1636178965778992
2024-03-20,196.3300018310547,13.039999961853027,5.47,5.000000000000004,0.0130218623439784,0.2100392334190677,0.1230185213989947,0.126096240834926,0.0150257063145176,0.0996357380619095,1.045921913636123,-0.7799997329711932,-0.3322647666017803,0.0101570491510908,-1.0000000000000675,-1.0000000000000675,0.9079696221278482,1.7073789461168414,1.0600029827670798
2024-03-21,199.0599975585937,12.920000076293944,5.48,5.000000000000004,0.0138093483161713,0.0507858275523768,0.1272699528049448,0.1262866468785846,0.0155731482103232,0.1790601322439586,1.055602541648562,-0.1199998855590838,-0.3226124667073943,0.001657120217586,1.0000000000000675,0.0,0.9193548095221208,0.3990402010301028,1.0151649931146955
2024-03-22,196.6199951171875,13.0600004196167,5.46,5.000000000000004,-0.012333367448217,0.17480153902643,0.1369461853143268,0.126747207670266,0.0200386661542634,-0.323303114766324,1.0391078961728184,0.1400003433227556,-0.2915462988535353,0.001726675677076,-2.000000000000046,-2.000000000000046,0.9060720456547564,1.276425032396597,0.9536593070950192
2024-03-25,194.82000732421875,13.1899995803833,5.46,5.000000000000004,-0.009196814167417,0.1954402345557007,0.1435262094202916,0.1287696707565193,0.0132430024333231,0.0611351929709735,1.026796715383504,0.1299991607666015,-0.2997598578517247,0.0011955781234906,0.0,-2.000000000000046,0.8841778824485467,1.3617041468947868,0.9189958846999624
2024-03-26,195.72999572753903,13.239999771118164,5.46,5.000000000000004,0.0046600437484844,0.1942328516916056,0.1418824814304032,0.1287018466074078,0.0132836364393268,-0.3687629574115521,1.0284000615815505,0.0500001907348632,-0.3005750289067804,-0.000233003076257,0.0,-2.000000000000046,0.8786306897954469,1.3689699371862305,0.9331666346428188
2024-03-27,199.5200042724609,12.779999732971191,5.45,5.000000000000004,0.0191783666593312,0.2195281355801133,0.1519488316159126,0.1328099448051218,0.0161387387317109,0.3809620271655329,1.0441153648096242,-0.4600000381469726,-0.3551040373448363,0.0088220493948889,-0.9999999999999788,-1.9999999999999567,0.926348539097484,1.444750402128946,0.8410725898357498
2024-03-28,200.3000030517578,13.010000228881836,5.46,5.000000000000004,0.0039017545622841,0.1998123884083747,0.1519001646087828,0.1326658158817791,0.0108837139358754,-0.0112366559925491,1.0440552129703051,0.2300004959106445,-0.3647226426548189,-0.0008974054842469,0.9999999999999788,-2.000000000000046,0.9024895649820268,1.315419169709192,0.8564836162218088
2024-04-01,198.94000244140625,13.649999618530272,5.44,5.000000000000004,-0.0068129739113665,0.178936601354168,0.1550774867359589,0.133892299537829,0.0119131149497473,-0.1659410329387786,1.033661677297954,0.6399993896484357,-0.3926787230982914,0.0043602991449652,-1.9999999999999567,-1.9999999999999567,0.8360995825992814,1.1538528584670222,0.8802051094477239
2024-04-02,198.8600006103516,14.609999656677246,5.42,14.999999999999991,-0.0004022213751608,0.1520710251986942,0.1533791577179514,0.1338157451051937,0.0085487123756636,-0.0410985183607952,1.0297884768113956,0.9600000381469744,-0.4271042061456511,0.0003861325354979,-2.000000000000046,-4.000000000000004,0.7365145100962857,0.9914712498182922,0.9525413931104996
2024-04-03,198.3000030517578,14.329999923706056,5.42,14.999999999999991,-0.0028200117058293,0.1594440699804701,0.1540488719223177,0.1329336377945044,0.0093797306188949,0.2877319664270937,1.023954495605264,-0.2799997329711896,-0.4195825152748175,-0.0007896025246078,0.0,-4.000000000000004,0.7655601273887367,1.0350226391847452,0.9302242687588292
2024-04-04,195.6499938964844,16.350000381469727,5.41,14.999999999999991,-0.0134537334550229,0.1047073694062912,0.1616413305721164,0.1359795343970296,0.021109071059867,-0.0117868570420334,1.0085100751930527,2.02000045776367,-0.6017070135740606,0.0271765477377766,-0.9999999999999788,-4.000000000000004,0.556016498171003,0.6477759681616574,1.0114987499546195
2024-04-05,197.4499969482422,16.030000686645508,5.43,14.999999999999991,0.0091580548164792,0.1324187364515775,0.1632798575817561,0.1366627572579912,0.0152443380772749,-0.3471939547285923,1.0158137000203633,-0.3199996948242187,-0.6104403014834328,0.0029305747464568,1.9999999999999567,-3.000000000000025,0.5892114893623758,0.8109924788810761,0.981750040945442
2024-04-08,198.47999572753903,15.1899995803833,5.43,14.999999999999991,0.0052029455808364,0.1372447350859083,0.1588110077321401,0.1366796060039008,0.0068520789985226,0.2028074320740594,1.0184654199679213,-0.840001106262207,-0.6299749979613299,0.0043704800437247,0.0,-1.0000000000000675,0.6763485390974838,0.8642016510429383,0.9564827902864036
2024-04-09,197.1499938964844,14.979999542236328,5.43,14.999999999999991,-0.0067234884927479,0.1442276604202481,0.1620759396861295,0.1376626853272324,0.0201369583748891,-0.084662159832412,1.0094381204563587,-0.2100000381469726,-0.6021976023660999,-0.0014119328399577,0.0,0.9999999999999788,0.6981327767990415,0.8898770582453768,0.9242580713242234
2024-04-10,195.47000122070312,15.800000190734863,5.45,14.999999999999991,-0.0085579081550011,0.1524827923378948,0.1662483884981261,0.1378531939730118,0.0147849523220415,0.0438974481775657,0.9990872922083625,0.8200006484985352,-0.6256760101575917,0.0070174902368918,2.000000000000046,3.000000000000025,0.6130704634778329,0.9171986189785748,0.9503851636380196
2024-04-11,195.42999267578125,14.90999984741211,5.45,14.999999999999991,-0.0002046996453633,0.1201576603629721,0.1647033101557001,0.1379339391972119,0.0170393591355198,0.2774593257637449,0.9975256135965798,-0.8900003433227539,-0.5914017063845625,-0.0001821827546514,0.0,4.000000000000004,0.7053941563899351,0.7295400453663178,0.905264128165799
2024-04-12,182.7899932861328,17.309999465942383,5.45,14.999999999999991,-0.0668643053659671,0.4645867337033851,0.2861418817113342,0.1948088867884124,0.0349581466401487,0.8794396996096837,0.93495985450197,2.399999618530273,-0.761907850594389,0.1604743073716129,0.0,2.000000000000046,0.4564315245968847,1.6236236755165738,0.6049446296507222
2024-04-15,182.88999938964844,19.229999542236328,5.45,14.999999999999991,0.0005469596806597,0.4525807203848197,0.280398324798271,0.1940484673189695,0.0287605105975122,-0.5033329738864663,0.93663029936615,1.920000076293945,-0.6788080740146479,-0.0010501626285964,0.0,2.000000000000046,0.2572613795908935,1.6140635672856576,0.6858100723701224
2024-04-16,180.8000030517578,18.39999961853028,5.45,14.999999999999991,-0.0114934110419564,0.4474192234880013,0.2779429125667783,0.1951460940987924,0.0194137704998829,0.108067020017475,0.928076988853502,-0.8299999237060511,-0.6268468975975335,-0.0095395302879461,0.0,2.000000000000046,0.3433609621901742,1.609752230615,0.6620064332134934
2024-04-17,180.0800018310547,18.209999084472656,5.45,14.999999999999991,-0.0039902580707837,0.4541753029124781,0.2727204908090798,0.1949774288252023,0.0178809484005005,-0.6013121190982782,0.9272323525359374,-0.1900005340576207,-0.6240137027282581,-0.0007581511644766,0.0,0.0,0.3630705624067101,1.6653508563477435,0.6677165705609085
2024-04-18,181.25,18.0,5.46,14.999999999999991,0.0064760869683005,0.4713369623324092,0.272992014635229,0.1952588790240225,0.0187034449084053,0.0582243377245516,0.9361349992125768,-0.2099990844726562,-0.6215428460746685,0.0013599723343084,0.9999999999999788,0.9999999999999788,0.3848547011793906,1.7265595221245134,0.6593599458962759
2024-04-19,185.8000030517578,18.709999084472656,5.45,14.999999999999991,0.0247935490699151,0.217606254929753,0.2845969093753567,0.1983723161529518,0.02405813319313,0.3380792216752922,0.9621269666678278,0.7099990844726562,-0.5219567988267649,-0.0176033971404676,-0.9999999999999788,0.0,0.3112033392057515,0.7646121505934935,0.6574210213855808
2024-04-22,189.4100036621093,16.940000534057617,5.42,14.999999999999991,0.0192431541982484,0.2419979500603871,0.2891368352915107,0.2014815379484408,0.0219101899320835,-0.1505000191573372,0.9831600860424716,-1.769998550415039,-0.5650948022646883,0.0340603550363128,-3.000000000000025,-3.000000000000025,0.4948131589652516,0.8369668631684455,0.5858817855904986
2024-04-23,192.13999938964844,15.6899995803833,5.45,14.999999999999991,0.0143102728020464,0.1788153913371545,0.2922783362073679,0.2023154356864666,0.0088997161471327,-0.2317846447941274,0.998436129491097,-1.2500009536743164,-0.5920553359235637,0.0178878546498976,3.000000000000025,0.0,0.6244813158965252,0.6117983072487697,0.5368170554129417
2024-04-24,193.0800018310547,15.970000267028809,5.46,14.999999999999991,0.0048803504706969,0.1337250204173962,0.2914300194704041,0.201921222286459,0.0158483402194662,-0.2722584204407745,1.0037529333880528,0.2800006866455078,-0.5913033630552621,-0.0013665014828658,0.9999999999999788,0.9999999999999788,0.5954355996751968,0.4588580842166005,0.5479874824168766
2024-04-25,193.3699951171875,15.369999885559082,5.47,14.999999999999991,0.0015008065356712,0.1543029449309506,0.2909402257613475,0.2003851308168603,0.0142732059539659,0.3417338023908731,1.005848147986564,-0.6000003814697266,-0.5886332957960697,0.0009004844939149,0.9999999999999788,0.9999999999999788,0.657676307087898,0.5303596109034515,0.5282872055707687
2024-04-26,193.4900054931641,15.029999732971191,5.46,14.999999999999991,0.0006204331263865,0.1310479292006907,0.28202815307526,0.2000775746398357,0.0093544757207509,-0.4241807245254425,1.0079779431115348,-0.3400001525878906,-0.5811417550183757,0.000210947357642,-0.9999999999999788,0.9999999999999788,0.6929460346931702,0.4646625798585441,0.5329255100628338
2024-04-29,193.27999877929688,14.670000076293944,5.45,14.999999999999991,-0.0010859515070229,0.0974056225886557,0.2813615365783044,0.2001565370632263,0.009468138672457,-0.1742991891580341,1.0086404171705643,-0.3599996566772478,-0.5827498468380053,-0.0003909421696963,-0.9999999999999788,3.000000000000025,0.7302903997834648,0.3461938108997611,0.5213932314522743
2024-04-30,191.7400054931641,15.649999618530272,5.46,14.999999999999991,-0.0079995921328508,0.0756164027048628,0.2816631619970012,0.1975058481260118,0.0174716074243311,0.4143346736272814,1.0023973967504691,0.979999542236328,-0.583334015734667,0.0078395966282711,0.9999999999999788,0.9999999999999788,0.628630689795447,0.2684639417122923,0.5556282016991945
2024-05-01,191.8600006103516,15.390000343322754,5.46,14.999999999999991,0.0006256262731603,0.0615665746489648,0.2817478724877522,0.1959441080251196,0.019128601146978,-0.090888851137116,1.0047756743840748,-0.2599992752075177,-0.596738522429186,0.0001626623775724,0.0,0.0,0.6556015706739986,0.2185165556188582,0.5462330631792709
2024-05-02,191.6600036621093,14.68000030517578,5.46,14.999999999999991,-0.0010429545480977,0.05682614905133,0.2817266242138133,0.1957371413757312,0.0207659169962017,-0.1355192796565576,1.0053931131174951,-0.7100000381469744,-0.593270596690573,-0.0007404977689349,0.0,-0.9999999999999788,0.7292530315765151,0.2017067048948928,0.5210725236261148
2024-05-03,190.509994506836,13.489999771118164,5.45,14.999999999999991,-0.0060183302295879,0.0586984925302074,0.2789558044681308,0.1961286493059105,0.0213636669087387,0.3165461175125812,1.000645275422817,-1.1900005340576154,-0.5574652851983299,-0.0071618161873447,-0.9999999999999788,-0.9999999999999788,0.8526970781949677,0.2104221944480577,0.4835891404675654
2024-05-06,192.0,13.489999771118164,5.45,14.999999999999991,0.0077907142344315,0.0983573384640066,0.2783514588825282,0.1964666092948319,0.0123957792917887,-0.1203429620941473,1.0098480237325174,0.0,-0.550110085920796,-0.0,0.0,0.0,0.8526970781949677,0.3533566479546134,0.4846390899216125
2024-05-07,191.75,13.229999542236328,5.45,14.999999999999991,-0.001302931780416,0.0794089539660177,0.2773371944805199,0.1965072235325875,0.0066753521736471,-0.0285021120594048,1.0102359545611448,-0.2600002288818359,-0.5452158040423737,-0.0003387625611255,0.0,-0.9999999999999788,0.8796680580023966,0.2863263765062546,0.4770366112276223
2024-05-08,195.6499938964844,13.0,5.45,14.999999999999991,0.0201348772129624,0.1643193143395861,0.2865894631993317,0.200032672276053,0.0288780683503304,0.1824342685078555,1.0311711465755768,-0.2299995422363281,-0.5372552296258047,0.004631012541966,0.0,-0.9999999999999788,0.9035269331889764,0.5733613249601469,0.4536105359518435
2024-05-09,197.5,12.6899995803833,5.46,14.999999999999991,0.0094112668808486,0.1611890326415929,0.2868757287242108,0.200315848214447,0.0126075454905066,-0.1455989846896137,1.040391524463946,-0.3100004196166992,-0.5304888874298322,0.0029174966821878,0.9999999999999788,0.0,0.9356846551022768,0.561877553595873,0.4423518028805735
2024-05-10,198.7700042724609,12.550000190734863,5.47,14.999999999999991,0.0064098145558265,0.1222361780673956,0.2875875137656923,0.2005087416316384,0.0053830660684751,-0.0577315273110782,1.04620511252614,-0.1399993896484375,-0.5391414365443599,0.0008973701255753,0.9999999999999788,1.9999999999999567,0.9502074142840636,0.4250399346857101,0.4363889108537512
2024-05-13,198.72999572753903,13.600000381469728,5.45,14.999999999999991,-0.0002013008556325,0.1373454162967642,0.1495077591635266,0.2004956428593196,0.0091078994429423,-0.0659543458260237,1.0418322366053323,1.050000190734865,-0.110263597332294,0.0002113659368093,-1.9999999999999567,0.0,0.8412862257762751,0.9186507580957076,0.9096518105521528
2024-05-14,201.509994506836,13.420000076293944,5.44,14.999999999999991,0.0138918826455049,0.1217120572012306,0.152756807263632,0.2007013451002839,0.0169718538145725,0.1984061099371672,1.051518464834133,-0.1800003051757848,-0.067250393726738,0.002500543115657,-0.9999999999999788,-0.9999999999999788,0.8599584577858612,0.7967701039415976,0.8785205920894463
2024-05-15,202.1100006103516,12.449999809265137,5.45,14.999999999999991,0.0029731259737007,0.0871182826352109,0.1413255176206287,0.2000806871375003,0.0144475689482323,-0.0266663606438606,1.0490942237927567,-0.9700002670288068,-0.1344716287402902,0.0028839329884,0.9999999999999788,0.0,0.9605808984958064,0.6164370320515612,0.8809449290456985
2024-05-16,202.47000122070312,12.420000076293944,5.45,14.999999999999991,0.0017796267919053,0.0878784831043523,0.1379157414878986,0.196163250506512,0.0122980699331389,0.0151651896472985,1.045178566724594,-0.0299997329711931,-0.1379846375708416,5.338832854554214e-05,0.0,-0.9999999999999788,0.9636929041877784,0.6371896504074059,0.9005498532873228
2024-05-17,204.7899932861328,11.989999771118164,5.46,14.999999999999991,0.0113932976115835,0.0993881695519237,0.1393623859622258,0.1966123362676498,0.0109380612656906,0.0859389687320366,1.0510726470544625,-0.4300003051757795,-0.1438595008636871,0.0048991214499394,0.9999999999999788,-0.9999999999999788,1.0,0.7131635187335481,0.8603469069744584
2024-05-20,195.5800018310547,12.149999618530272,5.45,14.999999999999991,-0.0460155188177584,0.3889391711778449,0.2138299364812519,0.2188742817040413,0.0535842667359258,0.6291765020567038,1.0014092857473706,0.1599998474121076,-0.3435396972966062,0.0073624759894303,-0.9999999999999788,0.0,0.9835391091857094,1.8189182374468225,0.5682085407903374
2024-05-21,199.5200042724609,11.859999656677246,5.45,14.999999999999991,0.0199449910991169,0.4076183980550041,0.2145373829447044,0.2217955725410365,0.0165396337324772,-0.1862629361174149,1.0190708754981996,-0.2899999618530255,-0.2359737934528083,0.0057840466579028,0.0,0.9999999999999788,1.0,1.8999877432086747,0.5528173921900633
2024-05-22,198.3099975585937,12.289999961853027,5.45,14.999999999999991,-0.0060830527587449,0.4057447363470502,0.2119794310842107,0.2212972359514177,0.016388482880394,-0.4252740457537783,1.0113728983646093,0.4300003051757812,-0.1986722907555995,0.0026157145426607,0.0,0.0,0.956345144146671,1.9140759755405912,0.5797732307796747
2024-05-23,196.9199981689453,12.770000457763672,5.46,14.999999999999991,-0.0070339049951486,0.4029291158062406,0.2136007760493718,0.2217799820344894,0.0113243741025523,-0.1553184329908084,1.0033482726205296,0.4800004959106445,-0.2398502067686307,0.0033762778858597,0.9999999999999788,0.9999999999999788,0.9076141265025334,1.886365411486648,0.5978442912965825
2024-05-24,200.7100067138672,11.93000030517578,5.46,14.999999999999991,0.0190635680304574,0.4262634374295951,0.2226564469907871,0.2244680481401622,0.0159433851885829,-0.0925356350134473,1.0208411378366278,-0.8400001525878924,-0.3010994699989285,0.0160134000544539,0.0,0.0,0.9928933347649748,1.914444621705621,0.5358030484367429
2024-05-28,199.5,12.920000076293944,5.46,14.999999999999991,-0.0060468772920693,0.2252703634786579,0.2242836622884056,0.224960112633458,0.0087719298245614,-0.0625449141411944,1.0132120247909426,0.989999771118164,-0.3245053293577809,0.0059864071351283,0.0,0.9999999999999788,0.8923857379498404,1.0043993449196649,0.5760562291728659
2024-05-29,198.1100006103516,14.279999732971191,5.46,14.999999999999991,-0.0069918012628107,0.1819154707185092,0.2260533337206108,0.2254392187545129,0.010600202397889,-0.1214364843965448,1.004978625476323,1.359999656677248,-0.3512624933468645,0.0095088473169781,0.0,0.9999999999999788,0.7543146987942941,0.8047457992517225,0.6317093182363976
2024-05-30,199.3300018310547,14.470000267028809,5.46,14.999999999999991,0.0061393168536135,0.1828624568217234,0.2241204478144093,0.2250961049124329,0.0072744303100953,0.1096307967799239,1.0093169383449356,0.1900005340576172,-0.3159580874496872,-0.0011664734809355,0.0,0.9999999999999788,0.7350253033531675,0.815911527060436,0.645634988156511
2024-05-31,202.6300048828125,12.920000076293944,5.46,14.999999999999991,0.0164199280537012,0.1932463537278226,0.229644758942256,0.2269010516784316,0.0244287461331551,0.7472775968794494,1.0233690964145592,-1.550000190734865,-0.3758330196919121,0.0254508916150896,0.0,0.0,0.8923857379498404,0.8415012588047531,0.5626080967753618
2024-06-03,201.82000732421875,13.109999656677246,5.52,14.999999999999991,-0.0040054326471929,0.1592829896383975,0.2304648548798388,0.2268177009072375,0.0160043385706064,-0.8052744710177046,1.0167937758965195,0.1899995803833025,-0.3992743557569918,0.0007610305222202,5.999999999999961,5.999999999999961,0.8730964393284467,0.691137873154002,0.5688502771284852
2024-06-04,199.1600036621093,13.15999984741211,5.52,14.999999999999991,-0.0132677071654719,0.185752804729088,0.2351456784636462,0.227940590307385,0.0185780120516541,0.0608044271251917,1.001314397267495,0.0500001907348632,-0.473779639710254,0.0006633878888879,0.0,5.999999999999961,0.868020277537638,0.7899477717078506,0.559653059898639
2024-06-05,197.259994506836,12.630000114440918,5.51,14.999999999999991,-0.0095859124832387,0.1923982563909268,0.2375526889031395,0.2287169145392986,0.0147014561291237,0.198452690981988,0.990514374208133,-0.5299997329711914,-0.4356715847799252,-0.0050805310564017,-0.9999999999999788,4.999999999999982,0.9218273601528512,0.8099182428929518,0.5316715282305523
2024-06-06,196.9100036621093,12.579999923706056,5.51,14.999999999999991,-0.0017758375235559,0.1821927164758145,0.2376232914243638,0.2279699509610156,0.0136610755745156,-0.0890162678498766,0.987538495892536,-0.0500001907348615,-0.4393499523124928,-8.87922148919192e-05,0.0,4.999999999999982,0.92690352194366,0.7667292014335512,0.5294093793709741
2024-06-07,199.9499969482422,12.220000267028809,5.52,14.999999999999991,0.0153205298752599,0.1750489440781033,0.2333529077946368,0.2298193423135739,0.0195549073357648,-0.0926110522772578,1.0017558788660257,-0.3599996566772478,-0.4502385328711548,0.0055153854952071,0.9999999999999788,5.999999999999961,0.9634517125619634,0.7501468301057376,0.5236703661641563
2024-06-10,199.6100006103516,12.739999771118164,5.52,14.999999999999991,-0.0017018541497107,0.1746994552946204,0.2314948915492167,0.229878313334705,0.0120234151051845,-0.1373354250421953,0.999549324132831,0.5199995040893555,-0.4430063862183925,0.0008849633138819,0.0,0.0,0.9106598816688584,0.7546579284125525,0.550336108320109
2024-06-11,194.3600006103516,12.850000381469728,5.52,14.999999999999991,-0.0266533532024946,0.2412745507319194,0.2485739055023564,0.2358865650896834,0.0223296785566047,0.4195427061308106,0.974284426356781,0.1100006103515642,-0.4206496254537537,0.0029318851201902,0.0,0.0,0.8994923063651324,0.9706350722708188,0.5169488871126866
2024-06-12,191.52999877929688,12.039999961853027,5.51,14.999999999999991,-0.0146676647368776,0.2500572049769712,0.2529509708051928,0.2372493964891185,0.0282462470453176,0.3226001289565371,0.9617511730288238,-0.810000419616701,-0.3836862911142318,-0.011880814591668,-0.9999999999999788,0.0,0.9817258562809816,0.9885599734248496,0.4759815676345235
2024-06-13,193.6600036621093,11.9399995803833,5.51,14.999999999999991,0.0110596151522389,0.2783788098246511,0.2509253382843623,0.2354003267292503,0.0191056329560842,-0.3952906357550125,0.9742755703280538,-0.1000003814697265,-0.3806927917016393,0.0011059657341322,0.0,0.0,0.9918781798625992,1.1094089250929968,0.475838736016856
2024-06-14,193.77999877929688,12.65999984741211,5.51,14.999999999999991,0.0006194255640517,0.2320407766000139,0.2504823937629973,0.2341670345030879,0.0177521027096517,-0.2225964130084468,0.9768285814822596,0.7200002670288086,-0.3567464495325227,-0.0004459865715217,0.0,-0.9999999999999788,0.9187817018062592,0.926375595162858,0.5054247389295877
2024-06-17,194.97999572753903,12.75,5.52,14.999999999999991,0.0061734786313914,0.2479929106260429,0.2517778136962665,0.2332029281099219,0.0150784824383448,0.2384921338821925,0.9846479905966036,0.0900001525878906,-0.3510751946032497,-0.0005556140188233,0.9999999999999788,0.0,0.90964462994675,0.9849672891560272,0.5063988686223571
2024-06-18,197.0,12.300000190734863,5.5,14.999999999999991,0.0103067614491669,0.1675824047532044,0.25108789205216,0.2338123208982961,0.019441633660176,0.0335385607025288,0.9967161563243508,-0.4499998092651367,-0.3505067130139055,0.0046380406862664,-1.9999999999999567,-1.9999999999999567,0.9553298924245628,0.6674252724157306,0.4898683122553639
2024-06-20,198.6699981689453,13.279999732971191,5.5,14.999999999999991,0.0084414188254199,0.0665855918076197,0.1949829237655427,0.2329741820904554,0.0168117801815769,-0.0328855088075239,1.0044177135183785,0.979999542236328,-0.3460148103382644,-0.0082725865847366,0.0,-0.9999999999999788,0.8558375473315368,0.3414944781917705,0.6810852702639605
2024-06-21,196.3000030517578,13.199999809265137,5.49,14.999999999999991,-0.0120010307345958,0.1427250989136433,0.1865726096336544,0.2325591210647351,0.0150280025592479,0.8763016187565237,0.9932056496643292,-0.0799999237060546,-0.3100487535483729,-0.0009600815431616,-0.9999999999999788,-1.9999999999999567,0.8639593674689375,0.764984202096395,0.7074993395431441
2024-06-24,198.8800048828125,13.329999923706056,5.5,14.999999999999991,0.0130575354851391,0.1577796908631503,0.1914295613623631,0.2327286622412709,0.0107099234298516,-0.7622504088263893,1.0061213325281957,0.1300001144409197,-0.2852751190441425,-0.0016974811073844,0.9999999999999788,-0.9999999999999788,0.8507613855407279,0.8242180034278201,0.6963396786180414
2024-06-25,198.07000732421875,12.84000015258789,5.49,14.999999999999991,-0.004081111766849,0.1700907732768678,0.1903059091923968,0.2321148677266811,0.0117635267576918,-0.3548707672993251,1.001746083303605,-0.4899997711181658,-0.2524358751553772,-0.0019997438316636,-0.9999999999999788,-2.999999999999936,0.9005075580872409,0.893775574277666,0.674703176957412
2024-06-26,197.42999267578125,12.550000190734863,5.5,14.999999999999991,-0.0032364865087664,0.161101048751195,0.1778389245860949,0.2320440826057381,0.00840806221796,0.1227300987120748,0.9992985746970616,-0.2899999618530273,-0.1616739635828148,-0.0009385809640801,0.9999999999999788,0.0,0.929949180290252,0.9058818204515358,0.705694786444752
2024-06-27,199.1699981689453,12.239999771118164,5.49,14.999999999999991,0.0087746681674152,0.1621582104772961,0.1797146452593001,0.2294930506099807,0.0148617098010734,0.019768256243477,1.0081858611797223,-0.3100004196166992,-0.1495650693104991,0.002720150813896,-0.9999999999999788,-0.9999999999999788,0.96142130593748,0.9023093818721742,0.6810797057445017
2024-06-28,202.259994506836,12.4399995803833,5.48,14.999999999999991,0.0153952491093482,0.1447799869583644,0.1855034721205813,0.2314359751813447,0.0163156488746283,0.6597792753028197,1.0228040808173924,0.1999998092651367,-0.0529208483010883,-0.0030790468854589,-0.9999999999999788,-0.9999999999999788,0.941116755593978,0.7804704963379566,0.6706073712893645
2024-07-01,205.4499969482422,12.220000267028809,5.47,14.999999999999991,0.0156487091603018,0.1536545653426509,0.1916541495653862,0.2330418503051529,0.0215623886180798,-0.4053932509601436,1.0374066890238776,-0.2199993133544922,-0.0760551453271289,0.0034427052701505,-1.0000000000000675,-3.000000000000025,0.9634517125619634,0.8017283512571637,0.6376068712699454
2024-07-02,208.8300018310547,12.029999732971191,5.47,14.999999999999991,0.0163178521414423,0.1318530321646477,0.1915539222510669,0.2351650705120416,0.0195852909161947,-0.2684607266651228,1.0529041546679112,-0.1900005340576172,0.1023890868825911,0.0031004006215472,0.0,-2.000000000000046,0.98274110800309,0.6883337632305431,0.6280215822051217
2024-07-03,208.69000244140625,12.09000015258789,5.47,14.999999999999991,-0.000670623651383,0.1151094534397846,0.1907069544373454,0.2350707340800421,0.0130816567846588,-0.3387354938022822,1.0504656226645328,0.0600004196166992,0.1140051312851447,4.023770048786485e-05,0.0,-3.000000000000025,0.9766496944901728,0.6035933706738656,0.6339569623067899
2024-07-05,204.7899932861328,12.479999542236328,5.46,14.999999999999991,-0.0188648779013958,0.2445963357555432,0.1970819741995401,0.2366491563011681,0.0139166509017097,0.3752518811280997,1.0294452464900508,0.3899993896484375,0.0387227839486384,0.0073572908673366,-0.9999999999999788,-3.000000000000025,0.9370558455252777,1.2410893322384524,0.6332390160452048
2024-07-08,205.1699981689453,12.369999885559082,5.46,14.999999999999991,0.001853863789476,0.2286855996904729,0.1930429896476664,0.2360412900569082,0.0142808047079505,0.0731154530519069,1.0294063470706292,-0.1099996566772461,-0.0150855120003238,0.0002039243803687,0.0,-2.000000000000046,0.9482233240092705,1.184635609445647,0.6407899042662085
2024-07-09,207.6300048828125,12.510000228881836,5.46,14.999999999999991,0.0119187781852333,0.2167637984234408,0.1955943538226982,0.2369529704439452,0.0207580670290229,0.0396204000337463,1.0390876794578885,0.1400003433227539,-0.00256884352052,-0.0016686330379204,0.0,-0.9999999999999788,0.9340100903589524,1.108231368579955,0.6395890261853806
2024-07-10,207.8000030517578,12.850000381469728,5.46,14.999999999999991,0.0008184203123862,0.1770573029786201,0.1900117704660921,0.2364702223922982,0.0115014405897441,-0.0840643319451994,1.0379966191303371,0.3400001525878924,0.0419580770335877,-0.0002782630310923,0.0,-0.9999999999999788,0.8994923063651324,0.931822815735598,0.6762739145027243
2024-07-11,207.4499969482422,12.920000076293944,5.44,14.999999999999991,-0.0016857612830952,0.1770890104789733,0.1900080056029796,0.235759075368462,0.0131115992321837,0.2466367985189301,1.0343194145696883,0.0699996948242152,0.0600527179749585,0.0001180027753631,-1.9999999999999567,-2.999999999999936,0.8923857379498404,0.9320081536406394,0.6799713535907633
2024-07-12,204.94000244140625,12.460000038146973,5.43,14.999999999999991,-0.0121730667837081,0.1368070413233896,0.1679996156751106,0.2372068399184191,0.0261051565384663,0.3708615611545021,1.0192446277126743,-0.4600000381469709,0.1782101895256159,-0.0055996111848713,-1.0000000000000675,-3.000000000000025,0.9390862521497612,0.8143294898242898,0.741668365613585
2024-07-15,210.0500030517578,13.119999885559082,5.43,14.999999999999991,0.0246283468597544,0.2230629264831098,0.1724231006895568,0.1986445560404821,0.0232801681437897,-0.365098557432018,1.0400966904237006,0.6599998474121094,0.1651542451197037,-0.0162547051694504,0.0,-3.000000000000025,0.8720811876063383,1.2936951347646195,0.760918915916104
2024-07-16,213.6199951171875,13.1899995803833,5.43,14.999999999999991,0.0168531006599684,0.2355237611136839,0.1763674078207555,0.2007566862760678,0.0264956642237747,0.0752081438168646,1.052819061070086,0.0699996948242187,0.1756255570066657,-0.0011797119030396,0.0,-3.000000000000025,0.8649746191910459,1.3354154490553591,0.7478705812691007
2024-07-17,216.8699951171875,14.479999542236328,5.43,14.999999999999991,0.0150993603613067,0.2387207453676201,0.17928475846239,0.2002859103658447,0.0197814053705985,0.0013402799299843,1.0630758068738546,1.2899999618530271,0.2952865313470701,-0.0194781742900907,0.0,-3.000000000000025,0.7340101484507923,1.3315172322230528,0.8076536826901497
2024-07-18,209.97999572753903,15.93000030517578,5.43,14.999999999999991,-0.0322858054255819,0.3789772098724315,0.221595789142241,0.2118937629400261,0.0352414232167442,0.0702818797768545,1.025710313394633,1.4500007629394511,-0.1195971773047844,0.0468144424992085,0.0,-1.0000000000000675,0.5868019406160041,1.7102184628118915,0.7188764897942355
2024-07-19,209.77999877929688,16.520000457763672,5.43,14.999999999999991,-0.0009529110253152,0.3596271375837957,0.2206875487200874,0.2118392806377153,0.016350500307605,-0.4275557130099733,1.021696121619892,0.5900001525878924,-0.1044839724087774,0.0005622176503387,0.0,0.0,0.5269034444878735,1.6295760212549852,0.7485696657366511
2024-07-22,210.27999877929688,14.90999984741211,5.43,14.999999999999991,0.0023806134316257,0.3135694268244151,0.2197991449054419,0.2068591897270855,0.0116986468963225,-0.0549281096036248,1.0213811195382998,-1.6100006103515625,-0.110402710697264,0.0038327890779285,0.0,0.0,0.6903552925974634,1.4266180469415086,0.678346581094591
2024-07-23,210.3300018310547,14.720000267028809,5.41,14.999999999999991,0.0002377644464982,0.2782362057753604,0.2134799091023888,0.2038776213456111,0.0101268939546452,-0.3213172722823009,1.018319447223244,-0.1899995803833007,-0.1226275074168267,4.5175145064731725e-05,-1.9999999999999567,-1.9999999999999567,0.7096445912188569,1.303336725901983,0.6895262570103882
2024-07-24,208.58999633789065,18.040000915527344,5.4,14.999999999999991,-0.0083071493700729,0.2265865649589752,0.2139880351600814,0.203191931664691,0.0189845703274447,0.2476548873174922,1.0076394227640062,3.320000648498535,-0.2177875793280879,0.0275797412958163,-0.9999999999999788,-2.999999999999936,0.3725886682377928,1.0588749262988886,0.8430378316260472
2024-07-25,208.6699981689453,18.459999084472656,5.39,14.999999999999991,0.0003834627478702,0.0654304210062357,0.2128744412090514,0.2030692272732848,0.0102554243946263,-0.105875701955899,1.005573937523932,0.4199981689453125,-0.2422751394727633,-0.0001610536519642,-1.0000000000000675,-4.000000000000004,0.3299492577460385,0.3073662607620443,0.8671778058289384
2024-07-26,212.2400054931641,16.389999389648438,5.38,14.999999999999991,0.016963687740924,0.1453759072045648,0.2174875853273216,0.2054926657197187,0.021390917958057,0.2260189536527435,1.0193135269126017,-2.0699996948242188,-0.3303957380534546,0.0351148284468061,-0.9999999999999788,-4.999999999999982,0.5401015232358162,0.6684331291175641,0.7536062053832304
2024-07-29,210.8500061035156,16.600000381469727,5.41,14.999999999999991,-0.0065707265715738,0.1584844918368672,0.2192382523831718,0.2061169962386403,0.0145126747451526,-0.2059524247566519,1.0099401130106862,0.210000991821289,-0.3202675782738884,0.001379859097017,3.000000000000025,-1.9999999999999567,0.5187816243504727,0.7228870423573589,0.7571671549569376
2024-07-30,215.19000244140625,17.690000534057617,5.4,14.999999999999991,0.0203743610120432,0.2116205233887281,0.2235041528439842,0.2095209496571277,0.0131511061859678,0.3035384588751798,1.0276971832997848,1.0900001525878906,-0.2580805595210998,-0.0222080566120078,-0.9999999999999788,-0.9999999999999788,0.4081217039537209,0.9468303863528148,0.7914841987927633
2024-07-31,212.8000030517578,16.360000610351562,5.41,14.999999999999991,-0.0111685983433481,0.2232447472902325,0.2236133790237624,0.2102122369926543,0.0174812084932082,0.0246521023654612,1.0145872020957056,-1.329999923706055,-0.1618583710574727,-0.0148542349445565,0.9999999999999788,0.9999999999999788,0.5431470847626749,0.9983514772902268,0.7316199362388356
2024-08-01,207.9600067138672,18.59000015258789,5.37,14.999999999999991,-0.0230069860085256,0.2967505067272844,0.2324827354203254,0.2159184546745152,0.0358241811296566,0.185319102667004,0.9917069662469666,2.229999542236328,-0.2585562160815503,0.0513055682672498,-4.000000000000004,-1.9999999999999567,0.3167511789980958,1.2764410492278653,0.7996292765128317
2024-08-02,199.13999938964844,23.38999938964844,5.29,14.999999999999991,-0.0433376939049294,0.3704853032192216,0.2764078168004061,0.2336118532856579,0.0390679863570457,0.5022179882583213,0.951710573545979,4.79999923706055,-0.5099478788384915,0.2080208976796249,-8.000000000000007,-8.999999999999986,0.0,1.3403575467142042,0.8462133835577573
2024-08-05,194.8999938964844,35.514999032020576,5.35,14.999999999999991,-0.021521516697626,0.3699996873962005,0.2785670411135366,0.237425661225346,0.027039530207784,-0.2588563431569404,0.933548315488668,12.124999642372137,-0.4804845823778628,0.260948382262022,5.999999999999961,-6.00000000000005,0.0,1.328224925379447,1.2749174809070678
2024-08-06,200.33999633789065,27.709999084472656,5.34,14.999999999999991,0.0275293297067711,0.4147659923622375,0.2970436268838773,0.2431490043255447,0.0429270553095695,-0.2724283807844297,0.9606636326760108,-7.80499994754792,-0.5671086183345918,0.2148664169173784,-0.9999999999999788,-6.00000000000005,0.3299513909809451,1.3963133857249233,0.932859572688468
2024-08-07,200.3999938964844,27.850000381469727,5.34,14.999999999999991,0.0002994338498982,0.4280018576613296,0.2933137395783161,0.2431171438224325,0.0276946268502614,-0.1417193906922433,0.9625403983541456,0.1400012969970703,-0.5690768600741057,-4.1921127350580026e-05,0.0,-7.000000000000028,0.3240329255108931,1.4591947116989763,0.9494952545185374
2024-08-08,204.0599975585937,23.790000915527344,5.34,14.999999999999991,0.0180987175289553,0.4597559053982983,0.3011770093120004,0.2424888640396074,0.0152896717303971,-0.1705446691793014,0.9809588689105936,-4.059999465942383,-0.5958961371508456,0.0734807835018008,0.0,-3.000000000000025,0.4956668115034797,1.526530549089888,0.789900961227834
2024-08-09,205.8000030517578,20.3700008392334,5.33,14.999999999999991,0.0084907819457041,0.2974455709582637,0.3028858131719004,0.2423609206483573,0.0173469741072884,-0.3371063602243839,0.9896972537565604,-3.4200000762939453,-0.6017059683897996,0.0290384749021033,-0.9999999999999788,4.000000000000004,0.6402451317996436,0.9820386364198936,0.672530701451922
2024-08-12,206.19000244140625,20.709999084472656,5.33,14.999999999999991,0.0018932474134849,0.1822110272209532,0.299889882008162,0.2420930935963462,0.0168776162099712,0.2246946382876441,0.991289012446066,0.3399982452392578,-0.6155672122198909,-0.0006437007983886,0.0,-1.9999999999999567,0.6258719229973786,0.6075931138483495,0.6905867895839513
2024-08-13,207.94000244140625,18.1200008392334,5.32,14.999999999999991,0.0084515026485517,0.1115429787259801,0.2883615125679722,0.2425973447490493,0.0129364355574836,-0.082335318319422,1.0001855409031086,-2.589998245239258,-0.6549841493455335,0.021889377029384,-0.9999999999999788,-1.9999999999999567,0.7353624456620687,0.3868164573442768,0.628377923179404
2024-08-14,210.2400054931641,16.190000534057617,5.32,14.999999999999991,0.011000173133568,0.09260815326449,0.2846169462429078,0.2420274144532754,0.017313543067648,0.0914916560597522,1.0120319795229784,-1.9300003051757808,-0.6748577604202172,0.0212303375047727,0.0,-1.9999999999999567,0.8169519766762824,0.3253782126713325,0.5688347355199355
2024-08-15,211.5500030517578,15.229999542236328,5.34,14.999999999999991,0.006211630167472,0.0543059829291382,0.2800049843477182,0.2422390739739624,0.0131883396165692,0.0001714187764897,1.0195812598567116,-0.9600009918212892,-0.7060308517292746,0.0059631711216002,1.9999999999999567,0.0,0.8575354058528624,0.1939464865443235,0.5439188726484696
2024-08-16,213.97000122070312,14.800000190734863,5.33,14.999999999999991,0.0113744323920985,0.0619176133792217,0.2589528304538102,0.243167224674711,0.0116838808512289,0.1247513522891119,1.0303011562489226,-0.4299993515014648,-0.7324969713382352,0.0048909985522996,-0.9999999999999788,0.0,0.875713353976153,0.2391076910443967,0.571532667350966
2024-08-19,215.4499969482422,14.649999618530272,5.31,14.999999999999991,0.0068930259133918,0.0371656473743075,0.2596721773771823,0.2425419319357975,0.0079368367570175,-0.2640249122997321,1.036080579253456,-0.1500005722045916,-0.7302920225496615,0.0010339578312298,-2.000000000000046,-2.000000000000046,0.882054532423232,0.1431252579683315,0.5641728646673867
2024-08-20,214.5200042724609,15.880000114440918,5.29,14.999999999999991,-0.0043258558661714,0.1007392841896286,0.2603491105407704,0.2234082146467998,0.0108148763658988,-0.0768953704744728,1.03060766185485,1.2300004959106463,-0.7333642230889792,0.0053208048606288,-1.9999999999999567,-3.000000000000025,0.8300570465474668,0.386939229330891,0.6099502349540051
2024-08-21,214.6000061035156,16.270000457763672,5.26,14.999999999999991,0.0003728646068565,0.0972317790704482,0.2603448702193126,0.2202354213664615,0.0100652544299902,-0.0807832300194912,1.0299858534140167,0.3900003433227539,-0.7336125311152324,-0.0001454173246869,-3.000000000000025,-6.00000000000005,0.8135700309642295,0.3734729975226355,0.6249403125960555
2024-08-22,216.6300048828125,17.549999237060547,5.28,14.999999999999991,0.0094149930331154,0.1040259462438951,0.2596362244503455,0.2203459238707388,0.0113557986355487,0.0085747075421118,1.037821908896553,1.279998779296875,-0.7135148217734465,-0.0120511795894763,2.000000000000046,-5.999999999999961,0.7594588995713843,0.4006603718880902,0.6759457111277212
2024-08-23,218.3099975585937,15.859999656677246,5.25,14.999999999999991,0.0077252081728241,0.0918953116705063,0.2603757454904176,0.2200260690909152,0.0123219388552476,0.318348039448759,1.0435753309687583,-1.6899995803833008,-0.7153885026083644,0.0130555985704464,-3.000000000000025,-8.000000000000007,0.8309025531334666,0.3529334558310015,0.609119702252026
2024-08-26,219.1699981689453,16.149999618530273,5.24,14.999999999999991,0.0039316161952365,0.0883925599171292,0.2548897777126191,0.2172181878086108,0.0074371019648728,-0.3457639543549486,1.0460362443202191,0.2899999618530273,-0.7101495188111642,-0.0011401685466393,-0.9999999999999788,-6.99999999999994,0.8186429898482819,0.3467873867299195,0.63360719144802
2024-08-27,220.17999267578125,15.43000030517578,5.23,14.999999999999991,0.0045976843384371,0.0557957344643552,0.2533489685888819,0.2167784188046925,0.0084987076322224,0.015548785617352,1.0486330911271855,-0.719999313354494,-0.7138578306843769,0.0033103295666954,-0.9999999999999788,-5.999999999999961,0.8490805012567574,0.2202327279054249,0.6090413705300916
2024-08-28,221.03749084472656,17.110000610351562,5.21,14.999999999999991,0.0038869685839768,0.0399306036459664,0.2446204720173244,0.2161238340073962,0.0145393321083732,0.2269778941266776,1.0513228051445738,1.680000305175783,-0.752015986306076,-0.0065301084072897,-2.000000000000046,-4.999999999999982,0.7780595606717019,0.1632349219044041,0.6994508868881508
2024-08-29,221.03749084472656,15.649999618530272,5.22,14.999999999999991,0.0,0.0436533465173092,0.2404855716245713,0.2159644272599845,0.0145393321083732,-0.0139758513927632,1.049364987662024,-1.4600009918212908,-0.776931437955813,0.0,0.9999999999999788,-6.00000000000005,0.8397801707065986,0.1815216864047781,0.6507666764707997
2024-08-30,221.03749084472656,15.0,5.21,14.999999999999991,0.0,0.0362621194124888,0.2231540128318684,0.2138840809103101,0.0145393321083732,0.2899355747978224,1.046271773117352,-0.6499996185302717,-0.7876395171400962,0.0,-0.9999999999999788,-4.000000000000004,0.8672584896960209,0.1624981731330547,0.672181504139094
2024-09-03,220.3000030517578,20.71999931335449,5.19,14.999999999999991,-0.0033420613005127,0.0515172112427853,0.149622393854979,0.2138202939262874,0.0145880047356965,0.0435888330976576,1.0378309460226258,5.719999313354489,-0.8890871023196776,0.0191165883441214,-1.9999999999999567,-4.999999999999982,0.6254491697043789,0.3443148442920797,1.3848193963155857
2024-09-04,219.3300018310547,21.31999969482422,5.18,14.999999999999991,-0.0044128143392989,0.0519018047657426,0.1206124897406129,0.2120792717084154,0.0207563193391183,-0.1922747907006549,1.027629406440621,0.6000003814697301,-0.7949035342199409,0.0026476902869344,-1.0000000000000675,-5.000000000000071,0.6000845365480095,0.4303186583525614,1.7676444405280611
2024-09-05,217.6300048828125,19.89999961853028,5.15,14.999999999999991,-0.0077810577594567,0.0519960525049555,0.1000842600384898,0.2117251509204267,0.0219179532483558,0.0878331516971476,1.0157460741776392,-1.4200000762939418,-0.5356489881579278,-0.0110491026120761,-2.999999999999936,-5.999999999999961,0.6601141334109066,0.5195227749594109,1.9883245987807925
2024-09-06,212.4600067138672,22.3799991607666,5.13,14.999999999999991,-0.0240426286097935,0.1497477423526518,0.1391462177329623,0.2177488761277099,0.0360068197003126,-0.0367225656568317,0.9889653112418652,2.479999542236325,-0.569254668844845,0.059625707946446,-2.000000000000046,-8.999999999999986,0.555273735705323,1.076189815234756,1.608379985125892
2024-09-09,216.8099975585937,19.450000762939453,5.11,14.999999999999991,0.0202676157499353,0.2516784039882163,0.1423208723317532,0.2192716700879115,0.0183109693529249,0.1388166807777577,1.0063696325513456,-2.9299983978271484,-0.549396151837633,0.0593840816750868,-1.9999999999999567,-9.999999999999964,0.6791375478042241,1.768387165317172,1.3666302380160409
2024-09-10,205.5599975585937,19.07999992370605,5.06,14.999999999999991,-0.0532834324552456,0.4310147782962902,0.2394221179544972,0.2448981599035063,0.0877116121494285,1.005713507096005,0.9542009889168522,-0.370000839233402,-0.2871300998418957,-0.0197149147256771,-5.000000000000071,-13.000000000000078,0.6947790971174349,1.8002295776959325,0.7969188513875002
2024-09-11,207.22999572753903,17.690000534057617,5.1,14.999999999999991,0.0080913166852217,0.4566433562901405,0.2410152093175672,0.2390485459164889,0.0283259915948906,-0.5813241663475391,0.9617319624998836,-1.389999389648434,-0.3012941516151483,0.0112469252539104,4.000000000000004,-8.000000000000007,0.7535404341013323,1.8946661398802287,0.7339785976223956
2024-09-12,206.6000061035156,17.06999969482422,5.06,14.999999999999991,-0.0030446807041881,0.4601993708583984,0.2393642674993523,0.2370708108081112,0.018828650894131,-0.4111258538329075,0.959092267075362,-0.6200008392333984,-0.2756104472436723,-0.0018877045917943,-4.000000000000004,-9.000000000000075,0.7797505738437013,1.922590099458532,0.7131390108120629
2024-09-13,204.32000732421875,16.559999465942383,4.97,14.999999999999991,-0.0110971580971762,0.4449502408435635,0.2384488401068688,0.2374675015576444,0.0236393973077259,0.1217511198719234,0.9497508220213656,-0.5100002288818359,-0.2329019783441168,-0.0056595531694978,-8.999999999999986,-16.000000000000014,0.8013105079950178,1.8660197325520405,0.6944885728326657
2024-09-16,207.8600006103516,17.139999389648438,4.96,14.999999999999991,0.0171773509656033,0.4330451194715507,0.2457501977208438,0.2397005784047295,0.0126046876180277,-0.1691898165223735,0.9669957730678954,0.5799999237060547,-0.1967992861502432,-0.009962862249522,-0.9999999999999788,-15.000000000000036,0.7767913814246483,1.762135385801242,0.6974561790228285
2024-09-17,209.25,17.610000610351562,4.95,14.999999999999991,0.0066649302729501,0.1728171405901703,0.2433309590715816,0.2397447574356466,0.010848215119101,-0.1311832269889683,0.9744812009682132,0.470001220703125,-0.1819730339947259,-0.0031325253641877,-0.9999999999999788,-10.999999999999943,0.7569223798133852,0.7102143568148761,0.7237057165903479
2024-09-18,207.52999877929688,18.229999542236328,4.84,14.999999999999991,-0.008253807718072,0.1843778937706221,0.2427479446698587,0.2397281964704959,0.0223582104608548,0.0867835771553677,0.9681715816150154,0.6199989318847656,-0.1834702398413809,0.0051173519691868,-11.000000000000032,-25.99999999999998,0.7307123207029622,0.7595446133287727,0.7509847124361623
2024-09-19,210.47999572753903,16.329999923706055,4.8,14.999999999999991,0.0141147147818691,0.2040265284123827,0.2486478822734918,0.2407271054351493,0.0217123119392992,0.3426225051988416,0.9828160221186496,-1.8999996185302728,-0.2231775467656193,0.026817952701215,-4.000000000000004,-25.99999999999998,0.8110335918381765,0.8205440020115298,0.6567520211470944
2024-09-20,211.08999633789065,16.149999618530273,4.75,14.999999999999991,0.0028939490360285,0.1592786499296409,0.248964347877206,0.2393175547470276,0.0090956378902578,0.5849962118282254,0.9864342331596962,-0.1800003051757812,-0.2251017355137305,0.0005209117096482,-4.999999999999982,-21.99999999999997,0.8186429898482819,0.6397648952057996,0.6486872420181126
2024-09-23,211.44000244140625,15.890000343322754,4.72,14.999999999999991,0.001656716373191,0.1291042776923035,0.2463966155107515,0.2380956210339243,0.0085603364438822,-1.0616915979618398,0.9892122821486852,-0.2599992752075195,-0.2557503276753791,0.000430745056254,-3.000000000000025,-24.00000000000002,0.829634293254467,0.5239693630721566,0.6448952356908244
2024-09-24,211.58999633789065,15.390000343322754,4.69,14.999999999999991,0.0007091407380231,0.1265585105432227,0.2444012601604655,0.2378750508655046,0.012193401747286,0.0137077909299415,0.9913982494219784,-0.5,-0.2374578915048925,0.0003545703690115,-2.999999999999936,-25.99999999999998,0.8507714741127836,0.5178308428529738,0.6297021681974228
2024-09-25,210.19000244140625,15.40999984741211,4.69,14.999999999999991,-0.0066385273935009,0.118389309314943,0.2441902480055503,0.2382211718030117,0.0172701119969986,0.2035626604115059,0.9868158010155887,0.0199995040893554,-0.241589607876428,0.0001327672557536,0.0,-14.999999999999948,0.849926007842757,0.4848240676353795,0.6310653260429075
2024-09-26,209.77999877929688,15.369999885559082,4.68,14.999999999999991,-0.0019525384726337,0.0600748538952324,0.2430143663080058,0.2377627773463665,0.0128229690964785,-0.1395252411536499,0.9871861714941808,-0.0399999618530273,-0.2349987965546958,-7.810146442191982e-05,-1.0000000000000675,-12.00000000000001,0.8516169806987834,0.2472070059392755,0.6324728911737897
2024-09-27,210.5,16.959999084472656,4.68,14.999999999999991,0.0034262964079463,0.0621455898054336,0.2428716887063246,0.2359797020139282,0.0147743496928815,-0.1045425487932217,0.992918953972697,1.5899991989135742,-0.2380810148167539,-0.0054478085438751,0.0,-7.000000000000028,0.7844007794347537,0.2558782793353026,0.698311078364524
2024-09-30,210.8600006103516,16.729999542236328,4.73,14.999999999999991,0.0017087559209496,0.062263507502444,0.2431498628264078,0.2340133513875206,0.0270322118492462,0.2086111640245202,0.996896000856995,-0.2299995422363281,-0.2375008636063997,0.000393013079612,5.000000000000071,1.0000000000000675,0.7941238632779123,0.2560705022765975,0.6880530117419966
2024-10-01,207.0399932861328,19.26000022888184,4.71,14.999999999999991,-0.0182824301587252,0.1379980272806669,0.2491960432031924,0.2346856151819482,0.0140069261520722,-0.0143807080726,0.9819302489956891,2.530000686645512,-0.2847030248930162,0.0462545608551235,-2.000000000000046,1.9999999999999567,0.6871696991073293,0.5537729472218965,0.7728854752792921
2024-10-02,207.2899932861328,18.89999961853028,4.69,19.047619047619044,0.0012067677379934,0.1409999904524687,0.2496416855233683,0.2346982895098076,0.015726733621608,-0.3850372531309397,0.9860130520289924,-0.3600006103515625,-0.3961730175923669,0.0004344371222302,-1.9999999999999567,0.0,0.7023884951275399,0.5648094794619948,0.7570850829222227
2024-10-03,205.22999572753903,20.489999771118164,4.68,19.047619047619044,-0.0099874659995541,0.1493267854769338,0.2508118907940667,0.2324754862275224,0.0104760960874733,0.2214452989343771,0.979342092430411,1.590000152587887,-0.4065223727129364,0.0158800724632574,-1.0000000000000675,0.0,0.6351722535475374,0.5953736284359064,0.8169469041618055
2024-10-04,211.22000122070312,19.209999084472656,4.73,19.047619047619044,0.0287689694745255,0.2821573288407268,0.2732854978944016,0.239459189508272,0.0225357185840665,0.342353358607196,1.009396208111059,-1.2800006866455078,-0.4756414598347578,0.0368243006814764,5.000000000000071,5.000000000000071,0.6892834655723287,1.0324635994763005,0.7029278623447286
2024-10-07,210.92999267578125,22.63999938964844,4.77,19.047619047619044,-0.0013739599419032,0.2822999444721932,0.2606343614832521,0.2383472849042823,0.0172569075809121,-0.4186096710843092,1.00836138087026,3.430000305175785,-0.3446848974813011,0.0047126830200272,3.9999999999999134,3.9999999999999134,0.5442823919831647,1.0831263493640817,0.8686498303909651
2024-10-08,210.75,21.420000076293945,4.75,19.047619047619044,-0.0008536932737574,0.2338983649517209,0.2496253634918325,0.2383545463093656,0.013997613040295,-0.1095382327097155,1.0088927142358446,-1.2199993133544955,-0.2428672549422796,-0.0010415052077993,-1.9999999999999567,4.000000000000004,0.595857084249957,0.9369975938337446,0.8580858842492897
2024-10-09,213.4199981689453,20.86000061035156,4.75,19.047619047619044,0.0125894497268704,0.2405718028773048,0.1678518468559401,0.2395963881538055,0.0227720019306923,0.1539466383824115,1.0198470819748011,-0.5599994659423864,-0.4780205221997047,0.0070500851235559,0.0,5.999999999999961,0.619530704234327,1.433238938882675,1.242762650580472
2024-10-10,212.83999633789065,20.93000030517578,4.75,19.047619047619044,-0.0027213540865933,0.2146056629666603,0.1669112793946762,0.2383146462840935,0.015692522060507,0.1209544125555387,1.0157787803934375,0.0699996948242223,-0.459479511645609,0.0001904939555701,0.0,7.000000000000028,0.6165715118152738,1.2857469174339415,1.2539596114223637
2024-10-11,221.03749084472656,20.459999084472656,4.73,19.047619047619044,0.0377916364393042,0.27310493337931,0.208394990071533,0.2450674768258552,0.0298704377487288,0.8377442992346485,1.051451412329428,-0.470001220703125,-0.4492196942845354,0.0177621152588416,-1.9999999999999567,0.0,0.636440513426537,1.310515829989794,0.9817893931830904
2024-10-14,221.03749084472656,19.700000762939453,4.73,19.047619047619044,0.0,0.2699454736612933,0.2022459566845431,0.2428913068324119,0.0145393321083732,-0.7053883647599244,1.047484774086235,-0.7599983215332031,-0.4802043973636946,0.0,0.0,-3.9999999999999134,0.6685689573750657,1.3347385435365997,0.9740615380344484
2024-10-15,221.03749084472656,20.63999938964844,4.73,19.047619047619044,0.0,0.2679711186804993,0.1965444223918102,0.2410836135636154,0.0145393321083732,0.0204440334988684,1.0443791179733728,0.939998626708988,-0.517587759942045,-0.0,0.0,-1.9999999999999567,0.6288311154164314,1.363412481613446,1.050144244159863
2024-10-16,221.03749084472656,19.57999992370605,4.72,19.047619047619044,0.0,0.2737637714414027,0.1963032378562243,0.2318146264267188,0.0145393321083732,-0.3695273667284449,1.0416166184508424,-1.05999946594239,-0.5020266842696159,0.0,-1.0000000000000675,-3.000000000000025,0.6736419162591182,1.3945963114572353,0.9974364222176896
2024-10-17,221.03749084472656,19.11000061035156,4.74,19.047619047619044,0.0,0.2682940035705838,0.1925951981202745,0.2317929282321494,0.0145393321083732,0.0136471498026262,1.038468936131674,-0.4699993133544922,-0.4876666794173594,0.0,2.000000000000046,-0.9999999999999788,0.6935108372384353,1.3930461724338312,0.9922366080185177
2024-10-18,221.03749084472656,18.030000686645508,4.73,19.047619047619044,0.0,0.0,0.1884971252683475,0.231777086936443,0.0145393321083732,0.0787745551397148,1.036021912836599,-1.0799999237060511,-0.4322666778959543,0.0,-0.9999999999999788,0.0,0.7391671446671213,0.0,0.9565132975358488
2024-10-21,221.03749084472656,18.3700008392334,4.73,19.047619047619044,0.0,0.0,0.1886546548566368,0.2317798853835015,0.0145393321083732,-0.1761269412358378,1.0337268045013597,0.3400001525878906,-0.4332977094785588,-0.0,0.0,0.0,0.7247938552329103,0.0,0.9737369508954444
2024-10-22,221.03749084472656,18.200000762939453,4.72,19.047619047619044,0.0,0.0,0.1888012032241437,0.2310492408952683,0.0145393321083732,0.4905325184538543,1.0315220681607615,-0.1700000762939453,-0.4319652717925367,0.0,-1.0000000000000675,-1.0000000000000675,0.7319804999500159,0.0,0.9639769478233944
2024-10-23,221.03749084472656,19.239999771118164,4.73,19.047619047619044,0.0,0.0,0.1888836459703264,0.2310541331875017,0.0145393321083732,-0.4389879779481186,1.029360954415257,1.039999008178711,-0.4384388073239723,-0.0,1.0000000000000675,1.0000000000000675,0.6880152056933291,0.0,1.0186164965356903
2024-10-24,221.03749084472656,19.07999992370605,4.7,19.047619047619044,0.0,0.0,0.1864063487918671,0.2287440609801685,0.0145393321083732,-0.0292731056568137,1.0268907329962638,-0.1599998474121129,-0.4458460202245466,0.0,-3.000000000000025,-4.000000000000004,0.6947790971174349,0.0,1.0235702832745204
2024-10-25,221.03749084472656,20.32999992370605,4.73,19.047619047619044,0.0,0.0,0.1859545643559208,0.2282786504361597,0.0145393321083732,0.0594263040247232,1.0243396497474522,1.25,-0.4519469978236396,-0.0,3.000000000000025,0.0,0.6419361449716432,0.0,1.093277811927973
2024-10-28,221.03749084472656,19.799999237060547,4.7,19.047619047619044,0.0,0.0,0.1861157213882272,0.2247691450430273,0.0145393321083732,0.0716738592567102,1.0219631859173228,-0.5300006866455043,-0.4609911724824472,0.0,-3.000000000000025,-3.000000000000025,0.6643415857089593,0.0,1.063854202609721
2024-10-29,221.03749084472656,19.34000015258789,4.7,19.047619047619044,0.0,0.0,0.186281185915286,0.2235340813127037,0.0145393321083732,-0.0391914866331348,1.019678355824793,-0.4599990844726562,-0.455104267431,0.0,0.0,-1.9999999999999567,0.6837877533952765,0.0,1.0382154299459434
2024-10-30,221.03749084472656,20.350000381469727,4.67,19.047619047619044,0.0,0.0,0.1710393569282033,0.2183326649664911,0.0145393321083732,0.077594072745544,1.016552577247738,1.010000228881836,-0.3446168567237131,-0.0,-3.000000000000025,-6.00000000000005,0.6410906383856434,0.0,1.1897846640064245
2024-10-31,221.03749084472656,23.15999984741211,4.64,19.047619047619044,0.0,0.0,0.1712599638366797,0.1989300196705087,0.0145393321083732,0.0963209204463051,1.013501223649342,2.809999465942383,-0.3391288761065053,-0.0,-3.000000000000025,-6.00000000000005,0.5222997045388484,0.0,1.3523300676098704
2024-11-01,221.03749084472656,21.8799991607666,4.61,19.047619047619044,0.0,0.0,0.1650566113530144,0.1933157524167204,0.0145393321083732,-0.1230283164164434,1.0100152025787956,-1.2800006866455078,-0.2629026947876346,0.0,-2.999999999999936,-12.00000000000001,0.5764109165636397,0.0,1.325605741049101
2024-11-04,219.77999877929688,21.979999542236328,4.65,19.047619047619044,-0.0057052884969731,0.0405035303204438,0.1399354499265774,0.1867922360919379,0.0146225202731948,0.1728159887220517,1.0024021213280767,0.1000003814697265,-0.1564275595168922,0.0005705310260921,4.000000000000004,-4.999999999999982,0.5721834642655872,0.289444385548448,1.570724184169843
2024-11-05,221.03749084472656,20.489999771118164,4.64,19.047619047619044,0.0057052884969732,0.0640417045451357,0.1400025922979351,0.1869673552835541,0.0145393321083732,-0.3848458209054287,1.0059292233013528,-1.489999771118164,-0.153103946946085,0.0085008785546532,-1.0000000000000675,-6.00000000000005,0.6351722535475374,0.4574322767456378,1.4635443126305854
2024-11-06,221.03749084472656,16.270000457763672,4.64,19.047619047619044,0.0,0.0640417045451357,0.1397968389929738,0.183937957607735,0.0145393321083732,1.4546537778401671,1.003691574482143,-4.219999313354492,-0.0932604022847518,0.0,0.0,-3.000000000000025,0.8135700309642295,0.4581055266088992,1.1638317843925925
2024-11-07,221.03749084472656,15.199999809265137,4.63,19.047619047619044,0.0,0.0640417045451357,0.1348000145668634,0.1833659008853944,0.0145393321083732,-0.377153023492781,1.002041085551885,-1.0700006484985352,-0.0753426859525078,0.0,-0.9999999999999788,-0.9999999999999788,0.858803625415889,0.4750867776306496,1.1275963031684717
2024-11-08,221.03749084472656,14.9399995803833,4.63,19.047619047619044,0.0,0.0640417045451357,0.1340103033402111,0.1833731239412195,0.0145393321083732,-0.5488795174670997,1.0002709802792735,-0.2600002288818359,-0.0693510376568827,0.0,0.0,1.9999999999999567,0.8697949691380471,0.4778864232741381,1.1148396211338478
2024-11-11,221.03749084472656,14.970000267028809,4.63,19.047619047619044,0.0,0.0405035303204447,0.0286403209515688,0.1827747321996941,0.0145393321083732,-0.0523900521902414,1.0002709802792735,0.0300006866455078,-0.1832312018164693,-0.0,0.0,-2.000000000000046,0.8685267092590475,1.4142135623737189,5.226896825752508
2024-11-12,221.03749084472656,14.710000038146973,4.63,19.047619047619044,0.0,0.0,0.0286403209515688,0.1816416074257225,0.0145393321083732,-0.2732695709105457,1.0002709802792735,-0.2600002288818359,-0.1838683343127453,0.0,0.0,-0.9999999999999788,0.8795180529812058,0.0,5.13611564026178
2024-11-13,221.03749084472656,14.020000457763672,4.6,19.047619047619044,0.0,0.0,0.0286403209515688,0.1813132613362967,0.0145393321083732,0.514108380036078,1.0002709802792735,-0.6899995803833008,-0.1871730859968912,0.0,-3.000000000000025,-4.000000000000004,0.9086873448266546,0.0,4.895196698902812
2024-11-14,221.03749084472656,14.3100004196167,4.61,19.047619047619044,0.0,0.0,0.0286403209515688,0.1800130050593892,0.0145393321083732,-0.1203030745614975,1.0002709802792735,0.2899999618530273,-0.1878908564947839,-0.0,1.0000000000000675,-1.9999999999999567,0.8964277815414698,0.0,4.996452534109206
2024-11-15,221.03749084472656,16.139999389648438,4.6,19.047619047619044,0.0,0.0,0.0286403209515688,0.1795477626732823,0.0145393321083732,0.1243219739920204,1.0002709802792735,1.8299989700317385,-0.1781324219354262,-0.0,-1.0000000000000675,-3.000000000000025,0.8190657431412817,0.0,5.635411494494564
2024-11-18,221.03749084472656,15.579999923706056,4.63,19.047619047619044,0.0,0.0,0.0286403209515688,0.1792926132333378,0.0145393321083732,-0.2410610412951359,1.0002709802792735,-0.559999465942381,-0.1797611211992814,0.0,3.000000000000025,0.0,0.8427393631256515,0.0,5.439883145880962
2024-11-19,221.03749084472656,16.350000381469727,4.62,19.047619047619044,0.0,0.0,0.0286403209515688,0.1792950279732785,0.0145393321083732,-0.2870709357553553,1.0002709802792735,0.7700004577636701,-0.178468206978661,-0.0,-0.9999999999999788,-0.9999999999999788,0.8101880852521768,0.0,5.708735041453553
2024-11-20,221.03749084472656,17.15999984741211,4.62,19.047619047619044,0.0,0.0,0.0286403209515688,0.1783721035051742,0.0145393321083732,0.2830746278469377,1.0002709802792735,0.8099994659423828,-0.1767616753883083,-0.0,0.0,2.000000000000046,0.7759458748386486,0.0,5.991552914658293
2024-11-21,221.03749084472656,16.8700008392334,4.63,19.047619047619044,0.0,0.0,0.0286403209515688,0.1777365142387935,0.0145393321083732,-0.0260481725005002,1.0002709802792735,-0.2899990081787109,-0.1794737641718977,0.0,0.9999999999999788,1.9999999999999567,0.7882053978078604,0.0,5.89029741243501
2024-11-22,221.03749084472656,15.239999771118164,4.63,19.047619047619044,0.0,0.0,0.0286403209515688,0.1775746107405507,0.0145393321083732,-0.0937709767574073,1.0002709802792735,-1.6300010681152344,-0.1746522892627906,0.0,0.0,3.000000000000025,0.8571126525598625,0.0,5.3211693391597175
2024-11-25,221.03749084472656,14.600000381469728,4.62,19.047619047619044,0.0,0.0,0.0286403209515688,0.1773428699358428,0.0145393321083732,0.2525932088236,1.0002709802792735,-0.6399993896484357,-0.179058112779869,0.0,-0.9999999999999788,-0.9999999999999788,0.884168218256285,0.0,5.0977083693156
2024-11-26,221.03749084472656,14.100000381469728,4.61,19.047619047619044,0.0,0.0,0.0286403209515688,0.1771724002715715,0.0145393321083732,-0.5051981905055415,1.0002709802792735,-0.5,-0.179091212234539,0.0,-0.9999999999999788,-0.9999999999999788,0.9053053991146016,0.0,4.923129320133328
2024-11-27,221.03749084472656,14.100000381469728,4.6,19.047619047619044,0.0,0.0,0.0286403209515688,0.1771724002715715,0.0145393321083732,-0.1267999996531102,1.0002709802792735,0.0,-0.1790275399341257,-0.0,-1.0000000000000675,-2.000000000000046,0.9053053991146016,0.0,4.923129320133328
2024-11-29,221.03749084472656,13.510000228881836,4.58,19.047619047619044,0.0,0.0,0.0286403209515688,0.1771724002715715,0.0145393321083732,0.0041031870900714,1.0002709802792735,-0.5900001525878924,-0.1827550034826555,0.0,-1.9999999999999567,-4.999999999999982,0.9302472789779712,0.0,4.717125988820948
2024-12-02,221.03749084472656,13.34000015258789,4.51,19.047619047619044,0.0,0.0,0.0286403209515688,0.1770422003747413,0.0145393321083732,0.4822153778358897,1.0002709802792735,-0.1700000762939453,-0.2139480165655244,0.0,-7.000000000000028,-12.00000000000001,0.9374339236950766,0.0,4.657769085460327
2024-12-03,221.03749084472656,13.300000190734863,4.49,19.047619047619044,0.0,0.0,0.0286403209515688,0.1768095964631201,0.0145393321083732,-0.2902434887432867,1.0002709802792735,-0.0399999618530273,-0.2161122337825596,0.0,-1.9999999999999567,-12.99999999999999,0.9391248965511032,0.0,4.643802774845069
2024-12-04,221.03749084472656,13.449999809265137,4.47,19.047619047619044,0.0,0.0,0.0197636990971859,0.1760791179246073,0.0145393321083732,0.0984227055536813,1.0,0.1499996185302734,-0.2132642183229947,-0.0,-2.000000000000046,-14.000000000000057,0.9327837584199972,0.0,6.805406084724392
2024-12-05,221.03749084472656,13.539999961853027,4.46,19.047619047619044,0.0,0.0,0.0,0.1690233127034864,0.0145393321083732,-0.1113025074932981,1.0,0.0900001525878906,,-0.0,-0.9999999999999788,-13.999999999999968,0.9289790594149446,,
2024-12-06,221.03749084472656,12.770000457763672,4.42,19.047619047619044,0.0,0.0,0.0,0.1642445639041578,0.0145393321083732,-0.1745707666358788,1.0,-0.7699995040893555,,0.0,-4.000000000000004,-16.000000000000014,0.9615302969724464,,
2024-12-09,221.03749084472656,14.1899995803833,4.42,19.047619047619044,0.0,0.0,0.0,0.1229661468797824,0.0145393321083732,0.2484559242057361,1.0,1.419999122619629,,-0.0,0.0,-8.999999999999986,0.901500740425522,,
2024-12-10,221.03749084472656,14.18000030517578,4.41,19.047619047619044,0.0,0.0,0.0,0.122172580754357,0.0145393321083732,0.2524066505437064,1.0,-0.0099992752075213,,0.0,-0.9999999999999788,-8.000000000000007,0.9019234534025492,,
2024-12-11,221.03749084472656,13.579999923706056,4.38,19.047619047619044,0.0,0.0,0.0,0.121911944544957,0.0145393321083732,-0.1442999620648255,1.0,-0.600000381469723,,0.0,-3.000000000000025,-8.999999999999986,0.927288086558918,,
2024-12-12,221.03749084472656,13.920000076293944,4.35,19.047619047619044,0.0,0.0,0.0,0.1194040350943397,0.0145393321083732,-0.2543376125460004,1.0,0.3400001525878871,,-0.0,-3.000000000000025,-11.000000000000032,0.9129147971247072,,
2024-12-13,221.03749084472656,13.8100004196167,4.34,19.047619047619044,0.0,0.0,0.0,0.1149491919068225,0.0145393321083732,0.5305551254824252,1.0,-0.1099996566772443,,0.0,-0.9999999999999788,-8.000000000000007,0.9175649623997866,,
2024-12-16,221.03749084472656,14.6899995803833,4.37,19.047619047619044,0.0,0.0,0.0,0.1143798990104737,0.0145393321083732,-0.140329809759701,1.0,0.8799991607666016,,-0.0,3.000000000000025,-4.999999999999982,0.8803635595672055,,
2024-12-17,221.03749084472656,15.869999885559082,4.38,19.047619047619044,0.0,0.0,0.0,0.1128853593942148,0.0145393321083732,-0.1109365089854046,1.0,1.1800003051757812,,-0.0,0.9999999999999788,-3.000000000000025,0.8304797998404667,,
2024-12-18,221.03749084472656,27.6200008392334,4.36,19.047619047619044,0.0,0.0,0.0,0.1097056923696101,0.0145393321083732,0.3369457465755358,1.0,11.750000953674316,,-0.0,-1.9999999999999567,-1.9999999999999567,0.3337560093540518,,
2024-12-19,221.03749084472656,24.09000015258789,4.35,19.047619047619044,0.0,0.0,0.0,0.1096313549926666,0.0145393321083732,0.0405365019234568,1.0,-3.530000686645508,,0.0,-1.0000000000000675,0.0,0.482984535241268,,
2024-12-20,221.03749084472656,18.36000061035156,4.34,19.047619047619044,0.0,0.0,0.0,0.1096245621594526,0.0145393321083732,0.7283812812256201,1.0,-5.729999542236332,,0.0,-0.9999999999999788,0.0,0.7252166085259104,,
2024-12-23,221.03749084472656,16.780000686645508,4.36,19.047619047619044,0.0,0.0,0.0,0.1096336175150927,0.0145393321083732,-1.042602328292905,1.0,-1.5799999237060511,,0.0,2.000000000000046,-0.9999999999999788,0.792010096812913,,
2024-12-24,221.03749084472656,14.270000457763672,4.4,19.047619047619044,0.0,0.0,0.0,0.1086284779334425,0.0145393321083732,-0.8369316016155693,1.0,-2.510000228881836,,0.0,4.000000000000004,2.000000000000046,0.8981187543974962,,
2024-12-26,221.03749084472656,14.729999542236328,4.35,19.047619047619044,0.0,0.0,0.0,0.1084975894485101,0.0145393321083732,0.1771415910962778,1.0,0.4599990844726562,,-0.0,-5.000000000000071,-1.0000000000000675,0.8786725867111791,,
2024-12-27,221.03749084472656,15.949999809265137,4.31,0.0,0.0,0.0,0.0,0.1083806446657125,0.0145393321083732,0.2524419253571062,1.0,1.2200002670288086,,-0.0,-4.000000000000004,-4.000000000000004,0.8270978541284139,,
2024-12-30,221.03749084472656,17.399999618530273,4.37,0.0,0.0,0.0,0.0,0.1083747107863819,0.0145393321083732,-0.0011175136486897,1.0,1.4499998092651367,,-0.0,6.00000000000005,3.000000000000025,0.7658000377024902,,
2024-12-31,231.4541473388672,17.350000381469727,4.208000183105469,-0.1891891891891891,0.0016282406092887,0.1586929783862867,0.1871417861609469,0.2993035396289759,0.0100538300221488,-0.1613336656583834,0.9944724387224334,-0.0499992370605468,-0.8656122756196503,8.141078821543969e-05,2.60000228881836,-0.6999969482421875,0.6915825046428203,0.8479825999405952,0.9271045626628924
2025-01-02,231.7341461181641,17.93000030517578,4.208000183105469,-0.1891891891891891,0.001209006433704,0.0880045757711325,0.1821564430506957,0.2993035035029696,0.0159583409627278,0.6381733918630352,0.9969063895875756,0.5799999237060547,-0.8941581693787722,-0.0007012236393084,0.0,0.8000373840332031,0.6525252717265306,0.4831263407281185,0.9843187539726886
2025-01-03,234.90118408203125,16.1299991607666,4.192999839782715,-0.1891891891891891,0.0135741397527982,0.1405998576498485,0.1882761183747491,0.299042204862437,0.0189905064089045,0.0288818707029529,1.010838713577221,-1.8000011444091797,-0.8957006155103971,0.0244334670894069,-1.5000343322753906,-2.200031280517578,0.7737374668895203,0.7467747840965967,0.8567204008668311
2025-01-06,233.7559509277344,16.040000915527344,4.190000057220459,-0.1891891891891891,-0.0048873060850161,0.1300910600912063,0.1879600993913433,0.2922001113530141,0.0212165268044681,0.0439766051173063,1.0061705016913,-0.0899982452392578,-0.8956157436543617,-0.0004398489715986,-0.2999782562255859,1.2000083923339844,0.7797979546287368,0.6921206176867865,0.8533726555512814
2025-01-07,236.00759887695312,17.81999969482422,4.203000068664551,-0.1891891891891891,0.009586376779297,0.1163895467155037,0.1886288362884239,0.2924825911893791,0.0179298459644779,-0.1248889261839323,1.0160743851563858,1.779998779296875,-0.8652140747866065,-0.0170637389650286,1.3000011444091797,2.0999908447265625,0.6599327200447693,0.6170294479129249,0.9447123804324624
2025-01-08,235.9687957763672,17.700000762939453,4.204999923706055,-0.1891891891891891,-0.0001644281413771,0.1195591253567299,0.1864700185369437,0.2924552555797532,0.0154238470147174,-0.0089622889562281,1.0165058184562423,-0.1199989318847656,-0.8666463310436312,-1.973120133705707e-05,0.1999855041503906,-0.3000259399414062,0.6680134559910461,0.6411707699436019,0.9492142973875825
2025-01-10,232.80479431152344,19.540000915527344,4.2129998207092285,-0.1891891891891891,-0.0134992652301344,0.1735428106296944,0.1856005177027654,0.2933958078535801,0.0211364162614534,0.1674609928888143,1.00341278230758,1.8400001525878904,-0.8739886919389868,0.0248386500832717,0.7999897003173828,0.4999637603759765,0.5441077249929582,0.9350340870687596,1.0527988368448502
2025-01-13,237.0169982910156,19.190000534057617,4.2179999351501465,-0.1891891891891891,0.0179315515431882,0.1949886157950793,0.1957364500647944,0.2949666243748821,0.0226853656026627,-0.0248259476627022,1.021039441266707,-0.3500003814697265,-0.842880215195741,0.0062760498804599,0.5000114440917969,2.500009536743164,0.5676767736447326,0.9961793816661764,0.9803999473631596
2025-01-14,240.18096923828125,18.709999084472656,4.2129998207092285,-0.1891891891891891,0.0132608163805542,0.1983520247360088,0.2005785914555809,0.2838065831098909,0.0223461379238649,0.2151781162119821,1.0336011418869189,-0.4800014495849609,-0.8319210768243622,0.006365211085346,-0.5000114440917969,2.299976348876953,0.6000001027527857,0.9888992803099566,0.9328013996257458
2025-01-15,244.91720581054688,16.1200008392334,4.204999923706055,-0.1891891891891891,0.0195275402738804,0.2225744147408014,0.2073889636976554,0.2857812539213416,0.0395878947950812,0.3966899975628041,1.051460941618251,-2.589998245239258,-0.8459248362256111,0.0505762950431893,-0.7999897003173828,0.1999855041503906,0.7744107545175584,1.0732220788049471,0.7772834461304385
2025-01-16,246.7806854248047,16.600000381469727,4.195000171661377,-0.1891891891891891,0.0075798109750884,0.2125320622741175,0.2054996449427601,0.2859622959681634,0.018523642721224,-0.187633632625736,1.056199685030306,0.4799995422363281,-0.8539577264377549,-0.0036383057982803,-0.9999752044677734,-0.9999752044677734,0.7420875538504872,1.0342210680379338,0.8077873023135146
2025-01-17,251.52664184570312,15.970000267028809,4.192999839782715,-0.1891891891891891,0.0190488867818755,0.0803455853606694,0.2120443181421717,0.2878690875438719,0.0327210819868454,0.1449771516285561,1.072098700768257,-0.630000114440918,-0.8361991332074852,0.0120008008525536,-0.2000331878662109,-1.9999980926513672,0.7845118028913863,0.3789094000000472,0.7531444561660559
2025-01-21,255.2826538085937,15.0600004196167,4.197000026702881,-0.1891891891891891,0.014822461872138,0.0773187630861856,0.2125151187905791,0.2889304328467655,0.0180587766492201,-0.2540479306602798,1.0825858876048835,-0.9099998474121094,-0.833487473636625,0.0134884380419174,0.4000186920166015,-2.0999908447265625,0.8457912523214102,0.3638271174597163,0.7086554832109344
2025-01-22,255.09825134277344,15.100000381469728,4.215000152587891,-0.1891891891891891,-0.000722607260511,0.136489995392851,0.1603215758914352,0.2889869026607505,0.0119084040725247,-0.4186236998030497,1.074715230485483,0.0399999618530273,-0.6730978001920439,2.8904262855162288e-05,1.8000125885009766,0.2000331878662109,0.8430976522658209,0.8513513832054505,0.9418570331229136
2025-01-23,258.1166381835937,15.020000457763672,4.2129998207092285,-0.1891891891891891,0.0117627984113548,0.1198068482003517,0.1605473131613216,0.2883249820011171,0.0114682746868777,0.1752228922995924,1.0802409549480825,-0.0799999237060546,-0.6738099279460749,0.000941022975478,-0.2000331878662109,0.7999897003173828,0.8484848523769994,0.7462401322155234,0.9355497866645224
2025-01-24,257.039306640625,14.850000381469728,4.204999923706055,-0.1891891891891891,-0.0041825514170551,0.1601624343723959,0.1571595386656902,0.2886346544775937,0.0154432728985257,-0.3380437471771411,1.0698428679736056,-0.1700000762939453,-0.6648520553361378,-0.0007110340600027,-0.7999897003173828,0.9999752044677734,0.8599326686683766,1.0191073079763455,0.944899718308454
2025-01-27,258.01959228515625,17.899999618530273,4.188000202178955,-0.1891891891891891,0.0038065038007387,0.1281468996556985,0.1570867760252096,0.2883917666586443,0.0139552054538359,-0.0189621577677032,1.0680297554828486,3.049999237060547,-0.6278188235212583,-0.0116098336881213,-1.699972152709961,-0.4999637603759765,0.6545455199335909,0.8157714029036616,1.1394975485178744
2025-01-28,259.2716369628906,16.40999984741211,4.190000057220459,-0.1891891891891891,0.0048407823364868,0.0959789023124587,0.1520270381855349,0.2882973940768427,0.0093583883466131,-0.0197218042194457,1.0678854513218383,-1.489999771118164,-0.5703295763488158,0.0072127645733982,0.1999855041503906,-0.6999969482421875,0.7548822022799044,0.631327844428077,1.0794132440694677
2025-01-29,258.7280578613281,16.559999465942383,4.188000202178955,-0.1891891891891891,-0.0020987630167503,0.0998518484821328,0.1538903249998008,0.2869200119252826,0.0190187095040774,0.0411072265009233,1.0606617195537182,0.1499996185302734,-0.564080203611424,0.0003148136518979,-0.1999855041503906,-2.6999950408935547,0.7447812181265676,0.6488507219817885,1.0760910061086564
2025-01-30,260.3294677734375,15.84000015258789,4.182000160217285,-0.1891891891891891,0.0061704721119354,0.0724518429559955,0.1467545277103663,0.2860825450638676,0.0114827460153246,0.130196255846696,1.0615350974108542,-0.7199993133544922,-0.5374416968593366,0.0044427356836665,-0.6000041961669922,-3.099966049194336,0.7932660191271742,0.4936940896228156,1.0793534209622204
2025-01-31,259.4268493652344,16.43000030517578,4.188000202178955,-0.1891891891891891,-0.0034732403852603,0.0689074241141197,0.1427075175328891,0.2848755292319626,0.0144407633573492,-0.1962340764491033,1.0520632367288214,0.5900001525878906,-0.5065299274443619,0.002049212357278,0.6000041961669922,-1.699972152709961,0.7535353701418643,0.4828577029814773,1.1513058729642072
2025-02-03,258.9513244628906,18.6200008392334,4.190000057220459,-0.1891891891891891,-0.0018346645739984,0.0704332298971161,0.1443887991174461,0.2849292407024018,0.024249470709141,0.1527954210376766,1.0445880450287417,2.190000534057617,-0.5321842758305659,0.0040179163968732,0.1999855041503906,0.1999855041503906,0.6060605904920022,0.4878025880651978,1.289573772553358
2025-02-04,260.04803466796875,17.209999084472656,4.2129998207092285,-0.1891891891891891,0.0042262550739837,0.0682705659593228,0.1436761763898426,0.2835175816914277,0.0112338946711893,-0.3986162549117581,1.0433375254846753,-1.4100017547607422,-0.5060905234446217,0.0059590270703835,2.299976348876953,2.299976348876953,0.7010102011681194,0.4751697022760504,1.1978324811328522
2025-02-05,262.46466064453125,15.770000457763672,4.210000038146973,-0.1891891891891891,0.0092500841781572,0.0854162708884677,0.1413726998854564,0.2837720940144045,0.008542055758369,0.0138390968128097,1.0475169703672738,-1.4399986267089844,-0.484663877607554,0.0133201085134889,-0.2999782562255859,2.199983596801758,0.7979798031693326,0.6041921174149895,1.1154912136884214
2025-02-06,268.7440795898437,15.5,4.2129998207092285,-0.1891891891891891,0.0236431029133834,0.1730714930590255,0.1498053811325364,0.2844424614335777,0.0209101071597944,0.2417478989817315,1.065493579106061,-0.2700004577636719,-0.4771918738515876,0.0063836486095671,0.2999782562255859,3.099966049194336,0.8161616517099284,1.1553089198171391,1.0346757828603483
2025-02-07,267.676513671875,16.540000915527344,4.228000164031982,-0.1891891891891891,-0.0039803368507467,0.1749146532557615,0.1537650564206724,0.2847391316304515,0.0139231200429679,-0.0575844334384335,1.054953457913108,1.0400009155273438,-0.546722210938228,0.0041395539688838,1.5000343322753906,3.9999961853027344,0.7461279218236256,1.137544883911907,1.0756670794095766
2025-02-10,263.0567321777344,15.8100004196167,4.228000164031982,-0.1891891891891891,-0.0174094922975821,0.2422970711106804,0.1728859593345686,0.1908558383414898,0.024313740149541,0.2295419126558404,1.0315023577526456,-0.7300004959106445,-0.4317134708682664,-0.0127089380107875,0.0,3.800010681152344,0.7952862031137433,1.4014849559980027,0.9144756740494588
2025-02-11,266.89031982421875,16.020000457763672,4.224999904632568,-0.1891891891891891,0.0144680662111211,0.2557121389719489,0.1616000909231359,0.1684561205871768,0.0238554048931113,-0.1813622840992859,1.0399160288031868,0.2100000381469726,-0.3272693954017701,-0.0030382944562483,-0.3000259399414062,1.2000083923339844,0.781144786766777,1.5823762072855314,0.9913361042218398
2025-02-12,267.3368530273437,15.890000343322754,4.228000164031982,-0.1891891891891891,0.0016716982205556,0.2537921974014408,0.1568623821113795,0.1684638912052604,0.0116173972235153,-0.0738792514602355,1.0358286912234336,-0.1300001144409179,-0.3289085625261737,0.0002173209599829,0.3000259399414062,1.8000125885009766,0.7898990030025648,1.6179290023865416,1.0129898659858498
2025-02-13,268.1812438964844,15.100000381469728,4.2129998207092285,-0.1891891891891891,0.003153550080833,0.1844654053436328,0.1546419870625069,0.1678293736838578,0.0114360291631057,0.2283752824475549,1.0337597642945349,-0.7899999618530273,-0.3159926960905199,0.0024913044435596,-1.5000343322753906,0.0,0.8430976522658209,1.1928545982086431,0.9764489365599168
2025-02-14,268.4432373046875,14.770000457763672,4.2129998207092285,-0.1891891891891891,0.0009764497826608,0.1817738660918958,0.146183930437668,0.1678341822339444,0.0100509737015242,-0.3896127597978153,1.0303203595276216,-0.3299999237060547,-0.1923311361617393,0.0003222283537808,0.0,-1.5000343322753906,0.8653198687795551,1.2434599722943087,1.01037100408663
2025-02-18,271.70428466796875,15.350000381469728,4.2129998207092285,-0.1891891891891891,0.0120748012440192,0.1002687526491021,0.1482432519987978,0.1687448950661634,0.0141097054288038,0.3309017808124002,1.0381078564959074,0.5799999237060547,-0.1739931852911815,-0.0070033838002969,0.0,-1.5000343322753906,0.8262626358632653,0.6763798776480918,1.0354603109755176
2025-02-19,271.02490234375,15.270000457763672,4.2179999351501465,-0.1891891891891891,-0.002503578931578,0.0864017772909821,0.1403306110651762,0.1690315160239279,0.0108504880189681,-0.1224277611154894,1.031851627209006,-0.0799999237060546,-0.1396493928630726,-0.0002002861235183,0.5000114440917969,-0.6999969482421875,0.8316498359744439,0.6157015681407748,1.088144656526263
2025-02-20,258.9416198730469,15.65999984741211,4.204999923706055,-0.1891891891891891,-0.0456080768291256,0.3584489064197301,0.2153061157174451,0.192698519145126,0.0487256394107773,0.6811087452284642,0.9851943683499944,0.3899993896484375,-0.1163445203156229,0.017787122126398,-1.3000011444091797,-2.300024032592773,0.8053872514875713,1.6648338354221992,0.7273365085441118
2025-02-21,256.4570007324219,18.209999084472656,4.197000026702881,-0.1891891891891891,-0.0096416183084036,0.348374519508373,0.218233900999116,0.1939029327648984,0.0240690891015376,-0.0758243766890264,0.9755010038567268,2.549999237060547,-0.176339969766883,0.0245861193304582,-0.7999897003173828,-1.5999794006347656,0.6336701355578969,1.5963354818543256,0.8344257698324524
2025-02-24,253.64244079589844,18.979999542236328,4.190000057220459,-0.1891891891891891,-0.0110354502306355,0.3370870125775118,0.2173719731146762,0.1945970543728106,0.0321038293640669,-0.2130355649675858,0.9655776133547892,0.7700004577636719,-0.1864150663503062,0.0084973017292176,-0.6999969482421875,-2.299976348876953,0.5818182542121899,1.5507381551883823,0.8731576233253991
2025-02-25,249.8184967041016,19.43000030517578,4.182000160217285,-0.1891891891891891,-0.0151909208537472,0.2657918942718245,0.2227870722303896,0.1961881763168694,0.0374902646670815,-0.0765492795541427,0.9522669437074728,0.4500007629394531,-0.1954649728316985,0.0068359259739391,-0.7999897003173828,-3.099966049194336,0.5515151733111969,1.193031048035689,0.8721332037203099
2025-02-26,251.1675262451172,19.100000381469727,4.192999839782715,-0.1891891891891891,0.0053855107320004,0.296629517246225,0.2233146985427192,0.1939317793122554,0.0153793069860239,-0.4803227054843961,0.9586014916028114,-0.3299999237060547,-0.2891442888645302,0.0017772181306782,1.0999679565429688,-2.500009536743164,0.5737373898249312,1.3283027009952098,0.855295262967922
2025-02-27,251.4198303222656,21.1299991607666,4.195000171661377,-0.1891891891891891,0.0010040208733717,0.1378712502398229,0.222382877626941,0.1917119894554375,0.0223124090686866,0.3223555853255562,0.9609356890318604,2.029998779296875,-0.2361357708023086,-0.0020381611473333,0.2000331878662109,-0.9999752044677734,0.437037138838408,0.6199724174408303,0.9501630425078538
2025-02-28,256.8549499511719,19.6299991607666,4.192999839782715,-0.1891891891891891,0.0213873558772586,0.2299743402373489,0.2360039452399421,0.1957420481958745,0.0261476783289213,0.2435664089373626,0.9820437003268572,-1.5,-0.3209131358245928,0.0320810338158879,-0.2000331878662109,-0.4000186920166015,0.5380472372537417,0.974451253361621,0.8317657207301783
2025-03-03,252.94366455078125,22.780000686645508,4.192999839782715,-0.1891891891891891,-0.0153447343129128,0.2449171583635405,0.2402490154719671,0.1984015314419022,0.0326145351824521,-0.1445555401833873,0.9683917120524892,3.1500015258789062,-0.3678690936758078,0.0483359364998817,0.0,0.2999782562255859,0.3259259278287553,1.0194304350525765,0.9481828943978976
2025-03-04,242.87908935546875,23.51000022888184,4.195000171661377,-0.1891891891891891,-0.0406030493328292,0.3733699253402336,0.2760987206884612,0.2149428992942098,0.0450749811711726,0.3964568207615027,0.9326733026494024,0.7299995422363281,-0.3526353534988848,0.0296402074263643,0.2000331878662109,1.3000011444091797,0.2767677107591285,1.352305886855337,0.8515070323491132
2025-03-05,244.1213836669922,21.93000030517578,4.204999923706055,-0.1891891891891891,0.0051018307987207,0.3728475196033438,0.2775532637875936,0.2151724911666475,0.02075299664468,-0.5381735776125864,0.9399928866027256,-1.579999923706055,-0.3907097175440045,0.0080608922727399,0.9999752044677734,1.2000083923339844,0.3831650092856408,1.3433368230491325,0.7901186246528308
2025-03-06,239.27833557128903,24.8700008392334,4.197000026702881,-0.1891891891891891,-0.0200381173291542,0.3789203259628383,0.2824881595563682,0.2171235871990677,0.0223492928404564,0.2389389725830044,0.9248668186509,2.940000534057617,-0.4261512351307806,0.0589120756492225,-0.7999897003173828,0.1999855041503906,0.1851851804281118,1.3413671091840147,0.8803909118984081
2025-03-07,235.14382934570312,23.3700008392334,4.197000026702881,-0.1891891891891891,-0.0174300916167521,0.2578756476405519,0.2818817868522737,0.2196369917090337,0.0301304403522293,0.7194577892879157,0.9134795421570384,-1.5,-0.3257673119172742,-0.0261451374251281,0.0,0.4000186920166015,0.2861952788434454,0.9148361464577252,0.8290709768872352
2025-03-10,225.380126953125,27.86000061035156,4.184999942779541,-0.1891891891891891,-0.0424089368843255,0.3090492990617178,0.2893875179552478,0.2351630651835136,0.0379381513749139,-0.0818770255475568,0.8826301412977934,4.489999771118164,-0.4689263071825887,0.1904161169039863,-1.2000083923339844,-0.7999897003173828,0.0,1.067942740742227,0.9627229538856598
2025-03-11,222.390853881836,26.920000076293945,4.195000171661377,-0.1891891891891891,-0.0133519929100764,0.2697349457472969,0.289413408447888,0.2357605318761874,0.0289342973748476,-0.0401996325638403,0.8783412721703391,-0.9400005340576172,-0.4527699639144472,-0.0125508804662054,1.0000228881835938,0.0,0.0622929439729932,0.9320056979870912,0.9301573213440518
2025-03-12,221.1873474121093,24.229999542236328,4.197000026702881,-0.1891891891891891,-0.0054263686509671,0.2195323813607288,0.2879083534900781,0.2352610567279197,0.0309785564127289,-0.1223267716786409,0.8805216552495686,-2.690000534057617,-0.4551037813990085,-0.0145969345690951,0.1999855041503906,-0.7999897003173828,0.2405567283902711,0.7625078560573767,0.8415872359560189
2025-03-13,218.5572052001953,24.65999984741211,4.188000202178955,-0.1891891891891891,-0.0119622792815119,0.226205893915341,0.2759334203096326,0.2347431475970748,0.0234024788637416,0.0254549917970332,0.8780967581083258,0.4300003051757812,-0.4677334956871078,0.005143783741648,-0.8999824523925781,-0.8999824523925781,0.2120610159431086,0.8197843293556433,0.8936938417876471
2025-03-14,225.5936737060547,21.770000457763672,4.188000202178955,-0.1891891891891891,0.0316876881813517,0.4207214181747896,0.3088875511061724,0.2436864331758896,0.023920140682305,-0.3196697131129434,0.9136639188121336,-2.889999389648437,-0.556172868809826,0.0915773995034764,0.0,-0.8999824523925781,0.4035785348579651,1.362053655668943,0.7047872398807286
2025-03-17,227.0397491455078,20.51000022888184,4.188000202178955,-0.1891891891891891,0.0063896313723216,0.2953883914448756,0.3105698609364966,0.2439989130981012,0.0222715838849231,-0.2214396176560353,0.9268748872478056,-1.260000228881836,-0.5621022456137507,0.0080509369915958,0.0,0.3000259399414062,0.4870775551456322,0.951117376792962,0.6603989249644412
2025-03-18,228.04913330078125,21.700000762939453,4.195000171661377,-0.1891891891891891,0.0044359941516149,0.2645508111150495,0.312047691390946,0.2436925424380136,0.0112780094595789,0.0761899439077877,0.9383643065212176,1.1900005340576172,-0.5363100827871543,-0.0052788354094982,0.6999969482421875,0.0,0.4082173482520268,0.8477896757890431,0.6954065471919421
2025-03-19,232.0671844482422,19.89999961853028,4.190000057220459,-0.1891891891891891,0.01746581521117,0.2573974808626312,0.3168878541749271,0.2459284286108897,0.031115396354878,-0.0219206940058541,0.962371833027194,-1.8000011444091797,-0.586845593054136,0.0314384873681453,-0.5000114440917969,-0.6999969482421875,0.5275017171193449,0.8122667924045573,0.6279824031231299
2025-03-20,231.9701538085937,19.799999237060547,4.182000160217285,-0.1891891891891891,-0.0004182018689578,0.2039648489221193,0.3173848389658386,0.2459106070165535,0.023262615314753,-0.1948895827043476,0.969446107355393,-0.1000003814697265,-0.586830950063604,-4.182034642713602e-05,-0.7999897003173828,-0.6000041961669922,0.5341286475672268,0.6426420669201306,0.6238483004284807
2025-03-21,234.51296997070312,19.280000686645508,4.184999942779541,-0.1891891891891891,0.01090217938658,0.1076327719799506,0.2909591161417458,0.2466311892942083,0.0240036540766977,0.8418145399461597,0.984860922909282,-0.5199985504150391,-0.6441901266963421,0.0056691174773863,0.2999782562255859,-0.3000259399414062,0.5685884583794791,0.3699240409003561,0.6626360755527219
2025-03-24,240.7535858154297,17.479999542236328,4.182000160217285,-0.1891891891891891,0.0262630495197309,0.1675448311108135,0.3093099787201488,0.2419176077358753,0.017253885436671,-0.7183762361579615,1.014254168228749,-1.8000011444091797,-0.6709180478682616,0.0472735191911906,-0.2999782562255859,-0.6000041961669922,0.6878728272467973,0.5416728933352692,0.5651288592293211
2025-03-25,243.733154296875,17.149999618530273,4.182000160217285,-0.1891891891891891,0.012300051992701,0.1547933710036655,0.3122293473557645,0.2421146208401192,0.0167244539695332,-0.0144307275908832,1.0288518534890434,-0.3299999237060547,-0.6632100950427626,0.0040590162191718,0.0,-1.3000011444091797,0.7097416092460778,0.4957681663001677,0.5492757091468725
2025-03-26,243.6361083984375,18.32999992370605,4.190000057220459,-0.1891891891891891,-0.0003982438251579,0.1751398241123234,0.3084763458408772,0.2392101083179346,0.019479741120294,0.3191357302340062,1.029721862812633,1.1800003051757812,-0.6546381471957889,0.0004699278352207,0.7999897003173828,0.0,0.6315441080370792,0.5677577113243769,0.5942108745401602
2025-03-27,240.8118133544922,18.690000534057617,4.188000202178955,-0.1891891891891891,-0.0116599820751924,0.2267545498736889,0.3095453854983584,0.2404808511020987,0.0139448927210926,-0.4655765803644716,1.0199107470895157,0.3600006103515625,-0.6545837377165566,0.0041976006637575,-0.1999855041503906,0.6000041961669922,0.6076872089839785,0.7325405594679473,0.603788698189356
2025-03-28,235.69705200195312,21.64999961853028,4.188000202178955,-0.1891891891891891,-0.0214684685649759,0.3004620079679586,0.3165035339126042,0.2423864326208336,0.0345892266228885,0.4008549338394973,1.0014236891440067,2.959999084472656,-0.6998002245411442,0.0635466472973588,0.0,0.3000259399414062,0.4115308766750604,0.9493164397049824,0.6840365840751865
2025-03-31,238.07489013671875,22.280000686645508,4.192999839782715,-0.1891891891891891,0.0100379861675362,0.2278453910137854,0.3077723596068524,0.2431132982624072,0.034651446776405,0.1271853288099209,1.015384674598837,0.6300010681152344,-0.6697752467350672,-0.0063239420072737,0.4999637603759765,1.0999679565429688,0.3697813033321342,0.7403049166105575,0.7239116831383402
2025-04-01,236.4831695556641,21.770000457763672,4.199999809265137,-0.1891891891891891,-0.0067082478848316,0.1878966873173392,0.3050674607053829,0.2429306054853278,0.0197406118620269,-0.5240345846637867,1.0119790970395033,-0.5100002288818359,-0.6650720625695927,-0.0034212079566602,0.6999969482421875,1.7999649047851562,0.4035785348579651,0.6159184820396145,0.7136126680776328
2025-04-02,238.5795745849609,21.51000022888184,4.203000068664551,-0.1891891891891891,0.0088258600092976,0.2148249381050709,0.275318955889905,0.2429822240062368,0.0235537918542822,-0.0374280889255065,1.0218454890309958,-0.2600002288818359,-0.6958603952148635,0.0022947256224964,0.3000259399414062,1.3000011444091797,0.4208085034631839,0.7802765974129854,0.7812756720421128
2025-04-03,221.95411682128903,30.020000457763672,4.184999942779541,-0.1891891891891891,-0.0722322212138266,0.536697255474651,0.3687372407095343,0.2831760997116054,0.0342821997209927,0.7954128724904759,0.95495547061364,8.510000228881836,-0.8383937805665151,0.6146962190623081,-1.8000125885009766,-0.3000259399414062,0.0,1.4555005467902389,0.8141298774161885
2025-04-04,205.34341430664065,45.310001373291016,4.15500020980835,-0.1891891891891891,-0.0777869102161548,0.6960697460297,0.4455897483584544,0.3224074224096525,0.0417063169268212,0.4578986312638764,0.8896736295351096,15.290000915527344,-0.8737507193229685,1.1893619284210504,-2.9999732971191406,-3.299999237060547,0.0,1.562131419302194,1.0168546637397369
2025-04-07,209.40577697753903,46.97999954223633,4.150000095367432,-0.1891891891891891,0.0195901169868026,0.7310121703905621,0.4533540436481446,0.3238039520625288,0.0927532137810117,-0.1703736529205168,0.9121177534080251,1.6699981689453125,-0.871545103482317,-0.0327154594973848,-0.5000114440917969,-4.29997444152832,0.0,1.6124531823033932,1.0362761775363862
2025-04-08,211.7787170410156,52.33000183105469,4.177999973297119,-0.1891891891891891,0.0112680557077686,0.7704521923746391,0.4361267593744515,0.3247932301506364,0.0672753108608076,-0.1620846706798854,0.925063417456295,5.350002288818359,-0.8131187958164454,-0.0602841238270948,2.79998779296875,-2.199983596801758,0.0,1.7665785825197236,1.199880555508977
2025-04-09,228.83859252929688,33.619998931884766,4.228000164031982,-0.1891891891891891,0.077474976919822,1.0480141253943065,0.5151939759219963,0.3606680159886906,0.1129981912663259,0.2093058651805964,0.9982432859732168,-18.71000289916992,-0.8726696610022353,1.449557042782994,5.000019073486328,2.500009536743164,0.4729525341169983,2.034212693420512,0.6525697213698604
2025-04-10,221.77833557128903,40.720001220703125,4.197000026702881,-0.1891891891891891,-0.0313385242908454,0.9237918438609966,0.5271756380289819,0.3659047719688894,0.0451323146160602,-0.2400153006643191,0.9673261710689433,7.100002288818359,-0.890743283573415,0.2225035941931926,-3.100013732910156,1.2000083923339844,0.2934782661102249,1.752341681256163,0.7724181142540678
2025-04-11,230.6549224853516,37.560001373291016,4.2129998207092285,-0.1891891891891891,0.0392443569395183,0.6316496536193322,0.5420142189284598,0.3736951723605637,0.0574936579445868,0.07088561986716,1.0035214714861809,-3.1599998474121094,-0.8933546061647365,0.1240121619406644,1.5999794006347656,5.799961090087891,0.3733569247986845,1.1653746923246369,0.6929707757029995
2025-04-14,229.20965576171875,30.88999938964844,4.195000171661377,-0.1891891891891891,-0.0062856395140973,0.6668224228961456,0.532179705807528,0.3720684530355951,0.0262014053531877,-0.4435393959102723,0.9964869581329564,-6.670001983642578,-0.8496035101296917,-0.0419252280274912,-1.7999649047851562,4.500007629394531,0.5419616202511433,1.2530023516855289,0.5804430167583342
2025-04-15,227.65701293945312,30.1200008392334,4.199999809265137,-0.1891891891891891,-0.0067969449561761,0.6903538461132817,0.5323816385321546,0.3712079236572845,0.0250074484200185,-0.176372075983267,0.9896103967724422,-0.7699985504150391,-0.8455890009457246,-0.0052336377635064,0.4999637603759765,2.199983596801758,0.5614256880894953,1.296727377782369,0.565759572818442
2025-04-16,224.2196502685547,32.63999938964844,4.208000183105469,-0.1891891891891891,-0.0152140141472226,0.4167050710482884,0.5347252449217491,0.3699571411609804,0.0246069820140871,-0.1575361963379188,0.9754416263202492,2.519998550415039,-0.8478148667812269,0.038339293596995,0.8000373840332031,-1.9999980926513672,0.4977250191578602,0.7792881952099875,0.6104069276629145
2025-04-17,226.5144805908203,29.64999961853028,4.204999923706055,-0.1891891891891891,0.0101827218927769,0.3433889325845199,0.5321785717868134,0.3702504876545101,0.0163389945526598,0.0249586582934648,0.986559864204827,-2.989999771118164,-0.8474924272758289,0.030446336128763,-0.3000259399414062,0.7999897003173828,0.5733064060972668,0.6452513325209172,0.55714380830816
2025-04-21,223.6141967773437,33.81999969482422,4.210000038146973,-0.1891891891891891,-0.0128866437338214,0.1576940623315194,0.5337121174124854,0.3686009249748584,0.0238875107624136,-0.092184674536638,0.975618754720174,4.170000076293945,-0.848005356046955,0.0537373053532083,0.5000114440917969,-0.2999782562255859,0.4678969032778527,0.2954665205954914,0.6336749455640719
2025-04-22,230.0592498779297,30.56999969482422,4.2129998207092285,-0.1891891891891891,0.0284146527988135,0.2918571476170649,0.5423201252711943,0.3720882741955324,0.0196103843448022,0.205191210905647,1.004667856669646,-3.25,-0.8505234819350727,0.092347621596144,0.2999782562255859,1.7999649047851562,0.5500505910225211,0.5381639626062519,0.5636891988756141
2025-04-23,235.22506713867188,28.450000762939453,4.208000183105469,-0.1891891891891891,0.0222059044031661,0.3162796045248554,0.5399353272544709,0.375134181257889,0.0281882810880717,0.2776991285114453,1.0284092895643218,-2.1199989318847656,-0.8530179344873368,0.0470764936162473,-0.4999637603759765,0.8000373840332031,0.6036400464899339,0.5857731260762516,0.5269149716060532
2025-04-24,238.89678955078125,26.46999931335449,4.197000026702881,-0.1891891891891891,0.0154888274607717,0.2517625542452487,0.5410447937444909,0.3757345666926557,0.0322514691355999,-0.4447345242057748,1.045514861353518,-1.980001449584961,-0.8552732911873903,0.0306679008246993,-1.100015640258789,-1.100015640258789,0.6536906375124549,0.4653266368258297,0.4892385920611036
2025-04-25,237.83238220214844,24.84000015258789,4.192999839782715,-0.1891891891891891,-0.0044654666860156,0.280730930109915,0.5411755481096234,0.3757440340813121,0.0158899407460284,-0.0529034358321729,1.0421170033499183,-1.6299991607666016,-0.8519542841583847,-0.0072787069506366,-0.4000186920166015,-1.2000083923339844,0.6948938504594366,0.5187428203113283,0.4590007852231373
2025-04-28,237.5101318359375,25.14999961853028,4.192999839782715,-0.1891891891891891,-0.0013558661641325,0.2293917727869748,0.5398291498069384,0.3756044555222643,0.0246690238051413,-0.1497263093746172,1.0414224341304852,0.3099994659423828,-0.8539567594564158,0.0004203177867704,0.0,-1.7000198364257812,0.6870576660514229,0.4249340237906998,0.4658881356726435
2025-04-29,238.87725830078125,24.170000076293945,4.190000057220459,-0.1891891891891891,0.0057395734908916,0.178328793655967,0.5348176213281363,0.3756686199632109,0.0145531748411993,-0.0242977917689912,1.0467218975502188,-0.979999542236328,-0.8531978837468008,0.0056247793937055,-0.2999782562255859,-2.299976348876953,0.7118301510922849,0.3334385153823378,0.4519297628277751
2025-04-30,238.87725830078125,24.700000762939453,4.190000057220459,-0.1891891891891891,0.0,0.1247815325426074,0.5337239757304927,0.3756739421176178,0.0277573733973342,0.5878990506594209,1.0465466832681412,0.5300006866455078,-0.856157678042898,-0.0,0.0,-1.8000125885009766,0.6984327631183973,0.2337941299560743,0.4627860445866849
2025-05-01,241.09396362304688,24.600000381469727,4.184999942779541,-0.1891891891891891,0.0092368916376437,0.0881279517710493,0.5339966125894767,0.3759706360686465,0.0254364242975496,-0.4021837837212691,1.055243242562145,-0.1000003814697265,-0.8573952059151869,0.0009236926873589,-0.5000114440917969,-1.2000083923339844,0.70096057853797,0.1650346644404651,0.4606770867361586
2025-05-02,246.58203125,22.68000030517578,4.208000183105469,-0.1891891891891891,0.0225079740429524,0.1517771032433333,0.5386323513409014,0.3789166043168217,0.0164745494983078,-0.1929188470183086,1.0774668366051832,-1.920000076293945,-0.8571157990297097,0.0432153118796908,2.300024032592773,1.5000343322753906,0.7494944513803061,0.2817823750569215,0.4210664333234891
2025-05-05,246.630859375,23.63999938964844,4.208000183105469,-0.1891891891891891,0.000198000198647,0.1465531185672658,0.4673004110210553,0.3789159843944369,0.0180947393427121,-0.2734640204857677,1.072174951031449,0.9599990844726562,-0.8568720096782204,-0.0001900800094265,0.0,1.5000343322753906,0.7252275390661725,0.3136164983185999,0.5058844125130307
2025-05-06,243.3985595703125,24.76000022888184,4.210000038146973,-0.1891891891891891,-0.0131924597135312,0.2093530605594431,0.3655781548093422,0.3795826392063361,0.014643907307861,0.1558397300793532,1.049852549501756,1.1200008392333984,-0.7770907415093482,0.0147755659507077,0.1999855041503906,1.9999980926513672,0.6969160931522811,0.5726629389784677,0.677283363438244
2025-05-07,243.5352783203125,23.549999237060547,4.215000152587891,-0.1891891891891891,0.000561549610867,0.2087564587270517,0.363979089028837,0.3790216826676444,0.0145153980754922,0.3145055400317867,1.0431298695705509,-1.210000991821289,-0.7993723353449375,0.0006794755861059,0.5000114440917969,2.500009536743164,0.7275025681223812,0.5735397032946378,0.6470151705664264
2025-05-08,247.51950073242188,22.479999542236328,4.215000152587891,-0.1891891891891891,0.0162275575488968,0.2253358955418329,0.3650830352686291,0.3773334574909213,0.0170828966355053,-0.0474150369138514,1.0525226315716327,-1.0699996948242188,-0.8435733083101333,0.017363481625062,0.0,3.000020980834961,0.7545500822194517,0.6172182045545616,0.6157503189841589
2025-05-09,247.138671875,21.89999961853028,4.215000152587891,-0.1891891891891891,-0.0015397660596855,0.1663196857318903,0.262156795161572,0.3772947173942853,0.0125256762526082,-0.4918680673964637,1.0470234153864624,-0.5799999237060547,-0.6606183206531605,-0.0008930641971427,0.0,0.6999969482421875,0.7692113537960913,0.6344282841472202,0.8353779121015309
2025-05-12,253.94503784179688,18.38999938964844,4.28000020980835,-0.1891891891891891,0.0271682534706997,0.2519191282662478,0.2412401220223881,0.380066358070482,0.0188425076965792,0.6353630593814091,1.068922507575019,-3.510000228881836,-0.559619342543464,0.095360575900476,6.500005722045898,7.200002670288086,0.8579373423460214,1.0442671233720755,0.7623109802581581
2025-05-13,256.8355712890625,18.21999931335449,4.284999847412109,-0.1891891891891891,0.0113182225499262,0.1869435440565336,0.2108938518065494,0.3796120884291474,0.0124710036025617,-0.1116869511925138,1.0754459356171484,-0.1700000762939453,-0.5252282316337061,0.0019240986969993,0.4999637603759765,7.499980926513672,0.8622346140950745,0.8864343007401415,0.8639417013478181
2025-05-14,259.40380859375,18.6200008392334,4.284999847412109,-0.1891891891891891,0.0099498743904171,0.1653521087234163,0.2072993099346371,0.3801749121942689,0.0163755679251585,0.0062789999761741,1.0796995023994267,0.4000015258789062,-0.7816643302919599,-0.0039799649384703,0.0,6.999969482421875,0.8521233524167833,0.7976491034897943,0.8982181776246343
2025-05-15,261.2103576660156,17.829999923706055,4.257999897003174,-0.1891891891891891,0.0069400966795282,0.1657488555693246,0.2021005348336633,0.3803972960668405,0.0177949808285392,0.0640278679316009,1.080036188324215,-0.7900009155273438,-0.8070835848641199,0.0054826827306756,-2.6999950408935547,4.29997444152832,0.8720930411959327,0.8201307122009472,0.8822341780728509
2025-05-16,261.2787475585937,17.239999771118164,4.236999988555908,-0.1891891891891891,0.000261784953159,0.1576153695486974,0.1877020785957873,0.3803893327373616,0.0140155480423743,-0.031048092482373,1.072493354995533,-0.5900001525878906,-0.7687600321651168,0.000154453162309,-2.0999908447265625,2.199983596801758,0.8870070991359363,0.8397103043707839,0.9184767638212548
2025-05-19,258.6616516113281,18.13999938964844,4.239999771118164,-0.1891891891891891,-0.0100669925004014,0.139511998147912,0.1966556083066519,0.3800084657245575,0.0241241865397299,0.3071764722446461,1.055120696340924,0.8999996185302734,-0.7967627343451179,0.0090602894101083,0.2999782562255859,-4.000043869018555,0.864256856787919,0.7094229315360596,0.922424717293702
2025-05-20,259.4428405761719,18.09000015258789,4.248000144958496,-0.1891891891891891,0.0030155675876636,0.1222615707238469,0.1844216829301358,0.3800670823346049,0.0164107798454408,-0.3643737385922491,1.0509928489229374,-0.0499992370605468,-0.7938883406689342,0.0001507760786876,0.8000373840332031,-3.699970245361328,0.8655207403906708,0.6629457490102346,0.980904190069716
2025-05-21,254.91177368164065,20.8700008392334,4.235000133514404,-0.1891891891891891,-0.0176189110848665,0.1603380515227118,0.1862461131539214,0.3706282782509358,0.0188476200931075,-0.122452360316844,1.0277107006330546,2.780000686645508,-0.8023897352520798,0.0489805849138752,-1.3000011444091797,-4.999971389770508,0.7952477224397052,0.860893410377922,1.1205603427538682
2025-05-22,254.5504913330078,20.280000686645508,4.23199987411499,-0.1891891891891891,-0.0014182891805881,0.1350590763535025,0.1762755575824201,0.3701458310177939,0.0131583707334719,-0.1361224052583281,1.0224606668746612,-0.5900001525878906,-0.775711480302237,-0.0008367908329607,-0.3000259399414062,-2.60000228881836,0.810161780379709,0.7661815296789162,1.150471509764665
2025-05-23,254.58953857421875,22.290000915527344,4.230000019073486,-0.1891891891891891,0.0001533850767718,0.134786572737619,0.1713548177989564,0.3694803734030707,0.0229756834440582,0.0239206303012565,1.0195572090947431,2.010000228881836,-0.7287282464145183,-0.0003083040394185,-0.1999855041503906,-0.6999969482421875,0.7593528784811643,0.7865934233361243,1.3008097001205583
2025-05-27,259.06201171875,18.959999084472656,4.203000068664551,-0.1891891891891891,0.0174148649012702,0.1983287504813146,0.1759966314235622,0.3697650720643275,0.0124769024538414,0.1178929449813011,1.0332849117489171,-3.3300018310546875,-0.808663124613299,0.0579915320087998,-2.6999950408935547,-3.699970245361328,0.843528857132746,1.126889468719471,1.0772932942587166
2025-05-28,257.30426025390625,19.309999465942383,4.224999904632568,-0.1891891891891891,-0.006808183840663,0.2021099481451565,0.1791012498895417,0.3699247098521431,0.0144977322319563,-0.3046188026304935,1.0224301550901589,0.3500003814697265,-0.8048600511471451,0.002382866941348,2.199983596801758,-2.300024032592773,0.8346815272712755,1.1284675470986667,1.0781610668742716
2025-05-29,258.1636047363281,19.18000030517578,4.230000019073486,-0.1891891891891891,0.0033342341469043,0.1443281812302305,0.178968818291081,0.3699699597307402,0.0108938417218485,-0.0856163767716101,1.0221147958867742,-0.1299991607666015,-0.805854813235291,0.0004334476408969,0.5000114440917969,-0.5000114440917969,0.837967653566872,0.8064431704269859,1.071695085675806
2025-05-30,257.80230712890625,18.56999969482422,4.23199987411499,-0.1891891891891891,-0.0014004710705303,0.1442974843391768,0.1793986036214381,0.3675199087072742,0.0098483923709755,0.7703184882050923,1.0170555221254398,-0.6100006103515625,-0.7947445083518142,-0.0008542882078031,0.1999855041503906,0.0,0.8533872842336041,0.8043400641159358,1.0351250968491432
2025-06-02,258.4468078613281,18.36000061035156,4.23199987411499,-0.1891891891891891,0.002496860715273,0.1428082782801422,0.1782604221657586,0.3662105623268573,0.0118265126558697,-0.6022415465346935,1.0162851153932102,-0.2099990844726562,-0.8036653167438045,0.000524338464263,0.0,0.1999855041503906,0.858695653222045,0.8011216205207312,1.0299538387314704
2025-06-03,260.0189819335937,17.690000534057617,4.235000133514404,-0.1891891891891891,0.0060647353096564,0.0792637558785491,0.1645179232238992,0.3567755143147763,0.013895601615333,0.1520571556627443,1.0199011823631283,-0.6700000762939453,-0.793738674320887,0.0040633731201724,0.3000259399414062,3.200006484985352,0.8756319538548932,0.4817940460546407,1.0752628155889474
2025-06-04,258.01715087890625,17.610000610351562,4.239999771118164,-0.1891891891891891,-0.0077285768005153,0.0848557585147886,0.1681822352046361,0.3571106589582639,0.0111271002491234,-0.1680717178766987,1.0099013734490692,-0.0799999237060546,-0.7875931726654473,-0.0006182855543976,0.4999637603759765,1.4999866485595703,0.8776541965477377,0.5045465022601239,1.0470785210414493
2025-06-05,255.8004302978516,18.479999542236328,4.23199987411499,-0.1891891891891891,-0.0086284876784965,0.1011012016312423,0.1636176798205983,0.3551178941715882,0.0169115956073328,0.3233240833943202,0.9989159204628084,0.8699989318847656,-0.7846752093347387,0.0075067750640728,-0.7999897003173828,0.1999855041503906,0.8556623132898127,0.6179112290438089,1.129462266088791
2025-06-06,259.49169921875,16.770000457763672,4.23199987411499,-0.1891891891891891,0.0143271431894885,0.153485128721747,0.1685778930043324,0.3540755945916896,0.008994031656373,-0.0547777375871378,1.0103327067933678,-1.7099990844726562,-0.81044061763977,0.024499401737134,0.0,0.0,0.898887768929639,0.9104700858836956,0.994792387002528
2025-06-09,260.4779357910156,17.15999984741211,4.239999771118164,-0.1891891891891891,0.0037934436495564,0.1543920629260256,0.1616662632911563,0.3426263422927489,0.0170577639632169,0.068290471447731,1.011741855337775,0.3899993896484375,-0.8081102711779788,-0.0014794407079927,0.7999897003173828,0.7999897003173828,0.8890293418287809,0.9550048339273473,1.061445937951039
2025-06-10,262.2943115234375,16.950000762939453,4.25,-0.1891891891891891,0.0069490415798518,0.1561333447399345,0.1617142760017253,0.3412605618396591,0.0113551292764798,-0.0944764900032429,1.0159490700845502,-0.2099990844726562,-0.8132360788047627,0.0014592923697313,1.0000228881835938,1.4999866485595703,0.8943377108172217,0.9654889388879236,1.0481449864549135
2025-06-11,261.8548889160156,17.260000228881836,4.25,-0.1891891891891891,-0.0016767085020871,0.1378458767532145,0.135821993754491,0.3409835227448038,0.0142830007810633,-0.0138926373823293,1.0127694952276294,0.3099994659423828,-0.7402560972839045,0.000519778740188,0.0,1.0000228881835938,0.886501526409208,1.0149009960962714,1.2707809502546876
2025-06-12,261.9427795410156,18.020000457763672,4.257999897003174,-0.1891891891891891,0.000335589984903,0.0998524088562193,0.1310221903462415,0.3397219779408709,0.0117431927049059,-0.1162843139935335,1.0121573721203896,0.7600002288818359,-0.7562438008960966,-0.0002550484653367,0.7999897003173828,2.60000228881836,0.8672901967201512,0.7621030345497019,1.3753395825656485
2025-06-13,258.72998046875,20.81999969482422,4.239999771118164,-0.1891891891891891,-0.0123411097929437,0.1167013716164736,0.134413506289154,0.3359352678021142,0.0162672102661611,0.070062109258607,0.9998669572259452,2.799999237060547,-0.8256610475644539,0.0345550980047229,-1.8000125885009766,0.7999897003173828,0.796511654256526,0.868226526026502,1.5489514610262196
2025-06-16,264.0129699707031,19.11000061035156,4.248000144958496,-0.1891891891891891,0.0202132591991771,0.1904526704143005,0.1501462283762833,0.3377727650131846,0.0180500264359268,0.1879455604351516,1.0197572314469987,-1.7099990844726562,-0.8277900549011228,0.0345646547248014,0.8000373840332031,0.8000373840332031,0.8397371098963523,1.2684479155680468,1.272759283866908
2025-06-17,263.1926574707031,21.600000381469727,4.2179999351501465,-0.1891891891891891,-0.0031119287022029,0.189690216138379,0.1506699132273234,0.3379246718820122,0.0103517685464893,-0.2398448172292996,1.0162310133424826,2.489999771118164,-0.8076772738971154,0.0077487017562214,-3.000020980834961,-3.200006484985352,0.7767947518407409,1.2589787308909093,1.4335974527894433
2025-06-18,267.5284729003906,20.13999938964844,4.2230000495910645,-0.1891891891891891,0.0163396995065254,0.2167560899827633,0.1553668010628603,0.3377263629212218,0.0292013441725917,0.3523893654222901,1.031291011261655,-1.460000991821289,-0.820914952845427,0.023855977485589,0.5000114440917969,-2.6999950408935547,0.8137007412527384,1.3951248818920154,1.2962871895328485
2025-06-20,268.5440673828125,20.6200008392334,4.195000171661377,-0.1891891891891891,0.0037890233919973,0.2141608073145061,0.1554783426294279,0.3376957226636909,0.0126908735795453,0.3765452710637147,1.0334794015886304,0.4800014495849609,-0.815963296095922,-0.00181873672067,-2.79998779296875,-6.299972534179688,0.8015672368816027,1.377431761187112,1.3262297816217252
2025-06-23,271.7373046875,19.82999992370605,4.1579999923706055,-0.1891891891891891,0.0118207832159589,0.1502085048211761,0.1424243358008767,0.3377955498033061,0.0231430003078407,-0.5456935257591952,1.042553773590129,-0.7900009155273438,-0.7794751313261309,0.0093384295628578,-3.700017929077149,-8.19997787475586,0.8215369256607521,1.0546547679266165,1.3923182307432596
2025-06-24,274.6571044921875,17.479999542236328,4.182000160217285,-0.1891891891891891,0.0106876188645872,0.1210358260159963,0.1438127416210687,0.3347342904371204,0.0113773077520678,0.1353596440068147,1.0498992413500503,-2.3500003814697266,-0.7991378054644062,0.0251159084087829,2.4000167846679688,-6.599998474121094,0.880940371057403,0.8416210180799758,1.2154694601605096
2025-06-25,277.3913269042969,16.760000228881836,4.188000202178955,-0.1891891891891891,0.0099058148327995,0.0715549731757919,0.1448151041702617,0.3344716471061539,0.01186367368215,-0.3056861260909189,1.055968173835499,-0.7199993133544922,-0.8176559211284089,0.0071321798778324,0.6000041961669922,-2.9999732971191406,0.8991405552930032,0.4941126382208273,1.1573378567733374
2025-06-26,281.9712219238281,16.59000015258789,4.192999839782715,-0.1891891891891891,0.0163757740890503,0.071740396533297,0.1436499801746541,0.33565231290264,0.0171082335633116,0.2698997703231691,1.068963562328694,-0.1700000762939453,-0.7590509610469691,0.0027838828445109,0.4999637603759765,-3.000020980834961,0.9034378270420562,0.4994111133609129,1.1548905285205922
2025-06-27,280.3697509765625,16.31999969482422,4.197000026702881,-0.1891891891891891,-0.0056957445889605,0.1331155692849455,0.1426400770699162,0.334853683211894,0.0127477407573538,0.6922745215799496,1.058484887733102,-0.2700004577636719,-0.7376115956287657,-0.0015378536463243,0.4000186920166015,0.1999855041503906,0.9102629142106822,0.9332269865480918,1.1441384518339004
2025-06-30,283.1040344238281,16.729999542236328,4.190000057220459,-0.1891891891891891,0.0097051716690487,0.130735632568945,0.1439174317412438,0.3316052373752751,0.0128659943487059,-0.3422937445357925,1.064036836971867,0.4099998474121094,-0.7146906189716166,-0.0039791189034183,-0.6999969482421875,3.200006484985352,0.8998989143830957,0.9084072095171972,1.162472074426398
2025-07-01,283.59228515625,16.829999923706055,4.224999904632568,-0.1891891891891891,0.0017231481354767,0.1353786804049276,0.1427354092957393,0.3312955179980565,0.0156330997130668,-0.3066270151474745,1.0609747165668304,0.1000003814697265,-0.7389237115689934,-0.0001723154708765,3.499984741210937,4.29997444152832,0.8973710989635229,0.9484589778590328,1.1791047510036765
2025-07-02,285.1449584960937,16.639999389648438,4.2230000495910645,-0.1891891891891891,0.0054600862334914,0.1317622151090942,0.1425699176917269,0.3307729454441631,0.0106849147848888,-0.135039380267691,1.0617336124386771,-0.1900005340576172,-0.7414478662466831,0.001037419300364,-0.1999855041503906,3.499984741210937,0.9021739434393043,0.9241936675168616,1.1671465943908603
2025-07-03,290.443603515625,16.3799991607666,4.239999771118164,-0.1891891891891891,0.0184117442622542,0.1426768153969398,0.1502864145182192,0.3320159586585106,0.0175337920317779,-0.2209030586931154,1.0756603388664914,-0.2600002288818359,-0.7150048079673262,0.0047870577222999,1.699972152709961,4.699993133544922,0.908746244244566,0.9493660212356928,1.08991882022582
2025-07-07,286.4892578125,17.790000915527344,4.244999885559082,-0.1891891891891891,-0.0137083806208661,0.1879375572552532,0.1580308929534295,0.2967918789896255,0.0204131313071133,0.2994861359213706,1.0557143583870303,1.4100017547607422,-0.7669596465448911,0.0193288407303493,0.5000114440917969,4.799985885620117,0.8731041384353204,1.189245683188267,1.1257293167842768
2025-07-08,277.47174072265625,16.809999465942383,4.25,-0.1891891891891891,-0.0319819481383498,0.3075902700962846,0.1988208422916776,0.2569150598673432,0.0332060778307244,0.5593519132662643,1.0186111835980916,-0.9800014495849608,-0.4652827871584813,-0.0313423555361338,0.5000114440917969,5.999994277954102,0.8978766716902512,1.5470725631724167,0.8454847727323014
2025-07-09,277.8446350097656,15.9399995803833,4.244999885559082,-0.1891891891891891,0.0013429978277334,0.3071547030737084,0.1952741773991961,0.2552256360021798,0.0166690251435912,-0.3145383834838249,1.0167181511628969,-0.869999885559082,-0.4253531898887693,0.0011684079564342,-0.5000114440917969,1.9999980926513672,0.9198685790552106,1.572940709133275,0.8162881438131677
2025-07-10,282.7802429199219,15.779999732971191,4.239999771118164,-0.1891891891891891,0.0176079786104223,0.3411848499775429,0.2015188314218726,0.2562231338112979,0.0184253357632465,-0.2929529658525411,1.0307732169388644,-0.1599998474121093,-0.4184879067947538,0.0028172738909032,-0.5000114440917969,1.699972152709961,0.9239130644408996,1.6930668343510011,0.7830533564347799
2025-07-11,281.4751281738281,16.399999618530273,4.236999988555908,-0.1891891891891891,-0.0046259801514489,0.2913363770099553,0.2033020791767542,0.2096868829972597,0.0130028974998264,-0.1301181914429127,1.0226112430011791,0.619999885559082,-0.4275473759701411,0.0028681071644969,-0.2999782562255859,-0.2999782562255859,0.9082406715178376,1.4330221224971469,0.8066813524455811
2025-07-14,283.2806396484375,17.200000762939453,4.228000164031982,-0.1891891891891891,0.006393976754891,0.293957275838389,0.202703801615987,0.1975934584995354,0.0139936884534892,0.2066528870627103,1.0253700061041426,0.8000011444091797,-0.4125440792336802,-0.0051151887212384,-0.8999824523925781,-1.699972152709961,0.8880181963753242,1.4501813655931204,0.848528770837957
2025-07-15,281.1710205078125,17.3799991607666,4.23199987411499,-0.1891891891891891,-0.0074749676986368,0.1577341442779805,0.2061358139060022,0.1853243242616043,0.0225789617739494,0.3217512881291963,1.014372100773474,0.1799983978271484,-0.408306450804368,0.0013454822095643,0.3999710083007812,-1.8000125885009766,0.8834681864769758,0.7651952433161721,0.8431334095438586
2025-07-16,280.4546813964844,17.15999984741211,4.224999904632568,-0.1891891891891891,-0.0025509498491778,0.1621263172485084,0.1994122198568888,0.1847014719109355,0.0270100098764113,-0.2272514174234861,1.0080256643502032,-0.2199993133544922,-0.3185085484780531,-0.0005612072152208,-0.6999969482421875,-1.9999980926513672,0.8890293418287809,0.8130209741652785,0.8605290016693681
2025-07-17,284.4581298828125,16.520000457763672,4.235000133514404,-0.1891891891891891,0.0141739235882228,0.1416672893717074,0.1941930907280328,0.1848487531353618,0.0236632821524377,-0.1593798635898126,1.0188498269603343,-0.6399993896484375,-0.2608587095820474,0.0090713024453861,1.0000228881835938,-0.4999637603759765,0.9052072833715366,0.7295176612133552,0.8506997028488471
2025-07-18,285.8023376464844,16.40999984741211,4.230000019073486,-0.1891891891891891,0.0047143729219548,0.1327776069477002,0.1926959491669065,0.1808872759603728,0.0146599003492646,0.3616452379693282,1.0197320472169964,-0.1100006103515625,-0.2329844542984903,0.0005185838988399,-0.5000114440917969,-0.6999969482421875,0.9079878851544736,0.6890524036532437,0.8516006651078242
2025-07-21,285.5080261230469,16.649999618530273,4.2230000495910645,-0.1891891891891891,-0.0010303035552533,0.1314571134364001,0.187930555553713,0.1806822624717142,0.0123724304512924,-0.4362062002043461,1.015579582844985,0.239999771118164,-0.1755940177363432,0.000247272617443,-0.6999969482421875,-0.5000114440917969,0.90192115707594,0.6994983495317132,0.885965540274875
2025-07-22,285.9593811035156,16.5,4.230000019073486,-0.1891891891891891,0.0015796354039255,0.1053466951127164,0.1879839351905502,0.1775829235498034,0.0152695752629068,-0.1619061627100674,1.0141933247153785,-0.1499996185302734,-0.1818048392377371,0.0002369447080057,0.6999969482421875,-0.1999855041503906,0.9057128560982648,0.5604026482684893,0.8777345778656429
2025-07-23,291.1893615722656,15.369999885559082,4.239999771118164,-0.1891891891891891,0.0181240059730162,0.1311417184852333,0.1929172908799981,0.1729417886888857,0.0149615928538109,0.0530520743297593,1.0293604909021146,-1.130000114440918,-0.2198381302281362,0.0204801288236362,0.9999752044677734,1.4999866485595703,0.934277064268486,0.6797820863387951,0.7967144788032402
2025-07-24,290.9832458496094,15.390000343322754,4.244999885559082,-0.1891891891891891,-0.0007080914788523,0.125972508382274,0.1914463252890455,0.1690251421851845,0.0114314087688516,-0.0116865729027252,1.0258126777374577,0.0200004577636718,-0.1740727844336165,1.4162153715602578e-05,0.5000114440917969,0.9999752044677734,0.9337714915417576,0.6580043163120569,0.8038806866669778
2025-07-25,293.0144348144531,14.93000030517578,4.244999885559082,-0.1891891891891891,0.0069561822678415,0.1271722247842094,0.1903264959386045,0.1673935169679821,0.0098452966629127,-0.1679985245227322,1.0302712043023712,-0.4600000381469726,-0.1574822616431268,0.0031998441085643,0.0,1.4999866485595703,0.9453993990791306,0.6681792997714445,0.7844415057161508
2025-07-28,292.6807861328125,15.029999732971191,4.235000133514404,-0.1891891891891891,-0.001139325389039,0.1274989988764431,0.183927187165155,0.1669025746875383,0.0087501185538547,-0.0132837507665393,1.0272560410760327,0.0999994277954101,-0.1578568986638647,0.0001139318869766,-0.9999752044677734,1.2000083923339844,0.9428716077665922,0.6932036576080354,0.8171711841314249
2025-07-29,291.464111328125,15.979999542236328,4.230000019073486,-0.1891891891891891,-0.0041656670095603,0.1427182283547567,0.1832191107506952,0.167314837192655,0.017135726472755,0.2680353298613289,1.021092378034949,0.9499998092651368,-0.2011393804524673,0.0039573828645443,-0.5000114440917969,0.0,0.9188574577087883,0.7789483737258848,0.8721797347865196
2025-07-30,294.0054931640625,15.479999542236328,4.23199987411499,-0.1891891891891891,0.008681570412341,0.0885220990656744,0.1826995932871785,0.1675960387893089,0.0107798965928436,0.0542898348859818,1.0281258702028302,-0.5,-0.2474832005083603,0.0043407852061705,0.1999855041503906,-0.7999897003173828,0.9314964865925834,0.4845226936358303,0.8472925015166237
2025-07-31,290.6790771484375,16.719999313354492,4.235000133514404,-0.1891891891891891,-0.0113786204546461,0.1308234796035897,0.18831924971161,0.1700329255954128,0.0184985524135096,0.6040982912033556,1.0152953649464225,1.239999771118164,-0.3188505912048763,0.0141094867594016,0.3000259399414062,-0.9999752044677734,0.9001517007464599,0.6946898939111714,0.8878539681397047
2025-08-01,283.93804931640625,20.3799991607666,4.182000160217285,-0.1891891891891891,-0.023463752784787,0.1904977245247691,0.2058643626833039,0.1776549475593883,0.0261257133986269,-0.2057246021069825,0.9919491604846729,3.659999847412109,-0.4988974589029689,0.0858773316120362,-5.299997329711914,-6.299972534179688,0.807634013174205,0.9253555207018784,0.9899721785318728
2025-08-04,288.7362365722656,17.520000457763672,4.152999877929688,-0.1891891891891891,0.0167575169931642,0.2530894231753032,0.2040515422067825,0.1753931841828501,0.0137973133414476,-0.5909564776178747,1.0089984153156897,-2.8599987030029297,-0.5629074145652638,0.0479264768659992,-2.9000282287597656,-8.20002555847168,0.8799292256039463,1.2403210504472764,0.8586066181263745
2025-08-05,285.9005126953125,17.850000381469727,4.150000095367432,-0.1891891891891891,-0.0098697025547418,0.2583361134547493,0.2012832332100657,0.177079120953248,0.0293441962241447,0.077078002154825,0.9991867748392936,0.3299999237060547,-0.5367217924751728,0.0032570010900662,-0.2999782562255859,-7.999992370605469,0.8715874684692042,1.2834457661217185,0.8868100982281463
2025-08-06,285.8808898925781,16.770000457763672,4.132999897003174,-0.1891891891891891,-6.863742910587896e-05,0.2382751082603493,0.1646051551507585,0.1743224844398878,0.0107431090346378,-0.1262878347923315,0.9977219107679788,-1.079999923706055,-0.7781080078254194,-7.412841819772902e-05,-1.7000198364257812,-9.89999771118164,0.898887768929639,1.4475555643571307,1.018801655537724
2025-08-07,281.5536804199219,16.56999969482422,4.138000011444092,-0.1891891891891891,-0.0152521315562925,0.2456609378469876,0.1744493025912753,0.1778895524428246,0.0245695536801578,0.2412218590520427,0.9820146656939156,-0.2000007629394531,-0.7292541443521406,-0.0030504379477114,0.5000114440917969,-9.70001220703125,0.9039433997687846,1.4082081968682727,0.949846141468778
2025-08-08,283.3395080566406,15.149999618530272,4.132999897003174,-0.1891891891891891,0.0063227301106405,0.2023523366760653,0.1647207443060638,0.1758292382318286,0.0225793714875617,-0.1943306760124424,0.9881515632900888,-1.420000076293945,-0.7690397066645637,0.0089782772394955,-0.5000114440917969,-4.900026321411133,0.9398382437273256,1.2284569106856331,0.9197384143906248
2025-08-11,284.1244812011719,16.25,4.14300012588501,-0.1891891891891891,0.0027666024984096,0.1432723644198916,0.1640408835013449,0.1756732681872627,0.0087719594085433,-0.1856402424527126,0.9904533873403636,1.1000003814697266,-0.7390168458931524,-0.0030432638036256,1.0000228881835938,-0.9999752044677734,0.9120323705401624,0.873394250029853,0.9906067105440074
2025-08-12,287.35272216796875,14.729999542236328,4.130000114440918,-0.1891891891891891,0.011298002043544,0.1592945892671743,0.1671318360282221,0.1692606704832003,0.0150589160669182,0.4417899727781917,1.0010303245553231,-1.520000457763672,-0.7865175229290134,0.0171729682780018,-1.3000011444091797,-1.9999980926513672,0.9504550299182762,0.9531073974456646,0.8813401379584559
2025-08-13,285.0762939453125,14.489999771118164,4.110000133514404,-0.1891891891891891,-0.0079536157641757,0.1719976896364234,0.1674340471706601,0.169319217402811,0.0254362171270073,-0.0177154115345473,0.9924571448230016,-0.239999771118164,-0.7732234984821427,-0.0019088659629639,-1.9999980926513672,-2.299976348876953,0.9565217579968096,1.027256358804441,0.8654153689750431
2025-08-14,288.6381530761719,14.829999923706056,4.111999988555908,-0.1891891891891891,0.0124169956455372,0.1302304894045951,0.1717925422995204,0.1698813781512287,0.0155017592528714,-0.2865584501554778,1.0034959116660045,0.3400001525878906,-0.7334400848090222,-0.0042217804141658,0.1999855041503906,-2.60000228881836,0.9479272144987034,0.758068351870235,0.8632505069894091
2025-08-15,285.0370178222656,15.09000015258789,4.111999988555908,-0.1891891891891891,-0.0125547792134642,0.1780542733448492,0.1716427701013765,0.1718972853159916,0.0195531442277873,0.1493080772887494,0.9908810349637738,0.2600002288818359,-0.726160059047805,0.0032642454690616,0.0,-2.0999908447265625,0.9413549136934416,1.0373537623500595,0.879151515888223
2025-08-18,286.0574645996094,14.989999771118164,4.123000144958496,-0.1891891891891891,0.0035736568808317,0.1785945200336974,0.1713012510921027,0.1719368921768825,0.0119712902582526,-0.3094368798790021,0.9943864421773624,-0.1000003814697265,-0.727315525389747,0.000357367051325,1.100015640258789,-1.9999980926513672,0.9438827291130144,1.0425756898744036,0.8750665669720396
2025-08-19,285.203857421875,15.56999969482422,4.110000133514404,-0.1891891891891891,-0.0029885020397357,0.1558407989533685,0.1715898359263012,0.17058925258986,0.0101493572210252,0.1130256557049254,0.9914690725500904,0.5799999237060547,-0.7283407306401323,0.0017333309550421,-1.3000011444091797,-1.9999980926513672,0.9292214575363748,0.908216958843081,0.9073963857341538
2025-08-20,286.7541809082031,15.6899995803833,4.114999771118164,-0.1891891891891891,0.0054211224574039,0.1497613126168422,0.172562994630951,0.1707409981454195,0.0207363733954878,0.2009916857425187,0.9967274020535344,0.119999885559082,-0.7203095532923397,-0.0006505340744902,0.4999637603759765,0.4999637603759765,0.9261880934971082,0.8678645901870605,0.909233153605062
2025-08-21,285.9986267089844,16.600000381469727,4.127999782562256,-0.1891891891891891,-0.0026383271367343,0.1119108958037479,0.1598041231616966,0.1664665152239681,0.0113218779948126,-0.1072880046828614,0.9949560056641064,0.9100008010864258,-0.7097146979586146,0.0024008798079563,1.3000011444091797,1.5999794006347656,0.903185040678692,0.700300427733718,1.0387717195928128
2025-08-22,290.6790771484375,14.220000267028809,4.0879998207092285,-0.1891891891891891,0.016232821849506,0.1241661444663248,0.1704249251278415,0.1687950362666457,0.0237307555058146,0.2555592976341945,1.011289706951624,-2.380000114440918,-0.7479398946893259,0.0386341178595235,-3.9999961853027344,-2.4000167846679688,0.9633468210584012,0.7285679860101661,0.8343850089041791
2025-08-25,289.3642578125,14.789999961853027,4.0929999351501465,-0.1891891891891891,-0.004533528819771,0.1381441062928535,0.1691162282565377,0.1692750822317341,0.0108850170278568,-0.3787407098621324,1.0073245249413325,0.5699996948242188,-0.7499937283171693,0.0025841100437463,0.5000114440917969,-3.000020980834961,0.9489383358451255,0.816858959764041,0.8745464651338848
2025-08-26,292.9653625488281,14.619999885559082,4.0879998207092285,-0.1891891891891891,0.0123680833508175,0.1440102835272764,0.1749430657162238,0.167704669153372,0.0175502900687706,0.1367811480238862,1.0198124534107635,-0.1700000762939453,-0.7310655367047708,0.0021025751132488,-0.5000114440917969,-2.200031280517578,0.9532356075941788,0.8231837194443384,0.8357004506411398
2025-08-27,293.6619873046875,14.850000381469728,4.059999942779541,-0.1891891891891891,0.002375017405813,0.1455575589656058,0.1744253651280667,0.1667579545455012,0.0134656468716065,-0.103167077404187,1.0218651141424853,0.2300004959106445,-0.7257558344059819,-0.0005462551811334,-2.79998779296875,-5.499982833862305,0.9474216417719752,0.8344976595504583,0.8513670228275882
2025-08-28,295.41845703125,14.43000030517578,4.072000026702881,-0.1891891891891891,0.0059634467545074,0.129987547433229,0.1730396233420898,0.1669200099743128,0.0084365030243895,0.0568051955358984,1.027736534402036,-0.4200000762939453,-0.7266100126962513,0.002504648091868,1.2000083923339844,-5.5999755859375,0.9580384279629256,0.7512010539704587,0.8339130672197814
2025-08-29,295.7618713378906,15.359999656677246,4.043000221252441,-0.1891891891891891,0.001161792193645,0.0991287713136911,0.1678149359991126,0.1667777378719512,0.0106827718043184,0.0584557892188483,1.028065582819239,0.9299993515014648,-0.7004104744001227,-0.0010804659866693,-2.8999805450439453,-4.499959945678711,0.9345298506318502,0.5907029116539146,0.915293955524821
2025-09-02,294.0741577148437,17.170000076293945,4.0320000648498535,-0.1891891891891891,-0.0057226691684393,0.1053399672529005,0.1451884804004248,0.1675228576046474,0.0198865238983073,0.0607250159500399,1.0204869703917638,1.8100004196166992,-0.5778018967037943,0.0103580335962027,-1.100015640258789,-6.099987030029297,0.8887765554654167,0.7255394295909464,1.1826007152178792
2025-09-03,293.8876953125,16.350000381469727,4.01800012588501,-0.1891891891891891,-0.0006342670281575,0.0681533827163275,0.1345253024003986,0.1674060316720897,0.0139895239050109,-0.1338894946874362,1.0189725052289187,-0.8199996948242188,-0.4643514227540477,-0.0005200987695262,-1.399993896484375,-6.999969482421875,0.9095045551205896,0.5066212935428092,1.2153847707255765
2025-09-04,298.1168212890625,15.300000190734863,3.997999906539917,-0.1891891891891891,0.0142877218056466,0.1200772777186083,0.1363049433856409,0.1680256484895343,0.0202422281226575,0.0447194695111006,1.0315551770540226,-1.0500001907348633,-0.4941505650820809,0.0150021106210956,-2.0000219345092773,-6.200003623962402,0.9360465205979664,0.880945875740394,1.1224831477642974
2025-09-05,288.85400390625,15.18000030517578,3.910000085830689,-0.1891891891891891,-0.0315640437623926,0.2672787611614144,0.1792161288722805,0.1799250484469734,0.0368231406960054,0.3982738929021797,0.9990142169164268,-0.119999885559082,-0.3878536183811511,-0.0037876816392689,-8.799982070922852,-16.19999408721924,0.939079884637233,1.491376712817473,0.8470219952130481
2025-09-08,287.4115905761719,15.109999656677246,3.927999973297119,-0.1891891891891891,-0.0050060817658737,0.2626016906887602,0.1712100570732051,0.1786606061700133,0.0171383324260332,-0.1834912129975654,0.9930675012071908,-0.0700006484985351,-0.4159096795011491,-0.0003504289700478,1.7999887466430664,-11.500024795532228,0.9408493650737476,1.533798277845783,0.8825415933490746
2025-09-09,292.2588806152344,15.039999961853027,3.943000078201294,-0.1891891891891891,0.0167246850332743,0.3071971535117455,0.1789179296095266,0.1811538887517391,0.0224609780235531,-0.0424465247696436,1.0083361358057423,-0.0699996948242187,-0.3882568834575895,0.0011707228483603,1.5000104904174805,-8.899998664855957,0.942618821403228,1.716972436368885,0.8406088755149675
2025-09-10,294.8984069824219,15.350000381469728,3.930000066757202,-0.1891891891891891,0.0089909269758417,0.3158671246194184,0.1807732859281956,0.1814343450970968,0.0204299410190499,-0.0077900045373483,1.0156451194569565,0.3100004196166992,-0.3920976956227982,-0.002787191135254,-1.3000011444091797,-8.800005912780762,0.93478261288818,1.7473108540212237,0.8491299089162349
2025-09-11,299.8241577148437,14.710000038146973,3.927999973297119,-0.1891891891891891,0.0165652479420147,0.3223919203177398,0.1851385877640169,0.1836438924848459,0.0161670456894769,0.019733885560741,1.0305019230001768,-0.6400003433227539,-0.3817188636118217,0.0106017643701159,-0.2000093460083007,-6.999993324279785,0.95096057853797,1.7413545399226549,0.7945399290231578
2025-09-12,301.1488037109375,14.760000228881836,3.927999973297119,-0.1891891891891891,0.0044083452212567,0.1446143060886597,0.1816649224478024,0.1836610497563421,0.0125443144244204,-0.1484613027919106,1.0323391392013364,0.0500001907348632,-0.4025088268663485,-0.0002204181018879,0.0,1.7999887466430664,0.9496966708281837,0.7960496949002994,0.8124848776528559
2025-09-15,303.1014099121094,15.6899995803833,3.900000095367432,-0.1891891891891891,0.006462928613847,0.0908919153659017,0.1787634137324973,0.1814411284661017,0.0089996724966867,0.0394218004859624,1.0365853467013508,0.9299993515014648,-0.3964515151065372,-0.0060105194196779,-2.79998779296875,-2.79998779296875,0.9261880934971082,0.5084480849191713,0.8776963503204249
2025-09-16,303.385986328125,16.360000610351562,3.890000104904175,-0.1891891891891891,0.0009384413877837,0.0932706315086492,0.170530034243422,0.1778580631486667,0.0121931142142486,0.3906218002139054,1.0344673838127276,0.6700010299682617,-0.3995370621659884,-0.0006287566963799,-0.9999990463256836,-5.299997329711914,0.9092517687572256,0.5469454804395962,0.9593618322388056
2025-09-17,305.8979187011719,15.720000267028809,3.868000030517578,-0.1891891891891891,0.0082455701992666,0.0926545813144454,0.1715033219568845,0.1779281821765128,0.0132799186798314,-0.1953497363396122,1.0396831163519171,-0.6400003433227539,-0.4097157286293145,0.0052771677584225,-2.200007438659668,-6.200003623962402,0.9254297344070156,0.5402494847169115,0.916600336813346
2025-09-18,307.3501892089844,15.699999809265137,3.880000114440918,-0.1891891891891891,0.0047363316868262,0.0431694947035893,0.1700767058855584,0.1757295943048932,0.0122274908390273,-0.0727016045581672,1.0408882022656938,-0.0200004577636718,-0.3986118453008613,9.472880185710873e-05,1.2000083923339844,-4.799985885620117,0.925935307133744,0.2538236760808225,0.9231128817740264
2025-09-19,308.8710327148437,15.449999809265137,3.878000020980835,-0.1891891891891891,0.0049360409529316,0.0429077141382807,0.1700181542943752,0.1757866469593319,0.0212211471557467,1.0741562734729793,1.042321055039391,-0.25,-0.401202299561584,0.0012340102382329,-0.2000093460083007,-4.999995231628418,0.9322548215756415,0.252371367730465,0.908726475321834
2025-09-22,306.57501220703125,16.100000381469727,3.848000049591065,-0.1891891891891891,-0.0074613564543029,0.0956990420575186,0.1730201948427676,0.1757367184978312,0.0132505908849295,-1.1423225842919225,1.0311632827149924,0.6500005722045898,-0.4084328298808883,0.0048498859647193,-2.999997138977051,-5.200004577636719,0.9158240695624872,0.5531090873206175,0.9305272367830028
2025-09-23,306.8693542480469,16.639999389648438,3.8450000286102295,-0.1891891891891891,0.0009596373516476,0.0956804528659039,0.1666157437544677,0.1748375677861719,0.018321964460106,0.1323538692124209,1.0294837068791551,0.5399990081787109,-0.3192015461435308,-0.0005182032181009,-0.3000020980834961,-4.500007629394531,0.9021739434393043,0.574258174587048,0.9987051052132188
2025-09-24,307.53662109375,16.18000030517578,3.858000040054321,-0.1891891891891891,0.0021720723261954,0.0803189846303124,0.1646151743782054,0.1740555285946406,0.0156657932939031,-0.160634931689834,1.0287357544107456,-0.4599990844726562,-0.2949756338913296,0.0009991512814583,1.3000011444091797,-0.9999990463256836,0.9138018268696428,0.4879196886538454,0.9828984701010628
2025-09-25,307.5660400390625,16.739999771118164,3.882999897003174,-0.1891891891891891,9.565539931413668e-05,0.0734295595450684,0.161175286139445,0.1714789033049603,0.0122826797051541,-0.0315858878796161,1.026446917084478,0.5599994659423828,-0.2895418893836456,-5.356697253042191e-05,2.499985694885254,0.2999782562255859,0.8996461280197315,0.4555882065041839,1.0386207570703558
2025-09-26,310.1270446777344,15.289999961853027,3.859999895095825,-0.1891891891891891,0.0082922065236747,0.0893731476729996,0.1625005680407744,0.1714152637502313,0.0130038137800103,0.0243923036004726,1.0322926877843213,-1.4499998092651367,-0.3142614539836504,0.0120236978777155,-2.300000190734864,-1.8000125885009766,0.9362993069613303,0.5499866785116357,0.940919785462933
2025-09-29,309.76397705078125,16.1200008392334,3.86299991607666,-0.1891891891891891,-0.0011713919245234,0.0585228300677069,0.1625181816144853,0.1707040332437863,0.0137793597195812,-0.1161173207692008,1.0287449732873502,0.8300008773803711,-0.3163439782073825,0.0009722563251107,0.3000020980834961,1.4999866485595703,0.9153184968357588,0.3601002022440227,0.9918890722929808
2025-09-30,309.50885009765625,16.280000686645508,3.8450000286102295,-0.1891891891891891,-0.0008239566032105,0.061925016141301,0.1628322217333666,0.1707621659796869,0.0231430697145223,0.6040713950025333,1.0256678523634948,0.1599998474121093,-0.3219185704275087,0.0001318329307878,-1.7999887466430664,0.0,0.91127401145007,0.3802995223064735,0.9998021591392136
2025-10-01,304.8774719238281,16.290000915527344,3.8450000286102295,-0.1891891891891891,-0.0150767220441745,0.1335359775889802,0.1715320389170455,0.17368638665838,0.0231083417760618,-0.2470498906721846,1.0086006763226985,0.0100002288818359,-0.262413664012568,0.0001507706712295,0.0,-1.3000011444091797,0.9110212250867058,0.7784900035704667,0.949676866104608
2025-10-02,301.7767639160156,16.6299991607666,3.848000049591065,-0.1891891891891891,-0.0102224127880141,0.1442746764241354,0.1763371444267807,0.1714881305060775,0.0143715918894186,-0.1948740228650746,0.9971036650919302,0.3399982452392578,-0.3067465253630131,0.0034756024100361,0.3000020980834961,-3.499984741210937,0.9024267298026684,0.8181751887449986,0.943079758653558
2025-10-03,304.2102355957031,16.649999618530273,3.858000040054321,-0.1891891891891891,0.0080314751388261,0.1429032487235192,0.1717870282817445,0.1696133511812767,0.0111279947766835,-0.2314178204386301,1.00418138558111,0.0200004577636718,-0.2267018594171012,-0.000160633179294,0.9999990463256836,-0.1999855041503906,0.90192115707594,0.8318628603851654,0.9692233333952864
2025-10-06,304.8511047363281,16.3700008392334,3.859999895095825,-0.1891891891891891,0.0021044493705481,0.1485559597166112,0.1245621248853332,0.1558537309958722,0.0214114602303178,0.1793624629015181,1.0037728223633933,-0.279998779296875,-0.3792259028166781,0.0005892432548455,0.1999855041503906,-0.3000020980834961,0.9089989823938612,1.1926254457634349,1.3142037239893702
2025-10-07,303.3819885253906,17.239999771118164,3.8429999351501465,-0.1891891891891891,-0.0048307765039503,0.1472404613241533,0.1244292458558333,0.1563662741998244,0.017257621360658,0.1585704695498569,0.9964403707169688,0.8699989318847656,-0.4379363245366247,0.0042027703986108,-1.699995994567871,-0.2000093460083007,0.8870070991359363,1.183326799993223,1.3855263408968042
2025-10-08,299.7732238769531,16.299999237060547,3.8429999351501465,-0.1891891891891891,-0.0119664313177124,0.1335137336323363,0.123005817448915,0.1550850890825257,0.0172022859827222,-0.2644162370282342,0.9834318084049508,-0.9400005340576172,-0.2482448002923194,-0.0112484518294134,0.0,-0.2000093460083007,0.9107684869374104,1.0854261725286718,1.3251405157182932
2025-10-09,301.2522277832031,16.43000030517578,3.8529999256134033,-0.1891891891891891,0.0049216115143374,0.1277582692197431,0.1205450889659287,0.1548711864723606,0.0152194348020252,0.0842404212434031,0.9873038261992464,0.1300010681152343,-0.2720962049887759,-0.0006398147537121,0.9999990463256836,0.4999876022338867,0.9074823124277452,1.0598380267142455,1.362975501210141
2025-10-10,296.67724609375,21.65999984741211,3.8529999256134033,-0.1891891891891891,-0.0153030454960792,0.1383049184714014,0.1192901613415966,0.1578939178563803,0.0321047664988025,0.1969722884482758,0.972787841927422,5.229999542236328,-0.4735019039907827,0.0800349209393162,0.0,-0.5000114440917969,0.7752780818746248,1.1593992070758847,1.815740678343709
2025-10-13,303.6580810546875,19.030000686645508,3.8529999256134033,-0.1891891891891891,0.0232575006338246,0.2462818249034593,0.1443130249306539,0.1632720436279985,0.0130206813395866,0.2270394581153269,0.9952876506748468,-2.6299991607666016,-0.6048114442093075,0.0611672071484874,0.0,-0.6999969482421875,0.8417593525891968,1.7065807124603205,1.3186613402213632
2025-10-14,297.8505249023437,20.809999465942383,3.8529999256134033,-0.1891891891891891,-0.0193105686687605,0.2803650522209279,0.1576595784763706,0.1682118400378103,0.0423398077113662,0.4052024531595484,0.977053208602955,1.779998779296875,-0.6592991832281765,0.0343727886579221,0.0,0.9999990463256836,0.7967644406198902,1.778293808282304,1.3199324561851022
2025-10-15,301.40997314453125,20.63999938964844,3.858000040054321,-0.1891891891891891,0.0118796086653964,0.2869962331143726,0.1636497542973137,0.1675402717336035,0.0218521790782531,-0.3540611812271196,0.989034718063963,-0.1700000762939453,-0.653944994630057,0.0020195343794596,0.5000114440917969,1.5000104904174805,0.8010617123689433,1.7537223587452928,1.261230087284478
2025-10-16,294.360107421875,25.309999465942383,3.8529999256134033,-0.1891891891891891,-0.0236675020508655,0.3312925876762949,0.179223781264568,0.1744023090377877,0.0388892108905246,-0.0735715757493456,0.9676460831620568,4.670000076293945,-0.727736965322409,0.1105272363832294,-0.5000114440917969,0.0,0.683013180665734,1.8484856492746613,1.4122009527619586
2025-10-17,293.3938293457031,20.780000686645508,3.8320000171661377,-0.1891891891891891,-0.0032880390458567,0.3176017973910758,0.1776678803845241,0.1745395634447661,0.0179794852461107,-0.0382505126322502,0.966581333694076,-4.529998779296875,-0.6040646726290029,-0.0148948128640113,-2.0999908447265625,-2.0999908447265625,0.7975227514959138,1.7876151654631922,1.1695980523700535
2025-10-20,298.1265869140625,18.229999542236328,3.79800009727478,-0.1891891891891891,0.0160023506644743,0.2832459803964529,0.1871605740310836,0.1772868148085796,0.018289453126104,-0.3870364657577774,0.9838316663108588,-2.55000114440918,-0.6414493507910095,0.0408060125076466,-3.399991989135742,-5.499982833862305,0.8619818277317103,1.5133848667797494,0.9740299011483418
2025-10-21,292.9303894042969,17.8700008392334,3.785000085830689,-0.1891891891891891,-0.0175831826447967,0.277445452092787,0.1942462910140741,0.1773748786333407,0.0237301419767448,0.0670019813024291,0.9687611752836834,-0.3599987030029297,-0.5985940015016856,-0.0063299229467904,-1.3000011444091797,-6.799983978271484,0.871081895742476,1.4283178877926923,0.9199661288739164
2025-10-22,289.9921264648437,18.600000381469727,3.788000106811523,-0.1891891891891891,-0.010081229475102,0.243296285041474,0.1957657670233092,0.1785341223949148,0.0255686287042682,0.088397289363608,0.961599744071604,0.7299995422363281,-0.6054440593503289,0.0073592929020039,0.3000020980834961,-6.999993324279785,0.8526289251435115,1.2427927964162675,0.9501150617030548
2025-10-23,290.4161071777344,17.299999237060547,3.788000106811523,-0.1891891891891891,0.0014609744098337,0.2013356186571548,0.195558456485123,0.1779945649765471,0.0131051308466767,-0.3926228302435008,0.9656160617945712,-1.3000011444091797,-0.606740357547286,0.0018992684047363,0.0,-6.499981880187988,0.8854904291698202,1.029541868328621,0.8846459287929914
2025-10-24,296.2334899902344,16.3700008392334,3.763000011444092,-0.1891891891891891,0.0198332140050434,0.256437182402198,0.2105284054001288,0.1824042738930162,0.0237984084621979,0.2844454288266015,0.9867289851035728,-0.9299983978271484,-0.6003811513701462,0.0184448572484533,-2.500009536743164,-6.90000057220459,0.9089989823938612,1.2180645263275292,0.7775673220020209
2025-10-27,299.8915710449219,15.789999961853027,3.7179999351501465,-0.1891891891891891,0.0122730185688328,0.2446359924311052,0.2133624925586361,0.1837661227406623,0.0115732010005231,-0.2477298167519259,1.0005381211846638,-0.5800008773803711,-0.5870404856087509,0.0071183615380286,-4.500007629394531,-8.000016212463379,0.9236602780775354,1.1465744962830076,0.7400550946185458
2025-10-28,301.0845947265625,16.420000076293945,3.7200000286102295,-0.1891891891891891,0.0039702913917259,0.1797297994256385,0.214233729275116,0.1831491531942459,0.0157518921578934,0.1159735941380555,1.0059055080645578,0.630000114440918,-0.5802370931149019,-0.0025012840311511,0.2000093460083007,-6.500005722045898,0.9077350987911094,0.8389425887033498,0.766452609113087
2025-10-29,301.2325134277344,16.920000076293945,3.7300000190734863,-0.1891891891891891,0.0004911655410182,0.1311176717539408,0.2143230935738291,0.1815841876824944,0.0171516155506488,0.1713583762709157,1.0077265711642454,0.5,-0.5779632805368341,-0.0002455827705091,0.9999990463256836,-5.800008773803711,0.8950960699073143,0.6117757520552675,0.7894622923807981
2025-10-30,305.10748291015625,16.90999984741211,3.756999969482422,-0.1891891891891891,0.0127816811050089,0.1220085582880453,0.2134695191401868,0.1764867926734111,0.024269581142693,-0.0007582358742775,1.020652281549384,-0.0100002288818359,-0.5816987980110374,0.0001278197365447,2.6999950408935547,-3.100013732910156,0.8953488562706784,0.5715502558841739,0.7921505569283266
2025-10-31,306.7639465332031,17.440000534057617,3.7179999351501465,-0.1891891891891891,0.0054144305162294,0.0852247051764945,0.2108579830354854,0.1738456624360811,0.0180637541957747,0.0271349487336637,1.025378918497106,0.5300006866455078,-0.5783784986628596,-0.002869651891396,-3.900003433227539,-4.500007629394531,0.8819514682967907,0.4041805956293911,0.8270970006918178
2025-11-03,305.01873779296875,17.170000076293945,3.7829999923706055,-0.1891891891891891,-0.0057053379212941,0.1075980019172844,0.2102746876830352,0.1729885157584041,0.0197511419058969,0.0062874207371293,1.0194142545029692,-0.2700004577636719,-0.5762834413067521,-0.0015404438504458,6.500005722045898,6.500005722045898,0.8887765554654167,0.5117021126169782,0.8165509727055563
2025-11-04,304.9201354980469,19.0,3.7929999828338623,-0.1891891891891891,-0.0003233186146959,0.110420854403404,0.2101550755158889,0.1729958244459758,0.0230234280264751,-0.0922620629832513,1.0190735164280396,1.829999923706055,-0.567566089297859,0.0005916730402262,0.9999990463256836,7.299995422363281,0.8425177116792892,0.5254255893289411,0.9040942719731502
2025-11-05,307.31610107421875,18.010000228881836,3.788000106811523,-0.1891891891891891,0.0078269715666432,0.1141003125446372,0.2110531723546756,0.1703075715033491,0.023966893596772,-0.0315429293159583,1.0264384146262675,-0.989999771118164,-0.5704533664093571,0.0077487000595252,-0.4999876022338867,5.800008773803711,0.8675429830835153,0.5406235370529814,0.8533394702362475
2025-11-06,309.0317687988281,19.5,3.763000011444092,-0.1891891891891891,0.0055672202006174,0.0875121007525629,0.2065772424738177,0.1702253090093043,0.0146129359200018,0.0484627174737178,1.0306510709036718,1.489999771118164,-0.5925900488828272,-0.0082951568246843,-2.500009536743164,0.6000041961669922,0.8298786827954941,0.4236289520790484,0.9439568350551244
2025-11-07,309.8106689453125,19.07999992370605,3.756999969482422,-0.1891891891891891,0.0025172823009005,0.083892506507713,0.206235525628728,0.170217771214396,0.0216096820979496,0.0132614774697772,1.0318462915901143,-0.4200000762939453,-0.5936587796815777,0.0010572587584316,-0.6000041961669922,3.900003433227539,0.8404954689864448,0.4067800940306426,0.9251558316899532
2025-11-10,312.45318603515625,17.600000381469727,3.7829999923706055,-0.1891891891891891,0.0084932877065295,0.0587836182047068,0.1983723653048167,0.169644590778994,0.0168828484843582,-0.2313492085919315,1.0380501362087304,-1.479999542236328,-0.5478299014186108,0.012570061917745,2.60000228881836,0.0,0.8779069829111018,0.2963296733110009,0.8872203723752432
2025-11-11,311.2009582519531,17.280000686645508,3.7829999923706055,-0.1891891891891891,-0.0040157817518298,0.0808324549999423,0.1843600711919563,0.1689501726015824,0.0119447090551793,-0.1413804136793152,1.0326576377388854,-0.3199996948242187,-0.4869945136722055,-0.0012850489350662,0.0,-0.9999990463256836,0.8859959536824797,0.4384488163696756,0.9372962689222176
2025-11-12,315.92388916015625,17.510000228881836,3.7780001163482666,-0.1891891891891891,0.0150624559727887,0.1122071885863677,0.1744356641026239,0.1697328852059831,0.0188508738050869,0.7433449882377589,1.0453443867050871,0.2299995422363281,-0.412535374207457,-0.0034643579786962,-0.4999876022338867,-0.9999990463256836,0.8801820119673105,0.6432582990617907,1.0038084997675911
2025-11-13,305.1469421386719,20.0,3.7929999828338623,-0.1891891891891891,-0.0347078893943382,0.306804029802849,0.2140541055501431,0.1824593055723822,0.0372560371267603,-0.1645512315990883,1.0090909328133404,2.489999771118164,-0.5061472935475492,0.0864226366478968,1.4999866485595703,2.999997138977051,0.8172396539116991,1.433301309565299,0.9343432095636636
2025-11-14,299.3591003417969,19.82999992370605,3.788000106811523,-0.1891891891891891,-0.019149580844394,0.3225051688224616,0.2080930368798273,0.1868061861430811,0.0211126246545776,0.1405083232980017,0.9891724335993228,-0.1700000762939453,-0.3417651882471024,-0.003255430204544,-0.4999876022338867,3.100013732910156,0.8215369256607521,1.5498123995792648,0.952939138235451
2025-11-17,296.1644592285156,22.3799991607666,3.7720000743865967,-0.1891891891891891,-0.0107289517151267,0.2922976719038518,0.2115042020477498,0.1880682008593899,0.0263674236405214,-0.2132191069907956,0.9781899353370264,2.549999237060547,-0.5351144617652891,0.0273588186880325,-1.6000032424926758,-1.099991798400879,0.7570778976390246,1.381994632134362,1.0581349658345809
2025-11-18,295.2178955078125,24.690000534057617,3.7720000743865967,-0.1891891891891891,-0.0032011930063817,0.2935272459230182,0.2040390373742767,0.1879601245672897,0.0198056949361369,-0.032485059424673,0.9755098399156544,2.310001373291016,-0.4637523113944587,0.0073947602409114,0.0,-1.099991798400879,0.6986855494817614,1.4385837617170765,1.2100625866396233
2025-11-19,299.0238647460937,23.65999984741211,3.7720000743865967,-0.1891891891891891,0.0128096728821179,0.2813277859519394,0.1990157305093855,0.189457846745424,0.0170805664292942,-0.3758725308518462,0.9871396951185636,-1.0300006866455078,-0.5555662479802428,0.0131939718642858,0.0,-0.6000041961669922,0.7247219663394442,1.4135957254829763,1.188850739931651
2025-11-20,294.20233154296875,26.420000076293945,3.775000095367432,-0.1891891891891891,-0.0162556522469289,0.2029164848796498,0.2044159535965805,0.1897785362581387,0.0394128613619524,0.3019312037013262,0.9705804411931116,2.760000228881836,-0.6031640532791539,0.0448656039221475,0.3000020980834961,-1.7999887466430664,0.6549545211152068,0.9926646199058908,1.2924627266829876
2025-11-21,293.84735107421875,23.43000030517578,3.740000009536743,-0.1891891891891891,-0.0012073146958899,0.1749945367633366,0.2044975178576525,0.1895584214923588,0.0297630878604607,0.4501656755284219,0.9688870872832356,-2.989999771118164,-0.5249472283430614,-0.0036098706643784,-3.500008583068848,-4.800009727478027,0.7305359080546134,0.8557293926919328,1.1457351928097743
2025-11-24,293.8276672363281,20.520000457763672,3.7300000190734863,-0.1891891891891891,-6.698885365101652e-05,0.1641100385263354,0.1921090306169814,0.18795041479614,0.0178187837536704,-0.0728379282893214,0.9691882883200372,-2.9099998474121094,-0.4526135135742686,-0.0001949375539027,-0.9999990463256836,-4.200005531311035,0.8040950523011755,0.854254680268159,1.0681434595688295
2025-11-25,298.7576599121094,18.559999465942383,3.732000112533569,-0.1891891891891891,0.0166393131767144,0.206711775966572,0.1962849662709573,0.1908120133573117,0.0295049585524957,-0.2089578863959419,0.9856253754761992,-1.960000991821289,-0.4908553295321705,0.0326130703295853,0.2000093460083007,-3.9999961853027344,0.8536400705969682,1.0531207758480152,0.9455639837603068
2025-11-26,303.33270263671875,17.190000534057617,3.753000020980835,-0.1891891891891891,0.0151974888308219,0.2148345844538462,0.2030140912650609,0.1928145121802681,0.0173254008531906,-0.115244636634046,1.0003655020542908,-1.3699989318847656,-0.5218909694766914,0.0208205434655567,2.0999908447265625,-1.900005340576172,0.8882709827386883,1.0582249887932758,0.8467392793741526
2025-11-28,308.6965026855469,16.350000381469727,3.697000026702881,-0.1891891891891891,0.0175283706539777,0.1493364207491894,0.2115578087614441,0.1958255212288671,0.0175035493208161,-0.6044307517846719,1.01686292145408,-0.8400001525878906,-0.5292541511840554,0.0147238340239583,-5.59999942779541,-7.800006866455078,0.9095045551205896,0.705889428631696,0.7728384254492937
2025-12-01,304.59478759765625,17.239999771118164,3.693000078201294,-0.1891891891891891,-0.0133762742464415,0.2153215740203104,0.2128624699434703,0.1974341938432444,0.0178039614169789,0.5809487095497633,1.003432348105742,0.8899993896484375,-0.5490808149574913,0.0119048759151031,-0.3999948501586914,-4.699993133544922,0.8870070991359363,1.0115525488240982,0.8099126058105296
2025-12-02,303.5693359375,16.59000015258789,3.671999931335449,-0.1891891891891891,-0.0033722891314606,0.2234590866860856,0.2121798374720166,0.1975772849258599,0.0110108308258857,-0.0638959847787415,1.00055560781454,-0.6499996185302734,-0.5527565807899134,-0.0021919866490232,-2.1000146865844727,-5.800008773803711,0.9034378270420562,1.0531589115556588,0.7818839127339735
2025-12-03,307.7598571777344,16.079999923706055,3.634999990463257,-0.1891891891891891,0.0137097554765727,0.2159454881406593,0.2167859185914107,0.1974168401846033,0.0178130825989677,0.1633469766948238,1.013931227752796,-0.5100002288818359,-0.5562978125759018,0.0069919784309661,-3.6999940872192383,-9.70001220703125,0.9163296422892157,0.9961232239796194,0.7417455906816987
2025-12-04,311.6742248535156,15.779999732971191,3.611999988555908,-0.1891891891891891,0.0126386968197606,0.2097067527819047,0.2208337202941554,0.1877913792269961,0.0173678903143619,0.1204442419453474,1.025740440586026,-0.3000001907348633,-0.5640645095463855,0.0037916114565683,-2.300000190734864,-14.100003242492676,0.9239130644408996,0.949613820310461,0.7145647735296892
2025-12-05,310.6290588378906,15.40999984741211,3.6029999256134033,-0.1891891891891891,-0.0033590277465619,0.1846984659140913,0.2199018224574106,0.1875986871309021,0.0120620181801608,-0.3899490969102046,1.0217702289769055,-0.369999885559082,-0.554878962974277,-0.0012428398818177,-0.9000062942504883,-9.400010108947754,0.9332659429220638,0.8399133024459708,0.7007672640092207
2025-12-08,310.79669189453125,16.65999984741211,3.618000030517578,-0.1891891891891891,0.0005395111499937,0.1350225688521251,0.219133477132701,0.184940205732546,0.0098981479070028,0.1290959774223835,1.0220390907424572,1.25,-0.5780985141647634,-0.0006743889374922,1.5000104904174805,-7.500004768371582,0.901668370712576,0.6161658666619858,0.7602672154617108
2025-12-09,296.30255126953125,16.93000030517578,3.631999969482422,-0.1891891891891891,-0.047757909627369,0.3986586030506562,0.27478166122723,0.2082961617009128,0.0624937545140138,0.88929973499594,0.9764412885686709,0.2700004577636719,-0.4904063761042457,0.0128946574612257,1.399993896484375,-3.9999961853027344,0.89484328354395,1.4508195389392688,0.6161255532688391
2025-12-10,305.7680969238281,15.770000457763672,3.5929999351501465,-0.1891891891891891,0.0314458964768887,0.4650270215521275,0.2965927776374695,0.2150993370921624,0.0410499873839807,0.0446892494120237,1.0086924097258008,-1.1599998474121094,-0.4917319070127149,0.0364772351149278,-3.900003433227539,-4.200005531311035,0.9434838599674416,1.5678973212238434,0.5317054779074768
2025-12-11,312.9363098144531,14.850000381469728,3.568000078201294,-0.1891891891891891,0.0231727253673816,0.4902464296683821,0.3078832083306009,0.2197749640586959,0.0276010133935799,-0.6634095392580848,1.0320581425662576,-0.9200000762939452,-0.5020178204363102,0.0213189091059297,-2.499985694885254,-4.399991035461426,0.9672257962515656,1.5923129823369968,0.4823257644348045
2025-12-12,314.0603332519531,15.739999771118164,3.525000095367432,-0.1891891891891891,0.0035854247516796,0.4890048673123409,0.3034681886269997,0.2195386851474308,0.0115219861758777,-0.0790583025743468,1.0360683723396402,0.8899993896484375,-0.5075946908701879,-0.0031910258406252,-4.299998283386231,-7.799983024597168,0.9442580711976049,1.61138757088437,0.5186705019175696
2025-12-15,315.5393371582031,16.5,3.5380001068115234,-0.1891891891891891,0.0046982446031201,0.4890080149743399,0.2766598818962399,0.219693490956634,0.0140303430676737,0.1901410054401671,1.0392508784418308,0.7600002288818359,-0.4159755242337812,-0.0035706669737141,1.3000011444091797,-7.999992370605469,0.9301661609081732,1.7675421952133277,0.5964001678489927
2025-12-16,311.1319274902344,16.479999542236328,3.5450000762939453,-0.1891891891891891,-0.0140663297898029,0.2841514501426502,0.2723847586625258,0.221074779783438,0.0162256229290259,-0.2654442690595422,1.0228461720482538,-0.0200004577636718,-0.4268155037754713,-0.0002813330348508,0.6999969482421875,-8.699989318847656,0.9306853835725248,1.043198788133013,0.6050264935217763
2025-12-17,310.5699157714844,17.6200008392334,3.5429999828338623,-0.1891891891891891,-0.0018079787857562,0.2136395776430465,0.2689304182827884,0.2209247128835918,0.0149533027201607,0.0454506378109222,1.0187012448363006,1.1400012969970703,-0.4002219552870902,0.0020610981607053,-0.2000093460083007,-4.999995231628418,0.9107845596255753,0.7944046605334103,0.6551880948143783
2025-12-18,308.6176452636719,16.8700008392334,3.5220000743865967,-0.1891891891891891,-0.0063059308679987,0.1222442826680635,0.2699382341917332,0.2210820810539425,0.0175080223205371,0.2720740716882581,1.0101833045913933,-0.75,-0.3937202141191027,-0.004729448150999,-2.0999908447265625,-4.600000381469727,0.9304644328667236,0.4528601997938358,0.624957812654686
2025-12-19,312.7686767578125,14.90999984741211,3.5220000743865967,-0.1891891891891891,0.0133607486897002,0.1661298456710576,0.2702199650689329,0.2221503905630519,0.0169288334599888,0.7609003040692515,1.02158204723216,-1.960000991821289,-0.4055319770186665,0.0261870806832874,0.0,-0.3000020980834961,0.9818945276288148,0.6147948602860562,0.551772695389424
2025-12-22,318.5663452148437,14.079999923706056,3.5280001163482666,-0.1891891891891891,0.0183668931321355,0.2157001841973147,0.2671207009630988,0.2250637994102979,0.0177040492913346,-1.0756322346180307,1.0365905684758243,-0.8299999237060547,-0.3369552994113907,0.0152445198983897,0.6000041961669922,-0.9999990463256836,1.0,0.8075008167454324,0.52710253727775
2025-12-23,321.3665771484375,14.0,3.546999931335449,-0.1891891891891891,0.0087516979005457,0.1638180612571942,0.2670015220374235,0.225635315900505,0.0143896006713062,-0.2254473304993666,1.0412622945627108,-0.0799999237060546,-0.4059492344837968,0.000700135164342,1.8999814987182613,0.1999855041503906,1.0,0.6135472936900829,0.5243415802715061
2025-12-24,324.5612487792969,13.470000267028809,3.555000066757202,-0.1891891891891891,0.0098918100503128,0.146723000112663,0.2671952373647244,0.2263783771662775,0.0136403379749556,-0.4412414054152263,1.046650253064166,-0.5299997329711914,-0.5114990245588306,0.0052426566852675,0.800013542175293,1.2000083923339844,1.0,0.5491228120671346,0.5041257621161155
2025-12-26,323.31890869140625,13.600000381469728,3.5429999828338623,-0.1891891891891891,-0.0038350969581531,0.1308755741145589,0.2651089345490282,0.2260578368873871,0.013174275741499,-0.031017212557776,1.0387261812445128,0.1300001144409179,-0.4988020961200652,0.0004985630434519,-1.2000083923339844,2.0999908447265625,0.9966546549354424,0.4936671573788672,0.5129966820848355
2025-12-29,319.2171325683594,14.199999809265137,3.5380001068115234,-0.1891891891891891,-0.0127676319444833,0.1954255504387508,0.267597910807849,0.2276242310000131,0.0130964949324324,0.7307521164175973,1.0230622779926684,0.5999994277954102,-0.5011586005562324,0.0076605718609924,-0.4999876022338867,1.6000032424926758,0.9812146291081956,0.7302955013691338,0.5306468860835601
2025-12-30,318.8917541503906,14.329999923706056,3.539999961853028,-0.1891891891891891,-0.0010198210773784,0.1491257893942203,0.2620689263828157,0.2276291185421743,0.0075753265268437,-0.0884515381320138,1.0204317326510453,0.1300001144409179,-0.4820245372449976,0.0001325768567684,0.1999855041503906,1.1999845504760742,0.9778692840436378,0.5690327023982448,0.546802710321085
2025-12-31,317.70855712890625,14.949999809265137,3.546999931335449,-0.1891891891891891,-0.0037172409845226,0.1290176058923656,0.257229810578691,0.2255996100158097,0.0088138424900116,-0.4483157457286246,1.0146181269125043,0.619999885559082,-0.4576916229611107,0.0023046889849995,0.6999969482421875,0.0,0.9619145784181744,0.5015655285136439,0.5811923499703265
2026-01-02,320.92291259765625,14.510000228881836,3.532999992370605,-0.1891891891891891,0.0100664710859375,0.1300582942460462,0.257900296894793,0.2252728224851065,0.0153312663866252,0.4670776929670238,1.0221857582819232,-0.4399995803833008,-0.4814049900774725,0.0044292430537531,-1.399993896484375,-2.200007438659668,0.973237264024822,0.5042967992359537,0.5626205321818997
2026-01-05,329.363037109375,14.899999618530272,3.515000104904175,-0.1891891891891891,0.0259596520454098,0.2360581285004483,0.2678213379618773,0.2303512966922474,0.0361034524311236,0.2889787233659985,1.045642587490934,0.3899993896484375,-0.4066723100607878,-0.0101242484531956,-1.7999887466430664,-2.79998779296875,0.9632012533724326,0.8814014980914245,0.5563410194243446
2026-01-06,331.41326904296875,14.75,3.5199999809265137,-0.1891891891891891,0.0062055448835831,0.1857105378766251,0.2658941196814335,0.2305582690856432,0.015600255369602,-0.3390311688537986,1.0490211470392643,-0.1499996185302734,-0.4028293151116178,0.0009308293653099,0.4999876022338867,-1.8000125885009766,0.9670612536939234,0.6984379274694907,0.5547320872560816
2026-01-07,323.8660583496094,15.380000114440918,3.515000104904175,-0.1891891891891891,-0.0230361133846856,0.2873144413006965,0.2801098708075494,0.2353593334213001,0.023089354470934,0.2478157875533737,1.023090728000911,0.630000114440918,-0.4426499318661186,0.0145127540686259,-0.4999876022338867,-2.499985694885254,0.9508492081693516,1.0257205162830447,0.5490702655390465
2026-01-08,326.63934326171875,15.449999809265137,3.506999969482422,-0.1891891891891891,0.0085266062584583,0.2821253399949512,0.2809549550618002,0.2343237813399522,0.0174353371873506,0.1788225606516078,1.0293982727746658,0.0699996948242187,-0.4607473751194406,-0.0005968598359783,-0.800013542175293,-3.9999961853027344,0.9490478779581604,1.0041657387138576,0.5499102091246862
2026-01-09,326.0450744628906,14.489999771118164,3.513000011444092,-0.1891891891891891,-0.001820999389316,0.2827430350315223,0.2150171903916632,0.2342955428362819,0.0113307829553964,-0.5549767790730433,1.0229594871088932,-0.9600000381469728,-0.4792617124899832,-0.001748159483209,0.6000041961669922,-1.9999980926513672,0.9737519438230386,1.314978744334318,0.6738995958752875
2026-01-12,321.3899841308594,15.119999885559082,3.532999992370605,-0.1891891891891891,-0.0143803474665531,0.2147291579587152,0.2009445767793806,0.2340376213301916,0.0147615586659051,0.6420655429970283,1.0060062532680456,0.630000114440918,-0.4355843976834784,0.0090596205496286,1.9999980926513672,1.7999887466430664,0.9575398982984668,1.0685989211565976,0.7524462778689224
2026-01-13,307.9298095703125,15.979999542236328,3.559999942779541,-0.1891891891891891,-0.0427834235689957,0.3138594884838682,0.2408522318749957,0.2457951654409221,0.0523961992510285,0.41394389790091,0.9645934042589676,0.8599996566772461,-0.4356093240570668,0.0367937295808135,2.6999950408935547,3.9999961853027344,0.9354091823421048,1.3031205317904793,0.6634773287270213
2026-01-14,304.9287414550781,16.75,3.559999942779541,-0.1891891891891891,-0.0097937512599059,0.3056712316032224,0.2422602912934647,0.2434470664879771,0.0183194684051321,0.2924419844382109,0.956495401116158,0.7700004577636719,-0.4807764467827397,0.0075411929533511,0.0,4.499983787536621,0.915594451853867,1.261747147958904,0.6914050961702882
2026-01-15,306.30548095703125,15.84000015258789,3.565000057220459,-0.1891891891891891,0.0045047930226123,0.2895216107435892,0.2421998021507954,0.2424751353464762,0.0167820030961634,-0.5648914178736514,0.9621409839553624,-0.9099998474121094,-0.5181033822451352,0.0040993609632003,0.5000114440917969,5.800008773803711,0.9390118427644872,1.1953833495013797,0.6540054951294216
2026-01-16,309.4848022460937,15.859999656677246,3.556999921798706,-0.1891891891891891,0.0103260789463544,0.3288568985500062,0.2408808087158402,0.2383392933316224,0.0230741876881345,-0.0067270241674511,0.9723671642721252,0.0199995040893554,-0.5178607139355359,-0.0002065164581146,-0.800013542175293,4.399991035461426,0.938497187507554,1.365226645921588,0.6584169050755224
2026-01-20,299.8477478027344,20.09000015258789,3.572000026702881,-0.1891891891891891,-0.0316341481995033,0.3629720974340218,0.2643249864410308,0.2469018834754968,0.0306864267840193,-0.127337147454546,0.9436023126076994,4.2300004959106445,-0.6282893774733762,0.13381246257161,1.5000104904174805,3.900003433227539,0.8296448888543675,1.37320388178663,0.7600492266390351
2026-01-21,299.15447998046875,16.899999618530273,3.588000059127808,-0.1891891891891891,-0.0023147430832682,0.2586300211998306,0.2638046409759733,0.2448903369409006,0.0140709835775543,-0.2280370609224948,0.9427575614756306,-3.190000534057617,-0.5442261204153607,-0.0073840316718318,1.6000032424926758,2.80001163482666,0.9117344515323762,0.9803846522297764,0.64062556124892
2026-01-22,300.729248046875,15.640000343322754,3.588000059127808,-0.1891891891891891,0.0052502563754537,0.2658803139937923,0.2595157387454597,0.2424518910251172,0.0174555156780121,0.025542220733336,0.949435662160992,-1.2599992752075195,-0.5227695381731942,0.0066153192277253,0.0,2.80001163482666,0.9441585180402362,1.0245248140983665,0.6026609568625393
2026-01-23,294.875732421875,16.09000015258789,3.5820000171661377,-0.1891891891891891,-0.0196563302354919,0.2792066626961029,0.2555536440769629,0.2448811924670132,0.0196828742695671,0.0528775851585818,0.934283018361444,0.4499998092651367,-0.5066156085547266,0.0088453448568239,-0.6000041961669922,1.699995994567871,0.9325784925344802,1.0925559825396838,0.6296134109417043
2026-01-26,298.1640319824219,16.149999618530273,3.575000047683716,-0.1891891891891891,0.011089756398072,0.282331750555083,0.2571103229875859,0.2458276994041578,0.0143834256223768,0.0564264345438433,0.9480203942905978,0.0599994659423828,-0.4999352962968474,-0.0006653794613154,-0.6999969482421875,1.8000125885009766,0.9310345022223973,1.098095740670494,0.6281350134397383
2026-01-27,297.44097900390625,16.350000381469727,3.569999933242798,-0.1891891891891891,-0.0024279625603488,0.1836205557241062,0.2524840045333431,0.2426933681440947,0.0127202136301621,-0.0193561912739005,0.9496207343763974,0.2000007629394531,-0.4904964898645252,0.0004855943644582,-0.5000114440917969,-0.2000093460083007,0.9258878024053648,0.7272561921832845,0.6475657898285014
2026-01-28,297.89654541015625,16.350000381469727,3.5820000171661377,-0.1891891891891891,0.0015304477762258,0.1847190510412877,0.2532526766927211,0.2414447319625289,0.0128670604652304,-0.1874843309656658,0.9547653304025993,0.0,-0.4906552787999723,-0.0,1.2000083923339844,-0.6000041961669922,0.9258878024053648,0.7293863719569398,0.6456002990763118
2026-01-29,303.4926147460937,16.8799991607666,3.5799999237060547,-0.1891891891891891,0.0186110134055129,0.2310310699012005,0.2625644224775469,0.2442091209845994,0.0150446614109613,0.1920369929572477,0.9750408416288644,0.529998779296875,-0.4431795516491194,-0.0098638143863996,-0.2000093460083007,-0.800013542175293,0.9122491313305928,0.8799024167905194,0.6428898097269855
2026-01-30,302.9676818847656,17.440000534057617,3.572000026702881,-0.1891891891891891,-0.001731137208286,0.1450600665932445,0.2625286843961953,0.2442360754329045,0.0175553135441811,0.031719552812134,0.9757314305509408,0.5600013732910156,-0.4414043166916297,0.0009694392139953,-0.7999897003173828,-0.9999990463256836,0.8978383914759287,0.5525493982757598,0.6643083811648569
2026-02-02,305.1961669921875,16.34000015258789,3.578000068664551,-0.1891891891891891,0.0073286009536984,0.1380790498834729,0.2646312902019794,0.2433262347921473,0.0257350305017306,-0.1946042913616653,0.9847981841346902,-1.1000003814697266,-0.4544742401487532,0.0080614638447076,0.6000041961669922,0.3000020980834961,0.9261451423044732,0.5217789996718994,0.6174628911084705
2026-02-03,311.8420715332031,18.0,3.5899999141693115,-0.1891891891891891,0.021542138345198,0.1631257766324948,0.2739970964437441,0.2468953418368621,0.0227092067901488,0.2542619312971743,1.0076489935515276,1.6599998474121094,-0.3378039708657103,-0.0357599463659593,1.1999845504760742,1.9999980926513672,0.8834277007038317,0.5953558586924192,0.6569412681238279
2026-02-04,314.23895263671875,18.63999938964844,3.595000028610229,-0.1891891891891891,0.0076568134828971,0.1496114196191465,0.2578574925606192,0.2470292876905901,0.0154442401303616,-0.253307044541224,1.0177624729883248,0.6399993896484375,-0.3617573712516938,-0.0049003559557061,0.5000114440917969,1.3000011444091797,0.8669583398214351,0.5802097047227538,0.7228798823934269
2026-02-05,307.1968688964844,21.770000457763672,3.578000068664551,-0.1891891891891891,-0.022664883328897,0.2588637587482782,0.2652342827544566,0.251325727480333,0.033756774236143,-0.0479173423624911,0.9986844191126784,3.1300010681152344,-0.4237937276551684,0.0709411090281549,-1.699995994567871,-0.1999855041503906,0.7864127674555095,0.9759815211667944,0.8207838078728862
2026-02-06,319.3199462890625,20.3700008392334,3.5899999141693115,-0.1891891891891891,0.0387047577461528,0.3581001199967391,0.2930408323431313,0.2625135321162472,0.0295905977838974,0.6396201012246482,1.0388271444512354,-1.3999996185302734,-0.4795610874284555,0.0541866460799206,1.1999845504760742,1.7999887466430664,0.8224395189270355,1.2220144105290682,0.6951249993509945
2026-02-09,319.0228271484375,17.360000610351562,3.5929999351501465,-0.1891891891891891,-0.0009309078897587,0.3674077589434553,0.2911248679835245,0.262336243278505,0.0195281230230726,-0.4386637820721851,1.0390865860285683,-3.010000228881836,-0.4380307789220932,-0.0028020329612415,0.3000020980834961,1.4999866485595703,0.8998970615862283,1.262028082617277,0.5963077194537022
2026-02-10,315.2392883300781,17.790000915527344,3.5899999141693115,-0.1891891891891891,-0.0119306627503668,0.3714524049236162,0.2935265641799747,0.2634747530896574,0.0345922137987049,-0.1476316424661743,1.0284869698690295,0.4300003051757812,-0.4444087524326495,0.005130188623607,-0.3000020980834961,0.0,0.8888316913374055,1.2654813916462482,0.6060780551575382
2026-02-11,307.8505554199219,17.649999618530273,3.5999999046325684,-0.1891891891891891,-0.0237175403876548,0.4072911338250009,0.3003498983519934,0.2672403131821408,0.0532462113216067,-0.1290317110644389,1.0064979420205389,-0.1400012969970703,-0.4158463220958951,-0.003320486415852,0.9999990463256836,0.4999876022338867,0.892434400842355,1.356055507459098,0.587647930476256
2026-02-12,299.7487487792969,20.81999969482422,3.5980000495910645,-0.1891891891891891,-0.0266698358609675,0.4195936032410519,0.2771016863137354,0.2723350118251448,0.0449378979819112,0.4347630356817718,0.981259416022376,3.1700000762939453,-0.4943754802390048,0.0845433817140141,-0.1999855041503906,1.9999980926513672,0.8108595179625631,1.5142224820890722,0.7513487186523922
2026-02-13,299.6595764160156,20.600000381469727,3.5929999351501465,-0.1891891891891891,-0.0002975346193599,0.1959499884483894,0.2753736373951106,0.2704718811876022,0.0256817710948543,-0.3886217273015595,0.9817739192563556,-0.2199993133544922,-0.4906983159521582,-6.545741195839012e-05,-0.5000114440917969,0.3000020980834961,0.8165208484952451,0.7115786038996798,0.7480745279880405
2026-02-17,304.1958312988281,20.290000915527344,3.5929999351501465,-0.1891891891891891,0.0150245908487986,0.2736901786530528,0.2803085705362132,0.2633550613643848,0.0186891223362078,-0.0241748904683439,0.996964175797002,-0.3099994659423828,-0.4892238873649435,0.0046576151391303,0.0,0.0,0.8244981890373351,0.976388906445137,0.7238451852083512
2026-02-18,305.8300476074219,19.6200008392334,3.6029999256134033,-0.1891891891891891,0.0053578717707757,0.2910589869957591,0.2784512077200011,0.2606783568288526,0.0163870638596977,-0.2102781902667069,1.0028921482804782,-0.6700000762939453,-0.4947170029685493,0.0035897744951929,0.9999990463256836,1.3000011444091797,0.8417395696170566,1.0452782352031882,0.7046118061359765
2026-02-19,305.10699462890625,20.229999542236328,3.595000028610229,-0.1891891891891891,-0.0023670305321947,0.2453355226279027,0.2547545505342443,0.25977013896368,0.0131796712205109,-0.0676948508601386,0.9997000699795447,0.6099987030029297,-0.3678408221239851,0.0014438855546071,-0.7999897003173828,-0.4999876022338867,0.826042228431985,0.963027047459647,0.7940976716534449
2026-02-20,307.82086181640625,19.09000015258789,3.595000028610229,-0.1891891891891891,0.008855479136574,0.111497124222828,0.2559541408250342,0.2601959918029061,0.0171176909744503,0.1454687776385497,1.0072302455150233,-1.1399993896484375,-0.4503853112450627,0.0100952408107389,0.0,-0.3000020980834961,0.8553782897743957,0.4356136761977431,0.7458367382162213
2026-02-23,294.8262023925781,21.01000022888184,3.588000059127808,-0.1891891891891891,-0.0431319579952082,0.3676884319584581,0.2980928379717509,0.2733063437762892,0.0534148324629428,0.5083252916128269,0.965598160225682,1.920000076293945,-0.5091267662855944,0.0828133626415071,-0.6999969482421875,-0.4999876022338867,0.8059701580446389,1.2334695273467204,0.7048139892201258
2026-02-24,294.459716796875,19.549999237060547,3.588000059127808,-0.1891891891891891,-0.0012438296284315,0.3332709923370527,0.2902501699677722,0.271369596491872,0.028153365155925,0.0451763949355025,0.9644604428734376,-1.460000991821289,-0.4954456369756997,-0.0018159924911666,0.0,-0.4999876022338867,0.8435409489108149,1.1482198007810205,0.6735568574940463
2026-02-25,300.40240478515625,17.93000030517578,3.588000059127808,-0.1891891891891891,0.0199807164690794,0.3790846821787412,0.2961308803793174,0.2742751394112624,0.0219254670759289,-0.5153807328378587,0.9835814769587764,-1.6199989318847656,-0.5290170789078903,0.032368739338201,0.0,-1.4999866485595703,0.885229030915023,1.2801254691613633,0.6054755344059033
2026-02-26,303.20538330078125,18.6299991607666,3.588000059127808,-0.1891891891891891,0.0092874834256496,0.3902999678334573,0.2975207001499567,0.2748547845804646,0.017541551078089,-0.1442845373306048,0.9918675783250934,0.6999988555908203,-0.5149259234618428,-0.0065012277692734,0.0,-0.6999969482421875,0.8672156797205435,1.3118413866219656,0.6261748897262169
2026-02-27,297.4310607910156,19.86000061035156,3.578000068664551,-0.1891891891891891,-0.0192279388614639,0.3953778149785203,0.3055602041475307,0.275653644423601,0.0283050294556124,0.9772554210661484,0.9730487496752572,1.230001449584961,-0.5308931395022669,0.0236503926721317,-0.9999990463256836,-1.699995994567871,0.8355635592861579,1.2939440725979614,0.6499537682192
2026-03-02,294.7172546386719,21.440000534057617,3.5899999141693115,-0.1891891891891891,-0.009166031826472,0.2434468409753732,0.2992429086281193,0.2744729044858003,0.022751779764741,-0.7831665609441624,0.9654904077944432,1.579999923706055,-0.5627823094233905,0.014482329586513,1.1999845504760742,0.1999855041503906,0.794904787795816,0.8135425567524944,0.7164748074515588
2026-03-03,297.3914489746094,23.56999969482422,3.595000028610229,-0.1891891891891891,0.0090328431329896,0.2511458511775102,0.3014068541583402,0.2727305796198831,0.0429295085232932,0.1889124728833853,0.975099266790268,2.1299991607666016,-0.5094901427687286,-0.0192399482926043,0.5000114440917969,0.6999969482421875,0.7400926654324855,0.8332453217721915,0.7819994591908657
2026-03-04,296.52978515625,21.14999961853028,3.595000028610229,-0.1891891891891891,-0.0029016117740744,0.1938262578436491,0.2999743342511088,0.2715369123808439,0.0173018217787386,-0.2436452320213033,0.973591401939054,-2.4200000762939453,-0.463020042078098,-0.0070219007146356,0.0,0.6999969482421875,0.8023674976222563,0.6461428052754571,0.705060306953647
2026-03-05,290.7455444335937,23.75,3.588000059127808,-0.1891891891891891,-0.0196992023400778,0.1910948968599795,0.2942461158789037,0.2742072420674576,0.0300119159425997,0.4577778643784892,0.9577591480111892,2.6000003814697266,-0.5721882249944819,0.0512179335988518,-0.6999969482421875,0.0,0.7354606454136697,0.6494389782824666,0.8071474428493138
2026-03-06,286.7144470214844,29.489999771118164,3.569999933242798,-0.1891891891891891,-0.0139617045443662,0.175285860916986,0.2935993176879784,0.2738876395491204,0.0216940670891209,0.0582726127950102,0.9485756929369352,5.739999771118164,-0.5470970636180031,0.0801401808890816,-1.8000125885009766,-0.800013542175293,0.587750930022616,0.5970240745016663,1.0044301193662362
2026-03-09,287.1502685546875,25.5,3.5929999351501465,-0.1891891891891891,0.0015189002047436,0.1844441478126281,0.2864722630057429,0.2725159709498951,0.0367342487694076,-0.097631250244409,0.9530274601079436,-3.989999771118164,-0.4931383040762701,0.0060604114692785,2.300000190734864,0.3000020980834961,0.6904271938036204,0.643846443901379,0.8901385332194901
2026-03-10,285.9716186523437,24.93000030517578,3.595000028610229,-0.1891891891891891,-0.0041130921373134,0.1383866779736577,0.2425625347161379,0.272543290490957,0.0192914041224571,-0.383148568508712,0.9541444289427856,-0.5699996948242188,-0.4878044901714887,-0.0023444612630525,0.2000093460083007,0.0,0.7050952244748258,0.5705195904866622,1.0277762117859814
2026-03-11,284.77313232421875,24.229999542236328,3.5999999046325684,-0.1891891891891891,-0.0041997340759618,0.1357552181651485,0.2420925922026651,0.2725771918194702,0.0195465562378635,0.2012272224432963,0.9553443040839444,-0.7000007629394531,-0.4941182784681016,-0.002939817057316,0.4999876022338867,0.4999876022338867,0.7231086247518723,0.5607574231412357,1.0008567103099315
2026-03-12,280.1874084472656,27.290000915527344,3.6050000190734863,-0.1891891891891891,-0.0162341411780462,0.1181798851431214,0.2440049597775541,0.2576638862870387,0.0168970219229449,0.2989243727925114,0.9452533112592766,3.060001373291016,-0.5137973258204679,0.0496764942990218,0.5000114440917969,1.699995994567871,0.6443643825971378,0.4843339465347736,1.118419926398469
2026-03-13,280.7321472167969,27.190000534057617,3.6029999256134033,-0.1891891891891891,0.0019423068255878,0.1164534434262667,0.2360776510220801,0.2492344024274991,0.0149590396480874,-0.4144952563765877,0.9512351881154693,-0.1000003814697265,-0.5539794415445439,0.00019423142349,-0.2000093460083007,3.299999237060547,0.646937732505654,0.4932844889047756,1.151739710063218
2026-03-16,283.4261474609375,23.51000022888184,3.6050000190734863,-0.1891891891891891,0.0095505844618228,0.1503909755403896,0.2261430529458545,0.2452424469239946,0.0162846086192108,-0.109411692339649,0.9628995472058108,-3.680000305175781,-0.5347234710847136,0.0351461537341152,0.2000093460083007,1.2000083923339844,0.7416366557445684,0.6650258479370479,1.039607448587459
2026-03-17,284.1492004394531,22.3700008392334,3.6050000190734863,-0.1891891891891891,0.0025478674235575,0.1535994129575559,0.2267326375205577,0.2451625232285146,0.0202516548570483,0.0950089262525544,0.9677844296558328,-1.1399993896484375,-0.5382919573410614,0.0029045673077607,0.0,0.9999990463256836,0.7709727170869791,0.677447299326852,0.9866246467143542
2026-03-18,284.9910583496094,25.09000015258789,3.609999895095825,-0.1891891891891891,0.0029583516932415,0.1534293967707924,0.2186704193298956,0.2450058202106968,0.0149093233145225,0.1153647628717061,0.9736844914398426,2.719999313354492,-0.5067205148939653,-0.008046714574278,0.4999876022338867,0.9999990463256836,0.7009778842542266,0.7016467853355246,1.1473888525697675
2026-03-19,285.2188415527344,24.059999465942383,3.611999988555908,-0.1891891891891891,0.0007989451438162,0.0547117220058831,0.2170111815044682,0.2437361065089816,0.0169809863100626,-0.0211325357925971,0.9777413732601702,-1.0300006866455078,-0.5048370684187216,0.0008229140467227,0.2000093460083007,0.6999969482421875,0.7274833048715798,0.2521147602929236,1.1086986071013576
2026-03-20,283.8223571777344,26.780000686645508,3.618000030517578,-0.1891891891891891,-0.0049082111510353,0.0821865260967866,0.2170487435189965,0.2438370626913979,0.0189838166099715,0.8235527233404324,0.9763464892781089,2.720001220703125,-0.498190418209209,0.0133503403222849,0.6000041961669922,1.5000104904174805,0.6574884229562602,0.3786546964718711,1.2338242669578812
2026-03-23,287.14031982421875,26.14999961853028,3.611999988555908,-0.1891891891891891,0.011622475968344,0.0943008448529368,0.2192250466107123,0.2450133362198699,0.0268359100445683,-0.6708844211345983,0.9911178240354028,-0.6300010681152344,-0.490450779842131,0.0073221722742004,-0.6000041961669922,0.6999969482421875,0.6737004930221155,0.4301554330166982,1.1928381370111414
2026-03-24,289.6065368652344,26.950000762939453,3.619999885559082,-0.1891891891891891,0.0085522167795799,0.1032826228385192,0.1680809411614959,0.2440430569021722,0.0345759783863735,-0.0335535019677846,1.0004887819938777,0.8000011444091797,-0.5060200684524181,-0.0068417832108993,0.7999897003173828,1.4999866485595703,0.6531137428365528,0.6144814642564558,1.603394208570339
2026-03-25,292.59771728515625,25.32999992370605,3.619999885559082,-0.1891891891891891,0.0102754547641771,0.1121845339789019,0.1724221086210776,0.2419307256281364,0.0176020986076601,0.0942170966642279,1.0111319808260208,-1.6200008392333984,-0.5336332574417305,0.0166462453414718,0.0,0.9999990463256836,0.6948018739233279,0.6506389167612117,1.4690691423669089
2026-03-26,288.8736267089844,27.440000534057617,3.619999885559082,-0.1891891891891891,-0.0128093724144338,0.1719939471184646,0.1608470904511589,0.2421146709250135,0.0146059768036693,-0.3406917562399135,1.0001600652332363,2.1100006103515625,-0.5304084900053957,0.0270277836126758,0.0,0.7999897003173828,0.6405043822756469,1.069300953073133,1.7059681003300309
2026-03-27,280.13787841796875,31.049999237060547,3.607000112533569,-0.1891891891891891,-0.030707409764835,0.2955692027391428,0.1839242309346807,0.2477694153696878,0.0295572955020666,0.1300576297365022,0.9736173067006126,3.6099987030029297,-0.598392642999845,0.1108537094236339,-1.2999773025512695,-1.099991798400879,0.5476068383304908,1.607016113304352,1.6881951377079676
2026-03-30,281.0589904785156,30.61000061035156,3.5980000495910645,-0.1891891891891891,0.003282672939755,0.275512962399182,0.1764623145701217,0.2480032611459317,0.0173380329781713,0.1726905548262574,0.9794725772934784,-0.4399986267089844,-0.6145010315189334,0.0014443715854269,-0.9000062942504883,-1.399993896484375,0.5589294993958549,1.5613133210360333,1.7346480286694812
2026-03-31,291.3497314453125,25.25,3.5999999046325684,-0.1891891891891891,0.035959793999021,0.3975993836195414,0.2195850665441346,0.2585080772457118,0.0344030289339131,0.0991037658861025,1.0159028756962052,-5.3600006103515625,-0.7073503321441149,0.1927445177828693,0.1999855041503906,-1.9999980926513672,0.6968605440336275,1.8106849881780445,1.1498960470030406
2026-04-01,292.5580749511719,24.540000915527344,3.6050000190734863,-0.1891891891891891,0.0041388219767467,0.3911088570791249,0.2175396822397798,0.2587487390578574,0.0196695695800357,-0.1397326148023759,1.020935575380459,-0.7099990844726562,-0.7528838077525417,0.0029385598142855,0.5000114440917969,-1.4999866485595703,0.7151312351272152,1.7978736249510157,1.1280700910686494
2026-04-02,291.7855224609375,23.8700008392334,3.607000112533569,-0.1891891891891891,-0.002644173543696,0.3765664686231097,0.2175098772158969,0.2587180396811204,0.0234215673914816,-0.5243809430846778,1.019043003689598,-0.6700000762939453,-0.7727370038115661,-0.0017715964760107,0.2000093460083007,-1.2999773025512695,0.7323726157069368,1.7312614647349351,1.097421466315316
2026-04-06,294.125,24.170000076293945,3.622999906539917,-0.1891891891891891,0.0079858267855136,0.2403550211699228,0.2080877312984943,0.2583780735663489,0.0122862555940282,0.0685619488308987,1.0266364890594186,0.2999992370605469,-0.7519409620202387,-0.0023957419429517,1.5999794006347656,1.5999794006347656,0.7246526150639552,1.1550657968640263,1.1615293186902471
2026-04-07,296.0662536621094,25.780000686645508,3.615000009536743,-0.1891891891891891,0.0065784121699089,0.2358698379979875,0.2021180010438976,0.2528907596244587,0.0184262965071124,0.094322019815194,1.0318085533922714,1.6100006103515625,-0.7146894335897646,-0.0105912476086975,-0.7999897003173828,1.699995994567871,0.6832218238762884,1.1669907518368905,1.2754925614491113
2026-04-08,306.5888366699219,21.040000915527344,3.5999999046325684,-0.1891891891891891,0.0349242964788825,0.2288105211767235,0.2328835146292235,0.2628620559632346,0.0192551974862956,0.2995301696362358,1.0650446214218443,-4.739999771118164,-0.817264425808734,0.1655411573163661,-1.5000104904174805,0.0,0.8051981383473139,0.9825105978025768,0.903456002415
2026-04-09,308.938232421875,19.489999771118164,3.588000059127808,-0.1891891891891891,0.0076338061449059,0.2242815606906864,0.2318398344477608,0.2596610585418259,0.0165953167173653,-0.4748917630333472,1.0691442129869937,-1.5500011444091797,-0.8266886782369999,0.011832408260802,-1.1999845504760742,-1.699995994567871,0.8450849392228978,0.9673987269052442,0.8406665669660722
2026-04-10,308.4803161621094,19.229999542236328,3.5929999351501465,-0.1891891891891891,-0.0014833255164648,0.2199766145282067,0.2308656789778681,0.2589785554967537,0.0117146059315607,-0.0817281016866088,1.063404949782314,-0.2600002288818359,-0.8358967145098385,-0.0003856649737871,0.4999876022338867,-1.4000177383422852,0.7886238872064752,0.9528337668124968,0.832951854401875
2026-04-13,312.2732238769531,19.1200008392334,3.6029999256134033,-0.1891891891891891,0.0122204858221529,0.2182133031563544,0.2205531620553265,0.2602966049251606,0.0263963241922639,0.3151367048167749,1.0708398684236669,-0.1099987030029296,-0.8088851381721751,0.0013442375905025,0.9999990463256836,-1.9999980926513672,0.7926605367166873,0.9893909528334708,0.8669112091186919
2026-04-14,309.7247009277344,18.36000061035156,3.611999988555908,-0.1891891891891891,-0.0081946807514054,0.2620330606014746,0.2251654806875972,0.2592657407479182,0.0175173961576414,0.3200240787413456,1.0570959116532872,-0.7600002288818359,-0.783675690322092,-0.0062279592466816,0.9000062942504883,-0.3000020980834961,0.797011203040103,1.1637354882342237,0.8154003248759472
2026-04-15,304.5579833984375,18.170000076293945,3.611999988555908,-0.1891891891891891,-0.0168223507037142,0.1863355123321977,0.236239250627636,0.2470010847787813,0.0326217785365247,-0.1473705799634584,1.0359040579916414,-0.1900005340576172,-0.7659525556222676,-0.0031962556178102,0.0,1.2000083923339844,0.7690417719203688,0.7887576337850081,0.7691355279878439
2026-04-16,308.5599670410156,17.940000534057617,3.609999895095825,-0.1891891891891891,0.0130547163926948,0.2057280828512921,0.2385406877311665,0.2476108942380949,0.0153250518242509,-0.1859169988789666,1.045382943085514,-0.2299995422363281,-0.7633981988536735,0.0030025787943448,-0.2000093460083007,2.199983596801758,0.7803439610458476,0.8624444106707114,0.7520729777670407
2026-04-17,308.8984375,17.479999542236328,3.5999999046325684,-0.1891891891891891,0.0010963345559705,0.2055649446685371,0.2387228611722528,0.2474631594714082,0.0155016192147139,0.3001758791895458,1.0425087153948769,-0.460000991821289,-0.7968798536732111,0.0005043149831143,-0.9999990463256836,0.6999969482421875,0.8029484330240132,0.8611028858279715,0.7322298106013174
2026-04-20,315.5683898925781,18.8700008392334,3.5980000495910645,-0.1891891891891891,0.0213628835462731,0.2454277522570848,0.245945738732617,0.2502792352119006,0.0213256253316604,-0.0284080894121797,1.0598498835002603,1.3900012969970703,-0.7224604414162906,-0.029694435836917,-0.1999855041503906,-0.4999876022338867,0.7346436990642415,0.9978938993690174,0.7672424387782605
2026-04-21,311.5962829589844,19.5,3.5980000495910645,-0.1891891891891891,-0.0126670401477303,0.2589281054729281,0.2512226904623189,0.243215073325879,0.0239296812599841,-0.4190691069700646,1.0418814592100527,0.6299991607666016,-0.7229022677618087,0.0079802246624669,0.0,-1.399993896484375,0.7036855084754936,1.0306716522955357,0.7762037722036427
2026-04-22,311.6161804199219,18.920000076293945,3.595000028610229,-0.1891891891891891,6.385450264070844e-05,0.2075068804287949,0.2502511365345765,0.2431453264319838,0.0102549088484503,-0.2448221519616052,1.0379031482961278,-0.5799999237060547,-0.720916540890397,3.703560665989896e-05,-0.3000020980834961,-1.699995994567871,0.6899886161224674,0.8291945575245141,0.7560405254615027
2026-04-23,310.29217529296875,19.309999465942383,3.595000028610229,-0.1891891891891891,-0.0042578849925245,0.199206804548405,0.2511802024342424,0.243157431893989,0.0195706488439076,0.2285132662215467,1.0301136221261162,0.3899993896484375,-0.740243629298016,0.0016605725482778,0.0,-1.4999866485595703,0.6678043491999687,0.7930832231913509,0.7687707581570897
2026-04-24,306.8974609375,18.709999084472656,3.5929999351501465,-0.1891891891891891,-0.0110006662144108,0.2170121286680294,0.254510786229332,0.2408468278586099,0.010574734854533,-0.2899755690748203,1.0165457865290557,-0.6000003814697266,-0.7170117075212615,-0.0066004039250676,-0.2000093460083007,-0.6999969482421875,0.7019340657313823,0.8526637785499839,0.7351358015771339
2026-04-27,310.232421875,18.020000457763672,3.5899999141693115,-0.1891891891891891,0.0108080762077417,0.1502325860243324,0.2499864729141917,0.2407977804046658,0.0182908628827209,0.418463560772047,1.024142023212901,-0.6899986267089844,-0.6992194965886485,0.0074575577407078,-0.3000020980834961,-0.800013542175293,0.7411831366718988,0.600962861202094,0.7208390217157497
2026-04-28,310.0532531738281,17.829999923706055,3.5899999141693115,-0.1891891891891891,-0.0005776973848079,0.1258418192956026,0.2179279315061929,0.240730707301472,0.0137421692456118,-0.0687693808140533,1.0187596193173138,-0.1900005340576172,-0.6034822397225279,-0.0001097628116372,0.0,-0.800013542175293,0.7519909037475118,0.577446949667517,0.8181603799235516
2026-04-29,307.86309814453125,18.809999465942383,3.5899999141693115,-0.1891891891891891,-0.0070888695412205,0.1321451516945257,0.2217841837928749,0.2412206396610466,0.0153920105029811,0.0821178691185441,1.00733863047212,0.979999542236328,-0.618709271694889,0.0069470889053692,0.0,-0.5000114440917969,0.6962457615602503,0.5958276619848447,0.8481217706447955
2026-04-30,311.82525634765625,16.889999389648438,3.5850000381469727,-0.1891891891891891,0.0127877574832263,0.1678280673125154,0.1927855178030665,0.2397222725752958,0.0240398381865954,0.098747397530686,1.017058211845214,-1.920000076293945,-0.4571931311376547,0.0245524953434229,-0.4999876022338867,-0.9999990463256836,0.8054607893635471,0.8705429184984449,0.8761031213403611
2026-05-01,311.06866455078125,16.989999771118164,3.575000047683716,-0.1891891891891891,-0.0024292809532104,0.1375639781376827,0.1937374744910278,0.2397519179388948,0.0136013056722144,-0.368080784060163,1.011681920654648,0.1000003814697265,-0.4612794169170701,0.0002429290220181,-0.9999990463256836,-1.7999887466430664,0.7997724851924152,0.710053532488127,0.8769599075115944
2026-05-04,306.270263671875,18.290000915527344,3.5899999141693115,-0.1891891891891891,-0.0155457473846069,0.1643299093161012,0.2033251347506739,0.241431320724985,0.0134567990020904,0.1790183052331373,0.993846730437335,1.3000011444091797,-0.513980108644611,0.020209489390685,1.4999866485595703,0.0,0.7258247479584561,0.808212469735282,0.8995445121900609
2026-05-05,308.0124206542969,17.3799991607666,3.5999999046325684,-0.1891891891891891,0.0056721821983081,0.1747641432157399,0.2026678408162623,0.2377490353161783,0.0134777424369617,-0.1498808301276365,0.9973597575230402,-0.9100017547607422,-0.5313283796642976,0.005161695753783,0.9999990463256836,0.9999990463256836,0.7775882182699164,0.862318079236756,0.857560779784654
2026-05-06,313.4877624511719,17.389999389648438,3.5999999046325684,-0.1891891891891891,0.0176202151074733,0.208220195806152,0.2091804882358181,0.2399118880160227,0.0155922634400667,0.31197381517235,1.0123696895483787,0.0100002288818359,-0.5502679072510803,-0.0001762061840219,0.0,0.9999990463256836,0.7770193770032654,0.9954092638478615,0.8313394588717063
2026-05-07,304.8964538574219,17.079999923706055,3.5980000495910645,-0.1891891891891891,-0.0277881006512948,0.281902061117036,0.2001518689258985,0.2420847808337565,0.0331732572860011,-0.0317759869273616,0.984881447934548,-0.3099994659423828,-0.1779634020036041,-0.0086142963614545,-0.1999855041503906,1.3000011444091797,0.7946530222879342,1.4084408136174011,0.8533520079210212
2026-05-08,300.74517822265625,17.190000534057617,3.595000028610229,-0.1891891891891891,-0.0137089011999195,0.2880043447069249,0.2031733256701782,0.2303300816833674,0.0281032441669857,0.1241162461818822,0.9726977767094274,0.1100006103515625,-0.1459412789068006,0.0015079874992404,-0.3000020980834961,1.9999980926513672,0.7883958768501513,1.417530297133873,0.8460756586700281
2026-05-11,298.6545715332031,18.3799991607666,3.5999999046325684,-0.1891891891891891,-0.0069756958282541,0.2777595452783494,0.2041312043458139,0.2306449731326572,0.0143666585286458,0.0050273341446392,0.9674001117756558,1.1899986267089844,-0.1700998130455621,0.008301068455962,0.4999876022338867,0.9999990463256836,0.720705393549353,1.3606912581958974,0.9004012502483194
2026-05-12,303.5126953125,17.989999771118164,3.6029999256134033,-0.1891891891891891,0.0161358129317972,0.3111052428656784,0.2078733853627438,0.2320881712962489,0.03447261085444,-0.0014518524186022,0.9844668158095196,-0.3899993896484375,-0.1904787249400463,0.0062929571948822,0.3000020980834961,0.3000020980834961,0.7428896604718518,1.49660930533648,0.8654306437413911
2026-05-13,298.9034729003906,17.8700008392334,3.5999999046325684,-0.1891891891891891,-0.0153027511601392,0.2571234806051589,0.2122328586958984,0.2292748077107056,0.0097585101608036,-0.208648972340608,0.9711396145053928,-0.1199989318847656,-0.2074826969523131,-0.001836313794115,-0.3000020980834961,0.0,0.7497155386809078,1.2115158895992764,0.841999723748656
2026-05-14,298.56500244140625,17.260000228881836,3.588000059127808,-0.1891891891891891,-0.0011330154113965,0.2014790898375543,0.204975925611774,0.2230162703241651,0.0164716160884445,-0.0458093333592867,0.970940179034786,-0.6100006103515625,-0.2244100058892643,-0.0006911400924896,-1.1999845504760742,-0.9999990463256836,0.7844140964789723,0.982940261087818,0.8420501177085745
2026-05-15,296.4743957519531,18.43000030517578,3.588000059127808,-0.1891891891891891,-0.0070268130075446,0.1866430913035991,0.1994217376700517,0.2234507321097174,0.0145730377538341,0.1665985613833786,0.9659493010680822,1.170000076293945,-0.2357209489266291,0.0082213717549305,0.0,-0.6999969482421875,0.717861187216098,0.9359214972462274,0.9241720847738616
2026-05-18,299.3813171386719,17.81999969482422,3.568000078201294,-0.1891891891891891,0.0097572092912067,0.200676038907682,0.203282305745464,0.2222399924046807,0.0134340052450088,-0.1421851857392936,0.976862805385345,-0.6100006103515625,-0.2567105743068762,0.005951903622964,-1.9999980926513672,-3.1999826431274414,0.7525597450141628,0.9871790767611358,0.8766134184417008
2026-05-19,294.3738708496094,18.059999465942383,3.575000047683716,-0.1891891891891891,-0.016867440023781,0.1734627490228387,0.1919521278516058,0.2243941008978928,0.0220831873849397,0.0667118927819595,0.963697428596443,0.239999771118164,-0.4825651516382663,0.0040481817450568,0.6999969482421875,-2.79998779296875,0.7389078801006729,0.9036771353581408,0.9408595605621102
2026-05-20,300.625732421875,17.440000534057617,3.556999921798706,-0.1891891891891891,0.0210154481793358,0.2334983966044744,0.2061991612597351,0.2284840153405758,0.0306642125675864,0.1451441500486984,0.9858502840098644,-0.6199989318847656,-0.4810415072258929,0.0130295554242678,-1.8000125885009766,-4.299998283386231,0.7741751706700105,1.1323925625010296,0.8457842615610659
2026-05-21,301.6411437988281,16.760000228881836,3.5820000171661377,-0.1891891891891891,0.0033719680731615,0.2329141111081821,0.2068744189000263,0.2278596343957588,0.0124423086839932,-0.1692964284118619,0.990723386949796,-0.6800003051757812,-0.4875166356132453,0.0022929393187928,2.500009536743164,-0.6000041961669922,0.8128555088392541,1.1258719775340598,0.8101533441397235
2026-05-22,305.0059814453125,16.700000762939453,3.5850000381469727,-0.1891891891891891,0.0110933424504385,0.223771132299581,0.2111329164454007,0.2116858699897915,0.0117828050512678,-0.2762170108822624,1.0026039317247115,-0.0599994659423828,-0.4719586958338,0.0006655946225422,0.3000020980834961,-0.3000020980834961,0.8162684479437821,1.059859050246429,0.7909709695720561
2026-05-26,305.3643493652344,17.010000228881836,3.5820000171661377,-0.1891891891891891,0.0011742640263176,0.2221950874860737,0.2079225869583048,0.2116583455469342,0.0146377726325944,0.2571136209279476,1.00402289063964,0.3099994659423828,-0.5026231389648361,-0.0003640212210338,-0.3000020980834961,1.399993896484375,0.7986348026591132,1.0686433385451817,0.8180929488094953
2026-05-27,297.93780517578125,16.290000915527344,3.5850000381469727,-0.1891891891891891,-0.0246208944783872,0.269713070701399,0.2200724222940161,0.2138255743625254,0.0339147084265042,0.4218216628240152,0.981494114078024,-0.7199993133544922,-0.3721812349427061,-0.0177270271186122,0.3000020980834961,0.9999990463256836,0.8395903973995827,1.22556505667513,0.7402109153760279
2026-05-28,295.3992614746094,15.739999771118164,3.5899999141693115,-0.1891891891891891,-0.0085568872509487,0.2179065097995935,0.221189638261615,0.2136091649094077,0.0179287808015614,-0.1882785472864451,0.975373586107784,-0.5500011444091797,-0.3532771430412956,-0.0047062977806021,0.4999876022338867,3.299999237060547,0.8708760160931194,0.9851569518001636,0.7116065605433771
2026-05-29,297.9676818847656,15.31999969482422,3.588000059127808,-0.1891891891891891,0.0086571605649495,0.2312411099407965,0.2236114442064056,0.2108897102703251,0.0156359383714374,0.358783871829294,0.9853873533336942,-0.4200000762939453,-0.354009359075419,0.0036360080977677,-0.1999855041503906,0.6000041961669922,0.8947668068155712,1.034120193451943,0.6851169782116795
2026-06-01,295.2499084472656,16.049999237060547,3.619999885559082,-0.1891891891891891,-0.0091628855811946,0.1989580622020736,0.218746112966354,0.2108891528171475,0.014431178680541,-0.5661875530986572,0.9789549131370658,0.7299995422363281,-0.2965899000116302,0.0066889022798359,3.1999826431274414,3.499984741210937,0.8532423708084506,0.9095387319301804,0.7337272886549185
2026-06-02,299.6102600097656,15.770000457763672,3.618000030517578,-0.1891891891891891,0.014660351758215,0.2485847946445372,0.2267784754055503,0.2121622427570339,0.0225944261816006,0.0451445429937336,0.9952129566757888,-0.279998779296875,-0.3058625558445747,0.004104880596363,-0.1999855041503906,3.600001335144043,0.8691694922931664,1.0961569178908646,0.6953922954796312
2026-06-03,299.50079345703125,16.059999465942383,3.622999906539917,-0.1891891891891891,-0.0003654299259515,0.1668163164158176,0.2212024665394429,0.2120761465594359,0.0179491234400254,-0.1693304418744925,0.9959157356081044,0.2899990081787109,-0.2305867951971112,0.0001059743160847,0.4999876022338867,3.7999868392944336,0.8526735295417996,0.7541340701373794,0.7260316630817811
2026-06-04,309.4957580566406,15.399999618530272,3.619999885559082,-0.1891891891891891,0.0328273194121301,0.253119679617696,0.2497783130199565,0.218021803676385,0.0272443656007455,0.3900555072557448,1.028909845826066,-0.6599998474121094,-0.284140013693785,0.0216660258029544,-0.3000020980834961,2.999997138977051,0.8902161851777411,1.013377328709368,0.6165467062506687
2026-06-05,310.9691162109375,21.51000022888184,3.625,-0.1891891891891891,0.0047492162238554,0.2552788510304834,0.2423556433033086,0.2160079112809844,0.0172871722024982,-0.1261844275401401,1.0342203498006135,6.1100006103515625,-0.0488196263110205,-0.029017714026448,0.5000114440917969,3.6999940872192383,0.5426620914165781,1.0533233208479549,0.8875386574746279
2026-06-08,309.7147521972656,18.920000076293945,3.628000020980835,-0.1891891891891891,-0.0040418827851325,0.2346597251146303,0.2215946465702428,0.2162700036801839,0.0177428860325203,-0.2894528780454592,1.0292631785351856,-2.59000015258789,-0.0519043601768602,-0.0104684770302356,0.3000020980834961,0.800013542175293,0.6899886161224674,1.0589593600143496,0.853811243598637
2026-06-09,311.2976379394531,19.8700008392334,3.634999990463257,-0.1891891891891891,0.0050977700130675,0.2313778300157802,0.2156329968218597,0.2161346797806329,0.023696844812412,0.5296541340480069,1.0327988176683474,0.9500007629394532,-0.0453409621349328,-0.004842885401704,0.6999969482421875,1.699995994567871,0.635949889239781,1.07301680830846,0.9214731108916758
2026-06-10,307.75360107421875,22.21999931335449,3.634999990463257,-0.1891891891891891,-0.0114500233948189,0.2663227841390649,0.2184250867215767,0.217373814589144,0.0185029467220801,-0.4428356373352577,1.019575025381427,2.3499984741210938,-0.0863003643034099,0.0269075375064753,0.0,1.2000083923339844,0.5022753379427595,1.219286612798935,1.0172823848607648
2026-06-11,312.0840759277344,19.440000534057617,3.622999906539917,-0.1891891891891891,0.0139731593418838,0.1541870433119185,0.2167121271019926,0.2158990920415229,0.0186289722792248,0.2023930924099913,1.032525508290714,-2.779998779296875,-0.1408265603530766,0.0388453659133579,-1.2000083923339844,0.3000020980834961,0.6604095212288837,0.711483226037242,0.8970425787435716
2026-06-12,319.2816772460937,17.68000030517578,3.618000030517578,-0.1891891891891891,0.0228010883052494,0.2172813463822578,0.2200445996912122,0.2199816752606445,0.0179284110068431,-0.205082639766989,1.0529581184924983,-1.760000228881836,-0.2133487036061995,0.0401299206359938,-0.4999876022338867,-0.6999969482421875,0.7605233057565206,0.9874423034565172,0.8034734926458572
2026-06-15,317.96759033203125,16.200000762939453,3.618000030517578,-0.1891891891891891,-0.004124253549058,0.2175045593538818,0.2210184136314017,0.219784692576607,0.0221666162339952,0.0730387904185039,1.0454389059592395,-1.479999542236328,-0.1941088695327996,-0.0061038933646724,0.0,-0.9999990463256836,0.8447098603040637,0.9841015315430682,0.732970637910587
2026-06-16,329.6549377441406,16.40999984741211,3.630000114440918,-0.1891891891891891,0.0360970038033145,0.3083964159308311,0.2455009968260431,0.2302271316263018,0.0233436330385345,0.3284324650645907,1.0782639784376478,0.2099990844726562,-0.1362834899025482,-0.007580337750902,1.2000083923339844,-0.4999876022338867,0.8327645191905269,1.256192112936121,0.6684290515952526
2026-06-17,331.9645080566406,18.440000534057617,3.6470000743865967,-0.1891891891891891,0.0069815955633435,0.2429526740311201,0.2450184859623225,0.2304103215570928,0.0188028224504903,0.0987464729742567,1.0803355706580189,2.030000686645508,-0.1208791471983776,-0.0141726437874687,1.699995994567871,1.2000083923339844,0.7172923459494471,0.9915687507287916,0.7525962974439898
2026-06-18,323.761474609375,16.399999618530273,3.6579999923706055,-0.1891891891891891,-0.0250210045635083,0.3760619032718091,0.2555550614360986,0.2368463805313647,0.0428325214423942,0.4960349128032197,1.0488631285985073,-2.040000915527344,-0.007269000200662,-0.0510428722169707,1.099991798400879,3.500008583068848,0.8333333604571778,1.471549423277,0.6417403563196922
2026-06-22,329.993408203125,17.280000686645508,3.680000066757202,-0.1891891891891891,0.0190656239244283,0.3672220238938659,0.2540552127385724,0.2388442289187143,0.0181609412759436,-0.6805963685120352,1.0642307328047855,0.8800010681152344,0.0297460935670029,-0.0167777694177803,2.200007438659668,6.200003623962402,0.7832764139456704,1.4454417995813542,0.680167137701164
2026-06-23,332.6414794921875,19.489999771118164,3.690000057220459,-0.1891891891891891,0.0079925927086734,0.3547943003909563,0.2543149169968059,0.2383839662794133,0.0244209113077786,-0.2948671655298776,1.0676877577771298,2.209999084472656,0.0391746101200982,-0.017663622568731,0.9999990463256836,7.200002670288086,0.6575654233910068,1.3950982686375897,0.7663726532943779
2026-06-24,331.95458984375,18.6299991607666,3.690000057220459,-0.1891891891891891,-0.0020670898451318,0.2628634065528219,0.2542053320902797,0.2382042822106977,0.0142750325127281,0.0419956348852085,1.06111237811583,-0.8600006103515625,0.0504704876313751,-0.0017776985284649,0.0,5.999994277954102,0.7064846873692122,1.034059373937394,0.7328720844514094
2026-06-25,333.6170654296875,18.88999938964844,3.680000066757202,-0.1891891891891891,0.0049956425584552,0.2605702384122215,0.2540086879827993,0.2377072598722045,0.0259310174505327,0.2390868016499762,1.061860001198905,0.2600002288818359,0.0517549202064701,-0.0012988682086102,-0.9999990463256836,3.299999237060547,0.6916951399224204,1.025831992131964,0.7436753262127636
2026-06-26,327.57427978515625,18.40999984741211,3.663000106811523,-0.1891891891891891,-0.018278986678531,0.2192918010395898,0.2457535671123507,0.2393460650815326,0.027047543615422,0.563334238139574,1.037964205180341,-0.4799995422363281,0.0364690869953001,-0.0087739052382388,-1.699995994567871,0.5000114440917969,0.7189988697494001,0.8923239797342862,0.7491244201959291
2026-06-29,327.91278076171875,17.649999618530273,3.680000066757202,-0.1891891891891891,0.0010328228489229,0.1627229491066837,0.2415351554784398,0.2299529353044664,0.0157564049017867,-0.7930561197495337,1.033964283380452,-0.7600002288818359,0.0281474079359871,0.0007849456015758,1.699995994567871,0.0,0.7622298295564736,0.673702959655531,0.7307424703277104
2026-06-30,325.86199951171875,16.450000762939453,3.732000112533569,-0.1891891891891891,-0.0062736833487123,0.1417586004595221,0.2441883774395736,0.2306139737802465,0.0114869089905238,0.0122402987582648,1.0232122466799265,-1.1999988555908203,0.0531071059271499,-0.0075284128387939,5.200004577636719,4.200005531311035,0.8304891541239229,0.5805296793644545,0.6736602673487249
2026-07-01,332.5718078613281,16.59000015258789,3.700000047683716,-0.1891891891891891,0.0203818229092161,0.2264875876519496,0.2451691638774954,0.2233765388248856,0.0318196924290061,0.6325620067346266,1.0384858446955154,0.1399993896484375,0.0712056906283343,-0.0028534427672128,-3.200006484985352,0.9999990463256836,0.822525593381565,0.923801281000899,0.6766756426545336
2026-07-02,332.9700012207031,16.149999618530273,3.6679999828338623,-0.1891891891891891,0.0011965992262364,0.2231828089859094,0.2433768636174508,0.2233449201545057,0.0246061259792846,-0.5920811552846156,1.0345972022498218,-0.4400005340576172,0.0793279018455134,0.0005265042985969,-3.200006484985352,-1.2000083923339844,0.8475540666373187,0.9170255778162908,0.6635799056033308
2026-07-06,337.7200012207031,15.56999969482422,3.690000057220459,-0.1891891891891891,0.0141647539177378,0.1724117691750162,0.2445225275661651,0.2244352498422981,0.0166114409832494,0.0303873000752726,1.043455613029517,-0.5799999237060547,0.0733736793619592,0.0082155561916029,2.200007438659668,2.6999950408935547,0.8805461006354303,0.7050956445244642,0.6367511349485435
2026-07-07,339.2200012207031,16.1299991607666,3.724999904632568,-0.1891891891891891,0.0044317146264105,0.1677432351512358,0.2237613649197176,0.2241830312957549,0.0127056115296384,-0.1979547364880566,1.0435265238277929,0.5599994659423828,0.1121825328928394,-0.0024817578239989,3.499984741210937,4.499983787536621,0.8486917491706206,0.7496523593848282,0.7208572027862725
2026-07-08,330.6199951171875,16.899999618530273,3.723000049591065,-0.1891891891891891,-0.0256792031860402,0.2811320427177488,0.2467521814256529,0.230844011406504,0.0193575524499536,0.955734109938204,1.0141513708034555,0.7700004577636719,0.068894490432513,0.0197729982082573,-0.1999855041503906,-0.9000062942504883,0.8048919480968961,1.1393295130906658,0.6848976783462515
2026-07-09,335.4700012207031,15.84000015258789,3.681999921798706,-0.1891891891891891,0.0145628724182689,0.2606217331113559,0.2485503068217811,0.2223886256219992,0.0184517316567268,-0.1726672529205739,1.0251716832590003,-1.0599994659423828,0.0091808980489184,0.0154366369859521,-4.10001277923584,-1.8000125885009766,0.8651877119219875,1.0485673361016223,0.6372955380797699
2026-07-10,336.4700012207031,15.029999732971191,3.694999933242798,-0.1891891891891891,0.0029764584178405,0.2606962389149968,0.2485197886359377,0.2220552878444601,0.0083811552708647,-0.904993630109108,1.0244748660123082,-0.8100004196166992,0.0068544047012515,0.0024109325674225,1.3000011444091797,2.6999950408935547,0.911262823814627,1.048995898257811,0.6047808029882472
2026-07-13,334.5299987792969,17.15999984741211,3.7279999256134033,-0.1891891891891891,-0.0057824376959504,0.2401488857823668,0.2449150153820901,0.2224447673220641,0.0174872391859096,0.122558968727906,1.0146289161881226,2.130000114440918,0.0472308502252543,0.0123165929541219,3.299999237060547,3.7999868392944336,0.7901024006501043,0.9805396594721326,0.7006511961155553
2026-07-14,342.8900146484375,16.5,3.700000047683716,-0.1891891891891891,0.0246831807464802,0.3073977392960174,0.2530985258633098,0.2262976739739391,0.0553530583437612,0.7138091731458444,1.035378168350801,-0.6599998474121094,0.0903263896468644,0.0162908955263224,-2.79998779296875,-2.499985694885254,0.8276450562860459,1.2145378494303551,0.6519200356350991
2026-07-15,346.9100036621094,15.670000076293944,3.687999963760376,-0.1891891891891891,0.0116556521249627,0.1839058498378281,0.245773318956679,0.2263291608601002,0.0207258434911243,-0.3018532779398704,1.0433718374306231,-0.8299999237060547,0.1655106369902151,0.0096741903744633,-1.2000083923339844,-3.500008583068848,0.8748577964642984,0.748274265972069,0.6375793817983962
2026-07-16,343.1499938964844,16.729999542236328,3.697000026702881,-0.1891891891891891,-0.0108977392998977,0.2250180791682101,0.249667045445779,0.224651796247215,0.0239837130488506,0.1454002135661896,1.0283542931802725,1.0599994659423828,0.090341892239398,0.0115515978378709,0.9000062942504883,1.5000104904174805,0.814562032639207,0.901272648003831,0.6700924229853809
2026-07-17,341.1000061035156,18.770000457763672,3.7070000171661377,-0.1891891891891891,-0.0059919442496905,0.2375691226594133,0.221709134712159,0.224034523642284,0.0324831922942892,-0.2955851240513053,1.0205440519476068,2.040000915527344,0.0326287330034174,0.0122235717551574,0.9999990463256836,1.2000083923339844,0.6985210181314763,1.071535112740596,0.8466047410329948
2026-07-20,338.8699951171875,18.64999961853028,3.704999923706055,-0.1891891891891891,-0.0065591687204113,0.2393802794881862,0.2225475690788192,0.224625699375078,0.0203323243359294,-0.1804791102474607,1.012875527905262,-0.1200008392333984,0.0048288082038699,-0.0007871057511228,-0.2000093460083007,-2.300000190734864,0.7053470048359103,1.0756364604612032,0.8380230660675083
2026-07-21,345.2300109863281,17.049999237060547,3.7300000190734863,-0.1891891891891891,0.0185943547999198,0.2054568457459915,0.2092287839298733,0.2236954697713756,0.0244474760965682,-0.2499355103464645,1.0287419925311136,-1.6000003814697266,-0.2723968705572315,0.0297509747730551,2.500009536743164,2.999997138977051,0.7963595460878872,0.9819721832100026,0.8148974016297468
2026-07-22,348.2099914550781,16.639999389648438,3.744999885559082,-0.1891891891891891,0.0085948281113421,0.196759049546481,0.2021591459976502,0.2222883704040325,0.0138422430214515,0.2901477350087415,1.0349467144623614,-0.4099998474121094,-0.3440858678304724,0.0035238782141835,1.4999866485595703,5.6999921798706055,0.819681495543688,0.9732878944233772,0.8231138545590142
2026-07-23,349.8999938964844,18.700000762939453,3.799999952316284,-0.1891891891891891,0.0048416604209664,0.1676427866437517,0.2013851832467035,0.2223452694750026,0.0128608176007322,0.3055007806275803,1.0374356350350158,2.060001373291016,-0.3766279581165315,-0.0099738271161995,5.500006675720215,10.299992561340332,0.7025027985026553,0.8324484648822637,0.9285688480880608
2026-07-24,353.2099914550781,18.57999992370605,3.805000066757202,-0.1891891891891891,0.0094153747775649,0.144474049980572,0.202096655097568,0.2225029167431391,0.0166189950997862,-0.3722822238487487,1.044116207199209,-0.1200008392333984,-0.3977106186425755,0.0011298528750047,0.5000114440917969,9.800004959106444,0.7093287852070892,0.7148760077737212,0.9193620703289732
2026-07-27,356.20001220703125,18.670000076293945,3.796999931335449,-0.1891891891891891,0.0084296484181141,0.0814296565841573,0.2028820304493271,0.2212585577971256,0.01816395564002,0.0472770227441964,1.049618307110276,0.0900001525878906,-0.3966985549203632,-0.0007586696438925,-0.800013542175293,9.200000762939451,0.7042093223026082,0.4013645585260232,0.9202392166001644
2026-07-28,357.3099975585937,18.209999084472656,3.759999990463257,-0.1891891891891891,0.0031113403646732,0.0435666204486206,0.1873963495442695,0.2205992614014073,0.0144132376134811,-0.187960834437509,1.048514184589062,-0.460000991821289,-0.4690407714893803,0.0014312196536433,-3.6999940872192383,2.999997138977051,0.7303754780916639,0.2324838266837674,0.9717371298191066
2026-07-29,344.7099914550781,20.65999984741211,3.6579999923706055,-0.1891891891891891,-0.0359002864431334,0.3034118274760012,0.2331859269799482,0.233376483167491,0.0394244340888553,0.2350773246660058,1.0091711801561514,2.450000762939453,-0.6139513021967478,0.0879557291754218,-10.199999809265137,-8.699989318847656,0.5910125141281325,1.3011583992463307,0.8859882804672286
2026-07-30,350.8500061035156,17.09000015258789,3.674999952316284,-0.1891891891891891,0.017655340047404,0.3337858234787926,0.2367050480985005,0.2348392601545361,0.0196950364597418,-0.0830628833338511,1.023580949573568,-3.5699996948242188,-0.6643337301725817,0.0630295585812503,1.699995994567871,-12.5,0.7940841810212833,1.410133945854394,0.7219955928221775
2026-07-31,351.7900085449219,15.989999771118164,3.681999921798706,-0.1891891891891891,0.0026756318530101,0.325833171520359,0.2286196942236593,0.233832980199745,0.0135591941152665,-0.1414184770185039,1.0235904637795914,-1.1000003814697266,-0.6825142879270178,0.0029431960589837,0.6999969482421875,-12.30001449584961,0.8566553099129786,1.4252191729448973,0.6994147999985995
2026-08-03,352.6400146484375,15.859999656677246,3.700000047683716,-0.1891891891891891,0.0024133171161717,0.3177902536362467,0.2285593893037684,0.2336678919228031,0.0135548961568138,-0.025584217511676,1.023274875831051,-0.1300001144409179,-0.6855012798709362,0.0003137315012845,1.8000125885009766,-9.69998836517334,0.8640500836363745,1.3904055948184446,0.6939115345464282
2026-08-04,357.5199890136719,16.5,3.7300000190734863,-0.1891891891891891,0.0137435258320797,0.3369679964333361,0.22829843922512,0.232070552050293,0.0255370473354522,0.2753797562094154,1.0346047500748168,0.6400003433227539,-0.6528075345240633,-0.0087958612509961,2.999997138977051,-2.999997138977051,0.8276450562860459,1.475997810484632,0.7227381867350268
2026-08-05,359.239990234375,15.8100004196167,3.724999904632568,-0.1891891891891891,0.0047993877226967,0.111032549345409,0.2283368642457103,0.2320279486510221,0.0110511115928742,-0.4754447252084277,1.0367220554210077,-0.6899995803833008,-0.6569186909641485,0.0033115755147575,-0.5000114440917969,6.699991226196289,0.8668941814742515,0.4862664191881357,0.6923980703616811
2026-08-06,356.29998779296875,15.149999618530272,3.732000112533569,-0.1891891891891891,-0.0082176232673764,0.1242151858625578,0.2080754779411217,0.230909892982959,0.0220600213888573,0.0993819623344652,1.0246216697914885,-0.6600008010864258,-0.642183263030741,-0.0054236379394948,0.7000207901000977,5.700016021728516,0.904436891357882,0.5969717676088027,0.728101156774332
2026-08-07,357.5199890136719,14.899999618530272,3.7100000381469727,-0.1891891891891891,0.0034182355446795,0.1241736831299258,0.2041967671290223,0.2228229130016816,0.0154397507856236,-0.2426360945631033,1.025034955294147,-0.25,-0.631414245520889,0.0008545588861698,-2.200007438659668,2.80001163482666,0.9186575975380228,0.6081079777892187,0.7296883211238923
2026-08-10,359.7900085449219,15.460000038146973,3.7179999351501465,-0.1891891891891891,0.0063292777655601,0.125651658332703,0.2045154690337145,0.2204800129680608,0.0097000754648228,0.1542007358274189,1.0282694419558602,0.5600004196166992,-0.6281048953190776,-0.0035443982045843,0.7999897003173828,1.7999887466430664,0.8868031918255243,0.6143870628778172,0.7559330407226251
2026-08-11,362.0400085449219,15.279999732971191,3.7300000190734863,-0.1891891891891891,0.006234174899631,0.0970828413544843,0.2020941182230429,0.2196697990564257,0.012484777668187,-0.1519475711479381,1.0308404684789068,-0.1800003051757812,-0.6182936901828591,0.0011221533844527,1.2000083923339844,0.0,0.8970421176344862,0.4803842991973572,0.7560833470723421
2026-08-12,365.1799926757813,14.550000190734863,3.7070000171661377,-0.1891891891891891,0.0086356360910064,0.1061702383765743,0.1883410060239713,0.2183627871894697,0.0131168427651911,-0.0469040384187196,1.0366480072654711,-0.7299995422363281,-0.6348388327336361,0.0063040103933541,-2.300000190734864,-1.7999887466430664,0.9385665536416068,0.563712813358666,0.7725349087751497
2026-08-13,363.1099853515625,14.630000114440918,3.704999923706055,-0.1891891891891891,-0.005684584330251,0.0890275495174997,0.1878772003114619,0.2159312914226615,0.0137148830581083,0.1557393359820412,1.028519481565337,0.0799999237060546,-0.6233939220717961,0.0004547663127207,-0.2000093460083007,-2.700018882751465,0.9340159320037767,0.4738603160463871,0.7787001344594964
2026-08-14,362.8399963378906,14.25,3.697000026702881,-0.1891891891891891,-0.0007438226680347,0.0948267908481352,0.1821824714124025,0.2159017650568913,0.0122643086053532,-0.0086800462314706,1.0250324147352992,-0.3800001144409179,-0.6000662106934989,-0.0002826526989769,-0.7999897003173828,-1.3000011444091797,0.9556314119073136,0.5205044706714834,0.7821828241501116
2026-08-17,360.9599914550781,15.1899995803833,3.703000068664551,-0.1891891891891891,-0.0051948304569667,0.1038492342141424,0.1817260204155003,0.2155835402033762,0.0132701924266252,0.0433286355850156,1.017004256968424,0.9399995803833008,-0.599579270796655,0.0048831384497111,0.6000041961669922,-1.4999866485595703,0.9021615805389672,0.5714604544616142,0.8358736710160009
2026-08-18,363.25,15.84000015258789,3.704999923706055,-0.1891891891891891,0.0063241772535198,0.1041556800141773,0.1789181593715221,0.2152633006739154,0.011837627833577,0.0448829460279692,1.0201195597079635,0.6500005722045898,-0.5918721551077213,-0.0041107188335111,0.1999855041503906,-2.500009536743164,0.8651877119219875,0.5821414683676627,0.8853209874407583
2026-08-19,357.260009765625,14.890000343322754,3.700000047683716,-0.1891891891891891,-0.01662746709487,0.1328553569372414,0.182567522244198,0.2151734816110699,0.0207131884179789,0.1922388545318398,1.0016863198627397,-0.9499998092651368,-0.4513264041961434,-0.0157960905686889,-0.4999876022338867,-0.6999969482421875,0.9192263845569848,0.7277053185809094,0.8155886742772483
2026-08-20,351.54998779296875,16.010000228881836,3.703000068664551,-0.1891891891891891,-0.0161119214338094,0.157599352569202,0.1905788282937553,0.2154025503569675,0.0182051618156549,0.0153382922424174,0.9852371947462752,1.119999885559082,-0.4831352516491623,0.0180453501620034,0.3000020980834961,-0.1999855041503906,0.8555176273796766,0.8269509996476668,0.8400723402603917
2026-08-21,351.5799865722656,15.130000114440918,3.7100000381469727,-0.1891891891891891,8.532925748808621e-05,0.1595948559930106,0.1899103173441856,0.2154477664099235,0.0184594984989027,0.1764782806272287,0.9851004052290252,-0.880000114440918,-0.5556877796881536,7.508975635467442e-05,0.6999969482421875,1.3000011444091797,0.905574519643495,0.840369592473312,0.7966918451839521
2026-08-24,356.3900146484375,15.850000381469728,3.703000068664551,-0.1891891891891891,0.0135884347646861,0.2141949759749589,0.1929793953097198,0.2159127663930818,0.0153202705762229,-0.6130257711427453,0.998154227083232,0.7200002670288086,-0.4992735700402693,-0.0097836766590775,-0.6999969482421875,0.0,0.8646188706553365,1.1099370253036054,0.8213312284470301
2026-08-25,356.69000244140625,15.449999809265137,3.704999923706055,-0.1891891891891891,0.0008413861094876,0.2031383296010533,0.1907922704108407,0.215921920546173,0.0120552517971823,-0.0221812048259548,0.9989291343797164,-0.4000005722045898,-0.5122105589209793,0.00033655492524,0.1999855041503906,0.0,0.8873720330921753,1.0647094306474123,0.8097812231069962
2026-08-26,356.5,15.210000038146973,3.690000057220459,-0.1891891891891891,-0.0005328241990241,0.1673107704868499,0.1904766061702293,0.208900090315965,0.0105189340813464,0.2991044889080004,0.9985048820245244,-0.239999771118164,-0.5102274390341744,-0.000127877685812,-1.4999866485595703,-0.9999990463256836,0.9010238980056652,0.8783796280857918,0.7985232593105824
2026-08-27,354.9599914550781,14.640000343322754,3.679999828338623,-0.1891891891891891,-0.0043291568566118,0.1081768035996133,0.1405921612326316,0.208131623789305,0.0150580385096148,-1.0284320950692798,0.9928342531578788,-0.5699996948242188,-0.2426849483380009,-0.0024676180871149,-1.0000228881835938,-2.300024032592773,0.9334470907371256,0.7694369490530701,1.0413098578873536
2026-08-28,356.6600036621094,14.529999732971191,3.7319998741149902,-0.1891891891891891,0.006864764817497,0.1210966282698478,0.1306453760293794,0.2082973941969707,0.0126451234209532,-0.9505217835593132,0.996916039007524,0.0199995040893554,0.1452494643883807,-0.0001372918920399,5.399990081787109,2.199983596801758,0.9397042361749086,0.9269109397535488,1.1121709910118591
2026-08-31,357.42999267578125,15.279999732971191,3.7300000190734863,-0.1891891891891891,-0.0005314382186468,0.0911911135730233,0.1324676561154392,0.2072587647144663,0.0082813180643267,-1.5495062793584014,0.9981913873744044,0.8499994277954102,0.1460006708142941,0.0004517221817584,0.0,2.6999950408935547,0.8970421176344862,0.6884028618544786,1.1534890992300335
2026-09-01,354.95001220703125,16.34000015258789,3.7720000743865967,-0.1891891891891891,-0.0030099093143061,0.0681080290162961,0.1301382744343069,0.207108562240399,0.0163684951649049,-0.4496788632962213,0.99180370015795,1.420000076293945,0.1229871963399505,0.0042740714559526,3.9999961853027344,6.90000057220459,0.8367462995617058,0.5233512532139547,1.2555875835618386
2026-09-02,356.2200012207031,15.199999809265137,3.7720000743865967,-0.1891891891891891,0.0035715520612211,0.074715225710989,0.1304226906721452,0.2057371908678821,0.0215596896565697,0.0503733990764918,0.9948784076747602,-1.140000343322754,0.0890552704612566,0.0040715705759872,0.0,6.700015068054199,0.901592739272316,0.5728698382615582,1.165441360773233
