到期日,期限(年),行权价,类型,市场价,买价,卖价,YahooIV,成交量,未平仓量,BSM价,中间价,绝对误差,squared_error,bias,偏差%,MAPE%,货币度,Log货币度,tenor_bucket,反推IV,IV-vol_21d,参数_S,参数_r,参数_q,参数_vol_21d
2026-09-04,0.10410958904109589,290.0,call,60.3,0.0,0.0,1.0000000000000003e-05,,,63.7388894458669,60.3,3.4388894458669057,11.825960620894794,3.4388894458669057,5.702967571918584,5.702967571918584,ITM,-0.19718183372708756,<3m,0.0,-0.20209665509756794,353.2099914550781,0.03805000066757202,0.016987061932428632,0.20209665509756794
2026-09-04,0.10410958904109589,295.0,call,55.35,0.0,0.0,1.0000000000000003e-05,,,58.768396996310685,55.35,3.4183969963106833,11.6854380243859,3.4183969963106833,6.175965666324631,6.175965666324631,ITM,-0.1800874003677874,<3m,0.0,-0.20209665509756794,353.2099914550781,0.03805000066757202,0.016987061932428632,0.20209665509756794
2026-09-04,0.10410958904109589,305.0,call,45.95,0.0,0.0,1.0000000000000003e-05,,,48.87353516526463,45.95,2.9235351652646244,8.547057862538855,2.9235351652646244,6.362426910260336,6.362426910260336,ITM,-0.1467509801001956,<3m,0.0,-0.20209665509756794,353.2099914550781,0.03805000066757202,0.016987061932428632,0.20209665509756794
2026-09-04,0.10410958904109589,310.0,call,43.05,0.0,0.0,1.0000000000000003e-05,34.0,27.0,43.97777004086544,43.05,0.9277700408654397,0.8607572487274596,0.9277700408654397,2.1550988173413237,2.1550988173413237,ITM,-0.13049045922841523,<3m,0.0,-0.20209665509756794,353.2099914550781,0.03805000066757202,0.016987061932428632,0.20209665509756794
2026-09-04,0.10410958904109589,315.0,call,38.55,0.0,0.0,1.0000000000000003e-05,,1.0,39.14910995342677,38.55,0.5991099534267761,0.3589327362950338,0.5991099534267761,1.5541114226375516,1.5541114226375516,ITM,-0.11449011788197416,<3m,0.0010000013965182006,-0.20109665370104973,353.2099914550781,0.03805000066757202,0.016987061932428632,0.20209665509756794
2026-09-04,0.10410958904109589,320.0,call,36.04,0.0,0.0,1.0000000000000003e-05,3.0,11.0,34.424694805581396,36.04,1.6153051944186032,2.6092108711157214,-1.6153051944186032,-4.481978896832972,4.481978896832972,ITM,-0.09874176091383494,<3m,0.2877423008566488,0.08564564575908087,353.2099914550781,0.03805000066757202,0.016987061932428632,0.20209665509756794
2026-09-04,0.10410958904109589,325.0,call,28.15,0.0,0.0,1.0000000000000003e-05,,1.0,29.852043178054657,28.15,1.7020431780546588,2.8969509799624027,1.7020431780546588,6.046334557920635,6.046334557920635,ITM,-0.08323757437786976,<3m,0.0,-0.20209665509756794,353.2099914550781,0.03805000066757202,0.016987061932428632,0.20209665509756794
2026-09-04,0.10410958904109589,330.0,call,24.2,0.0,0.0,1.0000000000000003e-05,,1.0,25.487039581095246,24.2,1.2870395810952466,1.656470883305828,1.2870395810952466,5.318345376426639,5.318345376426639,ITM,-0.06797010224708126,<3m,0.1327370714818477,-0.06935958361572023,353.2099914550781,0.03805000066757202,0.016987061932428632,0.20209665509756794
2026-09-04,0.10410958904109589,335.0,call,22.99,0.0,0.0,1.0000000000000003e-05,,4.0,21.38977137941083,22.99,1.6002286205891672,2.5607316381527085,-1.6002286205891672,-6.960542064328696,6.960542064328696,ITM,-0.05293222488254081,<3m,0.2504544590575789,0.048357803960010964,353.2099914550781,0.03805000066757202,0.016987061932428632,0.20209665509756794
2026-09-04,0.10410958904109589,345.0,call,14.85,0.0,0.0,1.0000000000000003e-05,,2.0,14.223782887717192,14.85,0.6262171122828075,0.3921478717158184,-0.6262171122828075,-4.216950251062677,4.216950251062677,ITM,-0.023518339676247498,<3m,0.2171300082564526,0.015033353158884655,353.2099914550781,0.03805000066757202,0.016987061932428632,0.20209665509756794
2026-09-04,0.10410958904109589,350.0,call,13.13,0.0,0.0,1.0000000000000003e-05,,1.0,11.24095855177083,13.13,1.88904144822917,3.56847759312776,-1.88904144822917,-14.387215904258719,14.387215904258719,ITM,-0.00912960222414784,<3m,0.24450714384987576,0.04241048875230782,353.2099914550781,0.03805000066757202,0.016987061932428632,0.20209665509756794
2026-09-04,0.10410958904109589,355.0,call,10.5,0.0,0.0,0.0039162109375,,16.0,8.687381407722427,10.5,1.8126185922775733,3.285586161070331,-1.8126185922775733,-17.263034212167362,17.263034212167362,OTM,0.005055032767808532,<3m,0.24203530100374585,0.039938645906177905,353.2099914550781,0.03805000066757202,0.016987061932428632,0.20209665509756794
2026-09-04,0.10410958904109589,360.0,call,7.87,0.0,0.0,0.015634843750000002,5.0,7.0,6.560080514322351,7.87,1.309919485677649,1.7158890589579967,-1.309919485677649,-16.64446614584052,16.64446614584052,OTM,0.019041274742548363,<3m,0.23158032965983805,0.029483674562270107,353.2099914550781,0.03805000066757202,0.016987061932428632,0.20209665509756794
2026-09-04,0.10410958904109589,365.0,call,4.85,0.0,0.0,0.0312596875,,1.0,4.837116732875003,4.85,0.012883267124996323,0.00016597857181401102,-0.012883267124996323,-0.2656343737112644,0.2656343737112644,OTM,0.03283459687488434,<3m,0.20240894452096056,0.0003122894233926199,353.2099914550781,0.03805000066757202,0.016987061932428632,0.20209665509756794
2026-09-04,0.10410958904109589,370.0,call,4.3,0.0,0.0,0.0312596875,,4.0,3.481161631313441,4.3,0.818838368686559,0.6704962740332652,-0.818838368686559,-19.04275276015254,19.04275276015254,OTM,0.046440248930662904,<3m,0.22383200719053914,0.0217353520929712,353.2099914550781,0.03805000066757202,0.016987061932428632,0.20209665509756794
2026-09-04,0.10410958904109589,375.0,call,3.2,0.0,0.0,0.0312596875,,5.0,2.4445524471920805,3.2,0.7554475528079196,0.5707010050434745,-0.7554475528079196,-23.60773602524749,23.60773602524749,OTM,0.05986326926280354,<3m,0.22508020390539554,0.022983548807827603,353.2099914550781,0.03805000066757202,0.016987061932428632,0.20209665509756794
2026-09-04,0.10410958904109589,380.0,call,2.24,0.0,0.0,0.062509375,10.0,11.0,1.6747726336927968,2.24,0.5652273663072034,0.31948197562257746,-0.5652273663072034,-25.233364567285864,25.233364567285864,OTM,0.07310849601282432,<3m,0.22265873418681512,0.020562079089247176,353.2099914550781,0.03805000066757202,0.016987061932428632,0.20209665509756794
2026-09-04,0.10410958904109589,385.0,call,1.16,0.0,0.0,0.062509375,,1.0,1.11942655215001,1.16,0.04057344784998995,0.0016462046704358543,-0.04057344784998995,-3.4977110215508582,3.4977110215508582,OTM,0.08618057758017704,<3m,0.20404693502203636,0.0019502799244684177,353.2099914550781,0.03805000066757202,0.016987061932428632,0.20209665509756794
2026-09-04,0.10410958904109589,280.0,put,0.3,0.0,0.0,0.12500875,,21.0,0.0008136906516914219,0.3,0.2991863093483086,0.0895124477014618,-0.2991863093483086,-99.72876978276953,99.72876978276953,OTM,-0.23227315353835765,<3m,0.3611585449995761,0.15906188990200817,353.2099914550781,0.03805000066757202,0.016987061932428632,0.20209665509756794
2026-09-04,0.10410958904109589,300.0,put,0.67,,0.0,0.12500875,,1.0,0.0377151028981253,0.67,0.6322848971018747,0.39978419110312835,-0.6322848971018747,-94.37088016445891,94.37088016445891,OTM,-0.1632802820514062,<3m,0.31070515548182437,0.10860850038425643,353.2099914550781,0.03805000066757202,0.016987061932428632,0.20209665509756794
2026-09-04,0.10410958904109589,310.0,put,1.44,0.0,0.0,0.062509375,,12.0,0.16628852940728134,1.44,1.2737114705927186,1.622340910319466,-1.2737114705927186,-88.45218545782768,88.45218545782768,OTM,-0.13049045922841523,<3m,0.31121010997726206,0.10911345487969412,353.2099914550781,0.03805000066757202,0.016987061932428632,0.20209665509756794
2026-09-04,0.10410958904109589,315.0,put,1.8,0.0,0.0,0.062509375,,22.0,0.3178607716837085,1.8,1.4821392283162915,2.1967366921140123,-1.4821392283162915,-82.34106823979397,82.34106823979397,OTM,-0.11449011788197416,<3m,0.3007328406594067,0.09863618556183876,353.2099914550781,0.03805000066757202,0.016987061932428632,0.20209665509756794
2026-09-04,0.10410958904109589,320.0,put,2.38,0.0,0.0,0.062509375,,10.0,0.5736779535533465,2.38,1.8063220464466534,3.262799335479226,-1.8063220464466534,-75.89588430448124,75.89588430448124,OTM,-0.09874176091383494,<3m,0.2956189472235,0.09352229212593208,353.2099914550781,0.03805000066757202,0.016987061932428632,0.20209665509756794
2026-09-04,0.10410958904109589,325.0,put,2.44,0.0,0.0,0.062509375,6.0,26.0,0.9812586557415912,2.44,1.4587413442584087,2.127926309448829,-1.4587413442584087,-59.78448132206593,59.78448132206593,OTM,-0.08323757437786976,<3m,0.266159593890412,0.06406293879284405,353.2099914550781,0.03805000066757202,0.016987061932428632,0.20209665509756794
2026-09-04,0.10410958904109589,330.0,put,3.3,0.0,0.0,0.062509375,,7.0,1.5964873884972377,3.3,1.7035126115027621,2.9019552175489607,-1.7035126115027621,-51.621594287962495,51.621594287962495,OTM,-0.06797010224708126,<3m,0.2626860249419826,0.06058936984441468,353.2099914550781,0.03805000066757202,0.016987061932428632,0.20209665509756794
2026-09-04,0.10410958904109589,335.0,put,4.15,0.0,0.0,0.0312596875,,4.0,2.4794515165279023,4.15,1.670548483472098,2.7907322356309265,-1.670548483472098,-40.25418032462886,40.25418032462886,OTM,-0.05293222488254081,<3m,0.25246227572890423,0.05036562063133629,353.2099914550781,0.03805000066757202,0.016987061932428632,0.20209665509756794
2026-09-04,0.10410958904109589,340.0,put,5.45,0.0,0.0,0.0312596875,1.0,8.0,3.688559503545733,5.45,1.7614404964542674,3.102672622549056,-1.7614404964542674,-32.32000910925261,32.32000910925261,OTM,-0.03811713909740012,<3m,0.24838071633337658,0.04628406123580864,353.2099914550781,0.03805000066757202,0.016987061932428632,0.20209665509756794
2026-09-04,0.10410958904109589,345.0,put,7.61,0.0,0.0,0.015634843750000002,2.0,10.0,5.273927684264365,7.61,2.3360723157356356,5.457233864346455,-2.3360723157356356,-30.697402309272476,30.697402309272476,OTM,-0.023518339676247498,<3m,0.2575495016170772,0.05545284651950924,353.2099914550781,0.03805000066757202,0.016987061932428632,0.20209665509756794
2026-09-04,0.10410958904109589,350.0,put,8.85,0.0,0.0,0.007822421875,55.0,50.0,7.271335678033012,8.85,1.578664321966988,2.49218104145149,-1.578664321966988,-17.83801493748009,17.83801493748009,OTM,-0.00912960222414784,<3m,0.23755113805511363,0.03545448295754569,353.2099914550781,0.03805000066757202,0.016987061932428632,0.20209665509756794
2026-09-04,0.10410958904109589,355.0,put,11.3,0.0,0.0,1.0000000000000003e-05,101.0,69.0,9.69799086369963,11.3,1.6020091363003708,2.56643327278986,-1.6020091363003708,-14.177072002658148,14.177072002658148,ITM,0.005055032767808532,<3m,0.23739487177623408,0.035298216678666144,353.2099914550781,0.03805000066757202,0.016987061932428632,0.20209665509756794
2026-09-04,0.10410958904109589,360.0,put,13.8,0.0,0.0,1.0000000000000003e-05,,5.0,12.550922300014605,13.8,1.2490776999853956,1.5601951006008061,-1.2490776999853956,-9.05128768105359,9.05128768105359,ITM,0.019041274742548363,<3m,0.23021565221461784,0.028118997117049904,353.2099914550781,0.03805000066757202,0.016987061932428632,0.20209665509756794
2026-09-04,0.10410958904109589,365.0,put,16.9,0.0,0.0,1.0000000000000003e-05,,2.0,15.808190848282322,16.9,1.0918091517176762,1.1920472237744717,-1.0918091517176762,-6.460409181761398,6.460409181761398,ITM,0.03283459687488434,<3m,0.22823520032177771,0.026138545224209775,353.2099914550781,0.03805000066757202,0.016987061932428632,0.20209665509756794
2026-09-04,0.10410958904109589,385.0,put,36.55,0.0,0.0,1.0000000000000003e-05,,1.0,32.011429986417454,36.55,4.538570013582543,20.598617768190646,-4.538570013582543,-12.417428217736097,12.417428217736097,ITM,0.08618057758017704,<3m,0.3543603819171945,0.15226372681962655,353.2099914550781,0.03805000066757202,0.016987061932428632,0.20209665509756794
2026-09-04,0.10410958904109589,390.0,put,42.1,0.0,0.0,1.0000000000000003e-05,,,36.60231575161271,42.1,5.497684248387294,30.22453209496577,-5.497684248387294,-13.058632418972197,13.058632418972197,ITM,0.09908398241608488,<3m,0.3993835963922361,0.19728694129466814,353.2099914550781,0.03805000066757202,0.016987061932428632,0.20209665509756794
2026-09-18,0.14246575342465753,130.0,call,181.18,177.0,180.65,1.0000000000000003e-05,1.0,3.0,223.05903069700148,178.825,41.87903069700147,1753.8532121203914,41.87903069700147,23.114599126284062,23.114599126284062,ITM,-0.9995283062520248,<3m,0.0,-0.20209665509756794,353.2099914550781,0.03805000066757202,0.016987061932428632,0.20209665509756794
2026-09-18,0.14246575342465753,135.0,call,211.45,0.0,0.0,1.0000000000000003e-05,1.0,1.0,218.08606147635192,211.45,6.636061476351927,44.03731191792211,6.636061476351927,3.1383596483102045,3.1383596483102045,ITM,-0.9617879782691778,<3m,0.0,-0.20209665509756794,353.2099914550781,0.03805000066757202,0.016987061932428632,0.20209665509756794
2026-09-18,0.14246575342465753,140.0,call,187.47,166.3,170.25,1.0000000000000003e-05,4.0,0.0,213.11309225570233,168.275,25.643092255702328,657.5681804344607,25.643092255702328,13.678504430416774,13.678504430416774,ITM,-0.9254203340983029,<3m,0.0,-0.20209665509756794,353.2099914550781,0.03805000066757202,0.016987061932428632,0.20209665509756794
2026-09-18,0.14246575342465753,150.0,call,154.9,152.9,157.0,1.0000000000000003e-05,,2.0,203.16715381440315,154.95,48.267153814403144,2329.7181373432522,48.267153814403144,31.160202591609515,31.160202591609515,ITM,-0.8564274626113515,<3m,0.0,-0.20209665509756794,353.2099914550781,0.03805000066757202,0.016987061932428632,0.20209665509756794
2026-09-18,0.14246575342465753,160.0,call,174.54,0.0,0.0,1.0000000000000003e-05,10.0,41.0,193.221215373104,174.54,18.68121537310401,348.98780781629756,18.68121537310401,10.703114113156875,10.703114113156875,ITM,-0.7918889414737803,<3m,0.0,-0.20209665509756794,353.2099914550781,0.03805000066757202,0.016987061932428632,0.20209665509756794
2026-09-18,0.14246575342465753,165.0,call,170.58,137.1,140.95,1.0000000000000003e-05,2.0,70.0,188.2482461524544,139.02499999999998,17.6682461524544,312.16692210371974,17.6682461524544,10.357747773745105,10.357747773745105,ITM,-0.7611172828070266,<3m,0.0,-0.20209665509756794,353.2099914550781,0.03805000066757202,0.016987061932428632,0.20209665509756794
2026-09-18,0.14246575342465753,170.0,call,159.95,0.0,0.0,1.0000000000000003e-05,1.0,1.0,183.27527693180483,159.95,23.325276931804837,544.0685439453869,23.325276931804837,14.582855224635722,14.582855224635722,ITM,-0.7312643196573454,<3m,0.0,-0.20209665509756794,353.2099914550781,0.03805000066757202,0.016987061932428632,0.20209665509756794
2026-09-18,0.14246575342465753,175.0,call,127.02,0.0,0.0,1.0000000000000003e-05,10.0,0.0,178.30230771115524,127.02,51.28230771115524,2629.8750841816122,51.28230771115524,40.37341183369173,40.37341183369173,ITM,-0.7022767827840931,<3m,0.0,-0.20209665509756794,353.2099914550781,0.03805000066757202,0.016987061932428632,0.20209665509756794
2026-09-18,0.14246575342465753,180.0,call,153.87,0.0,0.0,1.0000000000000003e-05,5.0,25.0,173.32933849050568,153.87,19.459338490505672,378.6658544880756,19.459338490505672,12.646609794310567,12.646609794310567,ITM,-0.6741059058173969,<3m,0.0,-0.20209665509756794,353.2099914550781,0.03805000066757202,0.016987061932428632,0.20209665509756794
2026-09-18,0.14246575342465753,185.0,call,149.31,0.0,0.0,1.0000000000000003e-05,77.0,80.0,168.3563692698561,149.31,19.046369269856086,362.76418236371825,19.046369269856086,12.756258301423939,12.756258301423939,ITM,-0.6467069316292824,<3m,0.0,-0.20209665509756794,353.2099914550781,0.03805000066757202,0.016987061932428632,0.20209665509756794
2026-09-18,0.14246575342465753,190.0,call,144.05,0.0,0.0,1.0000000000000003e-05,5.0,38.0,163.38340004920647,144.05,19.33340004920646,373.78035746265635,19.33340004920646,13.42131207858831,13.42131207858831,ITM,-0.620038684547121,<3m,0.0,-0.20209665509756794,353.2099914550781,0.03805000066757202,0.016987061932428632,0.20209665509756794
2026-09-18,0.14246575342465753,195.0,call,140.4,0.0,0.0,1.0000000000000003e-05,20.0,70.0,158.41043082855688,140.4,18.010430828556878,324.375618630232,18.010430828556878,12.82794218558182,12.82794218558182,ITM,-0.5940631981438604,<3m,0.0,-0.20209665509756794,353.2099914550781,0.03805000066757202,0.016987061932428632,0.20209665509756794
2026-09-18,0.14246575342465753,200.0,call,149.95,0.0,0.0,1.0000000000000003e-05,10.0,71.0,153.4374616079074,149.95,3.48746160790742,12.162388466628208,3.48746160790742,2.325749655156666,2.325749655156666,ITM,-0.5687453901595705,<3m,0.0,-0.20209665509756794,353.2099914550781,0.03805000066757202,0.016987061932428632,0.20209665509756794
2026-09-18,0.14246575342465753,205.0,call,135.96,0.0,0.0,1.0000000000000003e-05,6.0,57.0,148.46449238725876,135.96,12.50449238725875,156.36232986301204,12.50449238725875,9.197184750852273,9.197184750852273,ITM,-0.5440527775691991,<3m,0.0,-0.20209665509756794,353.2099914550781,0.03805000066757202,0.016987061932428632,0.20209665509756794
2026-09-18,0.14246575342465753,210.0,call,130.75,0.0,0.0,1.0000000000000003e-05,1.0,116.0,143.4915231666185,130.75,12.741523166618492,162.34641260547573,12.741523166618492,9.744950796648942,9.744950796648942,ITM,-0.5199552259901384,<3m,0.0,-0.20209665509756794,353.2099914550781,0.03805000066757202,0.016987061932428632,0.20209665509756794
2026-09-18,0.14246575342465753,215.0,call,119.6,0.0,0.0,1.0000000000000003e-05,2.0,6.0,138.5185539460483,119.6,18.91855394604832,357.91168340954044,18.91855394604832,15.818188918100603,15.818188918100603,ITM,-0.49642472857994446,<3m,0.0,-0.20209665509756794,353.2099914550781,0.03805000066757202,0.016987061932428632,0.20209665509756794
2026-09-18,0.14246575342465753,220.0,call,117.87,0.0,0.0,1.0000000000000003e-05,4.0,126.0,133.54558472599066,117.87,15.67558472599066,245.72395650171168,15.67558472599066,13.299045326198913,13.299045326198913,ITM,-0.47343521035524566,<3m,0.0,-0.20209665509756794,353.2099914550781,0.03805000066757202,0.016987061932428632,0.20209665509756794
2026-09-18,0.14246575342465753,225.0,call,121.6,0.0,0.0,1.0000000000000003e-05,3.0,38.0,128.5726155092073,121.6,6.972615509207316,48.617367039238395,6.972615509207316,5.734058806913911,5.734058806913911,ITM,-0.45096235450318717,<3m,0.0,-0.20209665509756794,353.2099914550781,0.03805000066757202,0.016987061932428632,0.20209665509756794
2026-09-18,0.14246575342465753,230.0,call,105.15,0.0,0.0,1.0000000000000003e-05,11.0,46.0,123.59964631087246,105.15,18.449646310872453,340.3894489962895,18.449646310872453,17.546025973250075,17.546025973250075,ITM,-0.42898344778441183,<3m,0.0,-0.20209665509756794,353.2099914550781,0.03805000066757202,0.016987061932428632,0.20209665509756794
2026-09-18,0.14246575342465753,235.0,call,107.68,0.0,0.0,1.0000000000000003e-05,3.0,65.0,118.62667720484879,107.68,10.946677204848783,119.82974182715596,10.946677204848783,10.165933511189433,10.165933511189433,ITM,-0.4074772425634483,<3m,0.0,-0.20209665509756794,353.2099914550781,0.03805000066757202,0.016987061932428632,0.20209665509756794
2026-09-18,0.14246575342465753,240.0,call,89.58,0.0,0.0,1.0000000000000003e-05,1.0,57.0,113.65370851175481,89.58,24.073708511754816,579.5434415089363,24.073708511754816,26.873976905285573,26.873976905285573,ITM,-0.3864238333656159,<3m,0.0,-0.20209665509756794,353.2099914550781,0.03805000066757202,0.016987061932428632,0.20209665509756794
2026-09-18,0.14246575342465753,245.0,call,99.34,0.0,0.0,1.0000000000000003e-05,3.0,11.0,108.68074148013221,99.34,9.340741480132209,87.24945139866246,9.340741480132209,9.402799959867334,9.402799959867334,ITM,-0.36580454616288016,<3m,0.0,-0.20209665509756794,353.2099914550781,0.03805000066757202,0.016987061932428632,0.20209665509756794
2026-09-18,0.14246575342465753,250.0,call,100.69,0.0,0.0,1.0000000000000003e-05,1.0,214.0,103.7077804961641,100.69,3.0177804961641073,9.106999123028485,3.0177804961641073,2.9971005026955084,2.9971005026955084,ITM,-0.3456018388453608,<3m,0.0,-0.20209665509756794,353.2099914550781,0.03805000066757202,0.016987061932428632,0.20209665509756794
2026-09-18,0.14246575342465753,255.0,call,89.35,0.0,0.0,1.0000000000000003e-05,1.0,34.0,98.73483953251218,89.35,9.384839532512188,88.07521305100359,9.384839532512188,10.50345778680715,10.50345778680715,ITM,-0.325799211549181,<3m,0.0,-0.20209665509756794,353.2099914550781,0.03805000066757202,0.016987061932428632,0.20209665509756794
2026-09-18,0.14246575342465753,260.0,call,86.0,0.0,0.0,1.0000000000000003e-05,1.0,99.0,93.76195914508804,86.0,7.761959145088042,60.24800977001589,7.761959145088042,9.025533889637257,9.025533889637257,ITM,-0.3063811256920795,<3m,0.0,-0.20209665509756794,353.2099914550781,0.03805000066757202,0.016987061932428632,0.20209665509756794
2026-09-18,0.14246575342465753,265.0,call,71.35,0.0,0.0,1.0000000000000003e-05,10.0,157.0,88.7892470623334,71.35,17.439247062333408,304.1273381011044,17.439247062333408,24.441831902359368,24.441831902359368,ITM,-0.28733293072138494,<3m,0.0,-0.20209665509756794,353.2099914550781,0.03805000066757202,0.016987061932428632,0.20209665509756794
2026-09-18,0.14246575342465753,270.0,call,78.0,0.0,0.0,1.0000000000000003e-05,1.0,149.0,83.8169662378645,78.0,5.816966237864506,33.83709621245554,5.816966237864506,7.457649022903212,7.457649022903212,ITM,-0.2686407977092325,<3m,0.0,-0.20209665509756794,353.2099914550781,0.03805000066757202,0.016987061932428632,0.20209665509756794
2026-09-18,0.14246575342465753,275.0,call,71.15,0.0,0.0,1.0000000000000003e-05,5.0,35.0,78.84570868433337,71.15,7.695708684333368,59.22393215412402,7.695708684333368,10.816175241508597,10.816175241508597,ITM,-0.2502916590410359,<3m,0.0,-0.20209665509756794,353.2099914550781,0.03805000066757202,0.016987061932428632,0.20209665509756794
2026-09-18,0.14246575342465753,280.0,call,70.21,0.0,0.0,1.0000000000000003e-05,25.0,440.0,73.87670801649386,70.21,3.666708016493871,13.444747678220418,3.666708016493871,5.2224868487307665,5.2224868487307665,ITM,-0.23227315353835765,<3m,0.0,-0.20209665509756794,353.2099914550781,0.03805000066757202,0.016987061932428632,0.20209665509756794
2026-09-18,0.14246575342465753,285.0,call,63.05,0.0,0.0,1.0000000000000003e-05,1.0,132.0,68.91235085339048,63.05,5.862350853390481,34.3671575282481,5.862350853390481,9.297939497843744,9.297939497843744,ITM,-0.21457357643895666,<3m,0.0,-0.20209665509756794,353.2099914550781,0.03805000066757202,0.016987061932428632,0.20209665509756794
2026-09-18,0.14246575342465753,290.0,call,53.73,0.0,0.0,1.0000000000000003e-05,1.0,423.0,63.956936147868646,53.73,10.22693614786865,104.59022297258244,10.22693614786865,19.03394034593086,19.03394034593086,ITM,-0.19718183372708756,<3m,0.0,-0.20209665509756794,353.2099914550781,0.03805000066757202,0.016987061932428632,0.20209665509756794
2026-09-18,0.14246575342465753,295.0,call,54.65,0.0,0.0,1.0000000000000003e-05,1.0,258.0,59.017691532878814,54.65,4.3676915328788155,19.076729326381297,4.3676915328788155,7.99211625412409,7.99211625412409,ITM,-0.1800874003677874,<3m,0.0,-0.20209665509756794,353.2099914550781,0.03805000066757202,0.016987061932428632,0.20209665509756794
2026-09-18,0.14246575342465753,300.0,call,55.65,0.0,0.0,1.0000000000000003e-05,2.0,1169.0,54.10598296163198,55.65,1.5440170383680183,2.3839886147707463,-1.5440170383680183,-2.7745139952704734,2.7745139952704734,ITM,-0.1632802820514062,<3m,0.32839479072370903,0.1262981356261411,353.2099914550781,0.03805000066757202,0.016987061932428632,0.20209665509756794
2026-09-18,0.14246575342465753,305.0,call,50.95,0.0,0.0,1.0000000000000003e-05,2.0,816.0,49.2385574932847,50.95,1.7114425067153007,2.9290354537919523,-1.7114425067153007,-3.3590628198533867,3.3590628198533867,ITM,-0.1467509801001956,<3m,0.3158809734010154,0.11378431830344746,353.2099914550781,0.03805000066757202,0.016987061932428632,0.20209665509756794
2026-09-18,0.14246575342465753,310.0,call,45.7,0.0,0.0,1.0000000000000003e-05,2.0,1305.0,44.4385640351577,45.7,1.2614359648423061,1.5912206933976398,-1.2614359648423061,-2.7602537523901667,2.7602537523901667,ITM,-0.13049045922841523,<3m,0.27797328807181987,0.07587663297425193,353.2099914550781,0.03805000066757202,0.016987061932428632,0.20209665509756794
2026-09-18,0.14246575342465753,315.0,call,41.85,0.0,0.0,1.0000000000000003e-05,84.0,700.0,39.73603924932121,41.85,2.1139607506787925,4.468830055410444,-2.1139607506787925,-5.051280168886003,5.051280168886003,ITM,-0.11449011788197416,<3m,0.29576143422210177,0.09366477912453383,353.2099914550781,0.03805000066757202,0.016987061932428632,0.20209665509756794
2026-09-18,0.14246575342465753,320.0,call,37.5,0.0,0.0,1.0000000000000003e-05,38.0,2541.0,35.16756046093383,37.5,2.332439539066172,5.440274203399217,-2.332439539066172,-6.2198387708431255,6.2198387708431255,ITM,-0.09874176091383494,<3m,0.2878664244449465,0.08576976934737854,353.2099914550781,0.03805000066757202,0.016987061932428632,0.20209665509756794
2026-09-18,0.14246575342465753,325.0,call,32.94,0.0,0.0,1.0000000000000003e-05,25.0,1109.0,30.77487211502222,32.94,2.165127884977778,4.6877787583083474,-2.165127884977778,-6.572944398839644,6.572944398839644,ITM,-0.08323757437786976,<3m,0.27060972034421865,0.06851306524665071,353.2099914550781,0.03805000066757202,0.016987061932428632,0.20209665509756794
2026-09-18,0.14246575342465753,330.0,call,29.17,0.0,0.0,1.0000000000000003e-05,31.0,2282.0,26.602476206103688,29.17,2.5675237938963136,6.59217843222372,-2.5675237938963136,-8.801932786754588,8.801932786754588,ITM,-0.06797010224708126,<3m,0.2712793953319714,0.06918274023440343,353.2099914550781,0.03805000066757202,0.016987061932428632,0.20209665509756794
2026-09-18,0.14246575342465753,335.0,call,25.55,0.0,0.0,1.0000000000000003e-05,31.0,1951.0,22.69439917944419,25.55,2.8556008205558108,8.15445604635902,-2.8556008205558108,-11.176519845619612,11.176519845619612,ITM,-0.05293222488254081,<3m,0.2698192248515184,0.06772256975395044,353.2099914550781,0.03805000066757202,0.016987061932428632,0.20209665509756794
2026-09-18,0.14246575342465753,340.0,call,21.74,0.0,0.0,1.0000000000000003e-05,550.0,3174.0,19.090548392939468,21.74,2.6494516070605307,7.019593818155629,-2.6494516070605307,-12.186989912881927,12.186989912881927,ITM,-0.03811713909740012,<3m,0.2592290630553194,0.05713240795775146,353.2099914550781,0.03805000066757202,0.016987061932428632,0.20209665509756794
2026-09-18,0.14246575342465753,345.0,call,18.45,0.0,0.0,1.0000000000000003e-05,101.0,3206.0,15.823192010762568,18.45,2.626807989237431,6.900120212321595,-2.626807989237431,-14.237441676083638,14.237441676083638,ITM,-0.023518339676247498,<3m,0.2547777071036934,0.05268105200612547,353.2099914550781,0.03805000066757202,0.016987061932428632,0.20209665509756794
2026-09-18,0.14246575342465753,350.0,call,15.14,0.0,0.0,1.0000000000000003e-05,726.0,6321.0,12.914100707030855,15.14,2.225899292969146,4.954627662440544,-2.225899292969146,-14.702108936388017,14.702108936388017,ITM,-0.00912960222414784,<3m,0.24478536295782372,0.042688707860255776,353.2099914550781,0.03805000066757202,0.016987061932428632,0.20209665509756794
2026-09-18,0.14246575342465753,355.0,call,12.25,0.0,0.0,0.0039162109375,224.0,1905.0,10.372775586154006,12.25,1.877224413845994,3.5239714999394356,-1.877224413845994,-15.324280929355053,15.324280929355053,OTM,0.005055032767808532,<3m,0.23748264011600992,0.03538598501844198,353.2099914550781,0.03805000066757202,0.016987061932428632,0.20209665509756794
2026-09-18,0.14246575342465753,360.0,call,9.4,0.0,0.0,0.015634843750000002,295.0,3522.0,8.195985962406866,9.4,1.2040140375931347,1.4496498027213225,-1.2040140375931347,-12.80865997439505,12.80865997439505,OTM,0.019041274742548363,<3m,0.22507800908194658,0.022981353984378644,353.2099914550781,0.03805000066757202,0.016987061932428632,0.20209665509756794
2026-09-18,0.14246575342465753,365.0,call,7.65,0.0,0.0,0.015634843750000002,251.0,2641.0,6.368606541695712,7.65,1.2813934583042883,1.641969194985024,-1.2813934583042883,-16.750241285023375,16.750241285023375,OTM,0.03283459687488434,<3m,0.22758289291206107,0.025486237814493135,353.2099914550781,0.03805000066757202,0.016987061932428632,0.20209665509756794
2026-09-18,0.14246575342465753,370.0,call,5.72,0.0,0.0,0.0312596875,180.0,1697.0,4.865533172267419,5.72,0.8544668277325806,0.7301135596953796,-0.8544668277325806,-14.938231254066094,14.938231254066094,OTM,0.046440248930662904,<3m,0.22039541889738742,0.018298763799819484,353.2099914550781,0.03805000066757202,0.016987061932428632,0.20209665509756794
2026-09-18,0.14246575342465753,375.0,call,4.33,0.0,0.0,0.0312596875,61.0,4640.0,3.654313409034728,4.33,0.6756865909652721,0.45655236921027087,-0.6756865909652721,-15.60477115393238,15.60477115393238,OTM,0.05986326926280354,<3m,0.21812040036963443,0.016023745272066486,353.2099914550781,0.03805000066757202,0.016987061932428632,0.20209665509756794
2026-09-18,0.14246575342465753,380.0,call,3.23,0.0,0.0,0.0312596875,269.0,3494.0,2.698073002740202,3.23,0.5319269972597982,0.28294633041382533,-0.5319269972597982,-16.468328088538644,16.468328088538644,OTM,0.07310849601282432,<3m,0.21646531323020674,0.014368658132638795,353.2099914550781,0.03805000066757202,0.016987061932428632,0.20209665509756794
2026-09-18,0.14246575342465753,385.0,call,2.4,0.0,0.0,0.062509375,33.0,234.0,1.9583478577044104,2.4,0.44165214229558947,0.1950566147942836,-0.44165214229558947,-18.402172595649564,18.402172595649564,OTM,0.08618057758017704,<3m,0.21603012873045474,0.0139334736328868,353.2099914550781,0.03805000066757202,0.016987061932428632,0.20209665509756794
2026-09-18,0.14246575342465753,390.0,call,1.76,0.0,0.0,0.062509375,29.0,703.0,1.397520434470188,1.76,0.3624795655298121,0.13139143542668133,-0.3624795655298121,-20.595429859648416,20.595429859648416,OTM,0.09908398241608488,<3m,0.21578974646827234,0.013693091370704402,353.2099914550781,0.03805000066757202,0.016987061932428632,0.20209665509756794
2026-09-18,0.14246575342465753,395.0,call,1.28,0.0,0.0,0.062509375,35.0,226.0,0.9806790087471953,1.28,0.29932099125280476,0.08959305580456162,-0.29932099125280476,-23.384452441625374,23.384452441625374,OTM,0.11182300819351458,<3m,0.2159452571911266,0.013848602093558648,353.2099914550781,0.03805000066757202,0.016987061932428632,0.20209665509756794
2026-09-18,0.14246575342465753,400.0,call,0.9,0.0,0.0,0.062509375,60.0,894.0,0.6768378808716697,0.9,0.22316211912833028,0.04980133141384708,-0.22316211912833028,-24.79579101425892,24.79579101425892,OTM,0.12440179040037484,<3m,0.21510433821755326,0.01300768311998532,353.2099914550781,0.03805000066757202,0.016987061932428632,0.20209665509756794
2026-09-18,0.14246575342465753,405.0,call,0.65,0.0,0.0,0.062509375,22.0,411.0,0.45955473341342845,0.65,0.19044526658657157,0.036269399565230315,-0.19044526658657157,-29.299271782549475,29.299271782549475,OTM,0.13682431039893195,<3m,0.2162306051308306,0.014133950033262649,353.2099914550781,0.03805000066757202,0.016987061932428632,0.20209665509756794
2026-09-18,0.14246575342465753,410.0,call,0.4,0.0,0.0,0.062509375,8.0,1443.0,0.30704665482777216,0.4,0.09295334517222786,0.008640324378707338,-0.09295334517222786,-23.238336293056967,23.238336293056967,OTM,0.14909440299074622,<3m,0.21148948180148053,0.009392826703912588,353.2099914550781,0.03805000066757202,0.016987061932428632,0.20209665509756794
2026-09-18,0.14246575342465753,415.0,call,0.3,0.0,0.0,0.062509375,48.0,64.0,0.20193752636003648,0.3,0.09806247363996351,0.009616248736388538,-0.09806247363996351,-32.687491213321174,32.687491213321174,OTM,0.161215763523091,<3m,0.21497359798840804,0.012876942890840098,353.2099914550781,0.03805000066757202,0.016987061932428632,0.20209665509756794
2026-09-18,0.14246575342465753,420.0,call,0.25,0.0,0.0,0.12500875,11.0,452.0,0.13077210208824042,0.25,0.11922789791175958,0.014215291640456965,-0.11922789791175958,-47.69115916470383,47.69115916470383,OTM,0.17319195456980682,<3m,0.22188194856101015,0.01978529346344221,353.2099914550781,0.03805000066757202,0.016987061932428632,0.20209665509756794
2026-09-18,0.14246575342465753,425.0,call,0.15,0.0,0.0,0.12500875,14.0,22.0,0.08341521557792797,0.15,0.06658478442207202,0.004433533516533805,-0.06658478442207202,-44.38985628138135,44.38985628138135,OTM,0.1850264122168096,<3m,0.21804143274528504,0.015944777647717095,353.2099914550781,0.03805000066757202,0.016987061932428632,0.20209665509756794
2026-09-18,0.14246575342465753,430.0,call,0.14,0.0,0.0,0.12500875,26.0,133.0,0.05242751431022041,0.14,0.0875724856897796,0.007668940249886653,-0.0875724856897796,-62.55177549269971,62.55177549269971,OTM,0.19672245198000085,<3m,0.22780007740251,0.025703422304942047,353.2099914550781,0.03805000066757202,0.016987061932428632,0.20209665509756794
2026-09-18,0.14246575342465753,435.0,call,0.23,0.0,0.0,0.12500875,1.0,10.0,0.03247972247048314,0.23,0.19752027752951687,0.03901426003533737,-0.19752027752951687,-85.87838153457254,85.87838153457254,OTM,0.20828327438107697,<3m,0.25635747216437743,0.05426081706680949,353.2099914550781,0.03805000066757202,0.016987061932428632,0.20209665509756794
2026-09-18,0.14246575342465753,440.0,call,0.25,0.0,0.46,0.29614961669921874,1.0,104.0,0.019840922281075035,0.25,0.23015907771892496,0.05297320105642614,-0.23015907771892496,-92.06363108756999,92.06363108756999,OTM,0.21971197020469965,<3m,0.27155956134764925,0.06946290625008131,353.2099914550781,0.03805000066757202,0.016987061932428632,0.20209665509756794
2026-09-18,0.14246575342465753,445.0,call,0.13,0.0,0.0,0.12500875,2.0,4.0,0.01195546550772042,0.13,0.11804453449227958,0.013934512123498985,-0.11804453449227958,-90.8034880709843,90.8034880709843,OTM,0.231011525458633,<3m,0.25941147741944276,0.05731482232187482,353.2099914550781,0.03805000066757202,0.016987061932428632,0.20209665509756794
2026-09-18,0.14246575342465753,450.0,call,0.13,0.0,0.0,0.12500875,5.0,61.0,0.007108615393017215,0.13,0.12289138460698279,0.015102292410621367,-0.12289138460698279,-94.53183431306368,94.53183431306368,OTM,0.24218482605675817,<3m,0.2702958413483322,0.06819918625076424,353.2099914550781,0.03805000066757202,0.016987061932428632,0.20209665509756794
2026-09-18,0.14246575342465753,455.0,call,0.48,0.01,0.93,0.37573866455078125,,1.0,0.004172301633744435,0.47000000000000003,0.47582769836625555,0.22641199853252827,-0.47582769836625555,-99.13077049296992,99.13077049296992,OTM,0.2532346622433433,<3m,0.33816188416583737,0.13606522906826943,353.2099914550781,0.03805000066757202,0.016987061932428632,0.20209665509756794
2026-09-18,0.14246575342465753,460.0,call,0.17,0.0,0.0,0.12500875,1.0,80.0,0.002418218961474858,0.17,0.16758178103852517,0.028083653336044193,-0.16758178103852517,-98.57751825795597,98.57751825795597,OTM,0.2641637327755335,<3m,0.3015964600469881,0.09949980494942015,353.2099914550781,0.03805000066757202,0.016987061932428632,0.20209665509756794
2026-09-18,0.14246575342465753,470.0,call,0.25,0.0,0.0,0.12500875,2.0,60.0,0.0007833262996577509,0.25,0.24921667370034226,0.062108950450262865,-0.24921667370034226,-99.6866694801369,99.6866694801369,OTM,0.285669937996497,<3m,0.3395901425788656,0.13749348748129767,353.2099914550781,0.03805000066757202,0.016987061932428632,0.20209665509756794
2026-09-18,0.14246575342465753,475.0,call,0.14,0.0,2.15,0.5026905200195313,,11.0,0.00043810076911664914,0.14,0.13956189923088336,0.01947752371693124,-0.13956189923088336,-99.6870708792024,99.6870708792024,OTM,0.29625204732703403,<3m,0.3250399066649595,0.12294325156739158,353.2099914550781,0.03805000066757202,0.016987061932428632,0.20209665509756794
2026-09-18,0.14246575342465753,490.0,call,0.25,0.0,0.0,0.12500875,2.0,12.0,7.175750019291788e-05,0.25,0.24992824249980708,0.06246412639904237,-0.24992824249980708,-99.97129699992283,99.97129699992283,OTM,0.3273426343970652,<3m,0.3814228103242129,0.17932615522664494,353.2099914550781,0.03805000066757202,0.016987061932428632,0.20209665509756794
2026-09-18,0.14246575342465753,130.0,put,0.04,0.0,0.0,0.500005,89.0,845.0,1.1479306862276177e-39,0.04,0.04,0.0016,-0.04,-100.0,100.0,OTM,-0.9995283062520248,<3m,0.9170301285946925,0.7149334734971245,353.2099914550781,0.03805000066757202,0.016987061932428632,0.20209665509756794
2026-09-18,0.14246575342465753,135.0,put,0.04,0.0,0.0,0.500005,14.0,29.0,7.4416066264710935e-37,0.04,0.04,0.0016,-0.04,-100.0,100.0,OTM,-0.9617879782691778,<3m,0.8840073564757334,0.6819107013781655,353.2099914550781,0.03805000066757202,0.016987061932428632,0.20209665509756794
2026-09-18,0.14246575342465753,140.0,put,0.13,0.0,0.0,0.500005,1.0,8.0,3.0322282556193584e-34,0.13,0.13,0.016900000000000002,-0.13,-100.0,100.0,OTM,-0.9254203340983029,<3m,0.959496244753502,0.7573995896559341,353.2099914550781,0.03805000066757202,0.016987061932428632,0.20209665509756794
2026-09-18,0.14246575342465753,145.0,put,0.04,0.0,0.0,0.500005,2.0,10.0,8.088497347282763e-32,0.04,0.04,0.0016,-0.04,-100.0,100.0,OTM,-0.8903290142870328,<3m,0.82150778880896,0.6194111337113921,353.2099914550781,0.03805000066757202,0.016987061932428632,0.20209665509756794
2026-09-18,0.14246575342465753,150.0,put,0.16,0.0,0.0,0.500005,3.0,33.0,1.464284772816811e-29,0.16,0.16,0.0256,-0.16,-100.0,100.0,OTM,-0.8564274626113515,<3m,0.9134115526643629,0.711314897566795,353.2099914550781,0.03805000066757202,0.016987061932428632,0.20209665509756794
2026-09-18,0.14246575342465753,155.0,put,0.54,0.0,0.0,0.500005,5.0,0.0,1.8575420755074e-27,0.54,0.54,0.2916,-0.54,-100.0,100.0,OTM,-0.8236376397883606,<3m,1.0309121272750823,0.8288154721775144,353.2099914550781,0.03805000066757202,0.016987061932428632,0.20209665509756794
2026-09-18,0.14246575342465753,160.0,put,0.05,0.0,0.0,0.500005,2.0,60.0,1.699078205395379e-25,0.05,0.05,0.0025000000000000005,-0.05,-100.0,100.0,OTM,-0.7918889414737803,<3m,0.7510901750619929,0.548993519964425,353.2099914550781,0.03805000066757202,0.016987061932428632,0.20209665509756794
2026-09-18,0.14246575342465753,165.0,put,0.17,0.0,2.13,1.0434618139648442,3.0,33.0,1.1496323730344773e-23,0.17,0.17,0.028900000000000006,-0.17,-100.0,100.0,OTM,-0.7611172828070266,<3m,0.8242924315048282,0.6221957764072603,353.2099914550781,0.03805000066757202,0.016987061932428632,0.20209665509756794
2026-09-18,0.14246575342465753,170.0,put,0.01,0.0,0.0,0.500005,1.0,108.0,5.887850212127117e-22,0.01,0.01,0.0001,-0.01,-100.0,100.0,OTM,-0.7312643196573454,<3m,0.6064583060032658,0.40436165090569787,353.2099914550781,0.03805000066757202,0.016987061932428632,0.20209665509756794
2026-09-18,0.14246575342465753,175.0,put,0.17,0.0,2.13,0.9709475561523437,2.0,104.0,2.3302507157569606e-20,0.17,0.17,0.028900000000000006,-0.17,-100.0,100.0,OTM,-0.7022767827840931,<3m,0.7652551470329693,0.5631584919354014,353.2099914550781,0.03805000066757202,0.016987061932428632,0.20209665509756794
2026-09-18,0.14246575342465753,180.0,put,0.27,0.0,2.13,0.9360357958984374,1.0,61.0,7.261540876973057e-19,0.27,0.27,0.0729,-0.27,-100.0,100.0,OTM,-0.6741059058173969,<3m,0.7805803319866824,0.5784836768891145,353.2099914550781,0.03805000066757202,0.016987061932428632,0.20209665509756794
2026-09-18,0.14246575342465753,185.0,put,0.08,0.0,0.0,0.2500075,1.0,43.0,1.8122041240766594e-17,0.08,0.07999999999999999,0.006399999999999998,-0.07999999999999999,-99.99999999999997,99.99999999999997,OTM,-0.6467069316292824,<3m,0.6518512933118601,0.4497546382142922,353.2099914550781,0.03805000066757202,0.016987061932428632,0.20209665509756794
2026-09-18,0.14246575342465753,190.0,put,0.29,0.0,0.0,0.2500075,4.0,0.0,3.678226081297071e-16,0.29,0.2899999999999996,0.08409999999999976,-0.2899999999999996,-99.99999999999987,99.99999999999987,OTM,-0.620038684547121,<3m,0.7302496243071399,0.528152969209572,353.2099914550781,0.03805000066757202,0.016987061932428632,0.20209665509756794
2026-09-18,0.14246575342465753,195.0,put,0.08,0.0,0.0,0.2500075,2.0,95.0,6.157848660446042e-15,0.08,0.07999999999999384,0.006399999999999014,-0.07999999999999384,-99.9999999999923,99.9999999999923,OTM,-0.5940631981438604,<3m,0.6026709264292234,0.40057427133165546,353.2099914550781,0.03805000066757202,0.016987061932428632,0.20209665509756794
2026-09-18,0.14246575342465753,200.0,put,0.05,0.0,0.0,0.2500075,2.0,607.0,8.613052240233749e-14,0.05,0.04999999999991387,0.002499999999991387,-0.04999999999991387,-99.99999999982774,99.99999999982774,OTM,-0.5687453901595705,<3m,0.5516322468466917,0.34953559174912374,353.2099914550781,0.03805000066757202,0.016987061932428632,0.20209665509756794
2026-09-18,0.14246575342465753,205.0,put,0.02,0.0,0.0,0.2500075,4.0,308.0,1.0184280386094409e-12,0.02,0.019999999998981572,0.00039999999995926286,-0.019999999998981572,-99.99999999490787,99.99999999490787,OTM,-0.5440527775691991,<3m,0.4861422059640022,0.28404555086643424,353.2099914550781,0.03805000066757202,0.016987061932428632,0.20209665509756794
2026-09-18,0.14246575342465753,210.0,put,0.02,0.0,0.0,0.2500075,4.0,906.0,1.0290496074241062e-11,0.02,0.019999999989709503,0.0003999999995883801,-0.019999999989709503,-99.99999994854751,99.99999994854751,OTM,-0.5199552259901384,<3m,0.4660563681863053,0.26395971308873734,353.2099914550781,0.03805000066757202,0.016987061932428632,0.20209665509756794
2026-09-18,0.14246575342465753,215.0,put,0.25,0.0,0.0,0.2500075,20.0,622.0,8.974003536072312e-11,0.25,0.24999999991025995,0.062499999955129976,-0.24999999991025995,-99.99999996410398,99.99999996410398,OTM,-0.49642472857994446,<3m,0.5859999944955523,0.3839033393979844,353.2099914550781,0.03805000066757202,0.016987061932428632,0.20209665509756794
2026-09-18,0.14246575342465753,220.0,put,0.09,0.0,0.0,0.2500075,5.0,711.0,6.816379524765179e-10,0.09,0.08999999931836204,0.008099999877305168,-0.08999999931836204,-99.9999992426245,99.9999992426245,OTM,-0.47343521035524566,<3m,0.4958487441059252,0.29375208900835725,353.2099914550781,0.03805000066757202,0.016987061932428632,0.20209665509756794
2026-09-18,0.14246575342465753,225.0,put,0.09,0.0,0.0,0.2500075,2.0,709.0,4.547879310265105e-09,0.09,0.08999999545212069,0.008099999181381745,-0.08999999545212069,-99.99999494680077,99.99999494680077,OTM,-0.45096235450318717,<3m,0.4744031547658158,0.2723064996682478,353.2099914550781,0.03805000066757202,0.016987061932428632,0.20209665509756794
2026-09-18,0.14246575342465753,230.0,put,0.18,0.0,0.0,0.2500075,4.0,3733.0,2.6862612603178107e-08,0.18,0.1799999731373874,0.03239999032946018,-0.1799999731373874,-99.99998507632633,99.99998507632633,OTM,-0.42898344778441183,<3m,0.4926628678877419,0.2905662127901739,353.2099914550781,0.03805000066757202,0.016987061932428632,0.20209665509756794
2026-09-18,0.14246575342465753,235.0,put,0.26,0.0,0.0,0.2500075,1.0,342.0,1.4148857196076023e-07,0.26,0.25999985851142804,0.0675999264259626,-0.25999985851142804,-99.99994558131847,99.99994558131847,OTM,-0.4074772425634483,<3m,0.49412649844904705,0.2920298433514791,353.2099914550781,0.03805000066757202,0.016987061932428632,0.20209665509756794
2026-09-18,0.14246575342465753,240.0,put,0.15,0.0,0.0,0.2500075,1.0,2465.0,6.690441523681459e-07,0.15,0.14999933095584764,0.022499799287201912,-0.14999933095584764,-99.99955397056509,99.99955397056509,OTM,-0.3864238333656159,<3m,0.43852046527364097,0.23642381017607303,353.2099914550781,0.03805000066757202,0.016987061932428632,0.20209665509756794
2026-09-18,0.14246575342465753,245.0,put,0.11,0.0,0.0,0.2500075,4.0,1001.0,2.8580711059849565e-06,0.11,0.10999714192889401,0.012099371232525252,-0.10999714192889401,-99.99740175354,99.99740175354,OTM,-0.36580454616288016,<3m,0.40200472905710677,0.19990807395953883,353.2099914550781,0.03805000066757202,0.016987061932428632,0.20209665509756794
2026-09-18,0.14246575342465753,250.0,put,0.14,0.0,0.0,0.12500875,8.0,2615.0,1.1094752590913646e-05,0.14,0.1399889052474091,0.01959689359236808,-0.1399889052474091,-99.99207517672077,99.99207517672077,OTM,-0.3456018388453608,<3m,0.39357573376429816,0.19147907866673022,353.2099914550781,0.03805000066757202,0.016987061932428632,0.20209665509756794
2026-09-18,0.14246575342465753,255.0,put,0.2,0.0,0.0,0.12500875,46.0,1166.0,3.935175022411284e-05,0.2,0.19996064824977589,0.0399842608484706,-0.19996064824977589,-99.98032412488794,99.98032412488794,OTM,-0.325799211549181,<3m,0.39136200554206024,0.1892653504444923,353.2099914550781,0.03805000066757202,0.016987061932428632,0.20209665509756794
2026-09-18,0.14246575342465753,260.0,put,0.25,0.0,0.0,0.12500875,45.0,2432.0,0.00012818497575544166,0.25,0.24987181502424455,0.06243592394351028,-0.24987181502424455,-99.94872600969782,99.94872600969782,OTM,-0.3063811256920795,<3m,0.3825747592043439,0.18047810410677598,353.2099914550781,0.03805000066757202,0.016987061932428632,0.20209665509756794
2026-09-18,0.14246575342465753,265.0,put,0.32,0.0,0.0,0.12500875,6.0,1467.0,0.0003853228705899374,0.32,0.31961467712941005,0.10215354183653703,-0.31961467712941005,-99.87958660294063,99.87958660294063,OTM,-0.28733293072138494,<3m,0.3753030975062773,0.17320644240870933,353.2099914550781,0.03805000066757202,0.016987061932428632,0.20209665509756794
2026-09-18,0.14246575342465753,270.0,put,0.4,0.0,0.0,0.12500875,58.0,18947.0,0.0010737190513464903,0.4,0.3989262809486535,0.15914217763152402,-0.3989262809486535,-99.73157023716337,99.73157023716337,OTM,-0.2686407977092325,<3m,0.36690279907305395,0.164806143975486,353.2099914550781,0.03805000066757202,0.016987061932428632,0.20209665509756794
2026-09-18,0.14246575342465753,275.0,put,0.48,0.0,0.0,0.12500875,23.0,853.0,0.0027853861697761384,0.48,0.47721461383022384,0.22773378765312968,-0.47721461383022384,-99.41971121462997,99.41971121462997,OTM,-0.2502916590410359,<3m,0.35618506863438304,0.1540884135368151,353.2099914550781,0.03805000066757202,0.016987061932428632,0.20209665509756794
2026-09-18,0.14246575342465753,280.0,put,0.56,0.0,0.0,0.12500875,60.0,11246.0,0.0067539389798008664,0.56,0.5532460610201992,0.306081204034366,-0.5532460610201992,-98.79393946789271,98.79393946789271,OTM,-0.23227315353835765,<3m,0.3437357504103557,0.14163909531278776,353.2099914550781,0.03805000066757202,0.016987061932428632,0.20209665509756794
2026-09-18,0.14246575342465753,285.0,put,0.68,0.0,0.0,0.12500875,15.0,2763.0,0.015365996526064074,0.68,0.664634003473936,0.44173835857379196,-0.664634003473936,-97.74029462851999,97.74029462851999,OTM,-0.21457357643895666,<3m,0.33372809104475454,0.1316314359471866,353.2099914550781,0.03805000066757202,0.016987061932428632,0.20209665509756794
2026-09-18,0.14246575342465753,290.0,put,0.83,0.0,0.0,0.12500875,46.0,3935.0,0.032920511653792506,0.83,0.7970794883462075,0.6353357107422518,-0.7970794883462075,-96.0336732947238,96.0336732947238,OTM,-0.19718183372708756,<3m,0.3240802495325357,0.12198359443496778,353.2099914550781,0.03805000066757202,0.016987061932428632,0.20209665509756794
2026-09-18,0.14246575342465753,295.0,put,1.01,0.0,0.0,0.12500875,57.0,1164.0,0.0666451173134952,1.01,0.9433548826865048,0.8899184346884692,-0.9433548826865048,-93.4014735333173,93.4014735333173,OTM,-0.1800874003677874,<3m,0.31425356253678033,0.11215690743921239,353.2099914550781,0.03805000066757202,0.016987061932428632,0.20209665509756794
2026-09-18,0.14246575342465753,300.0,put,1.14,0.0,0.0,0.062509375,68.0,3170.0,0.12790576671634302,1.14,1.0120942332836569,1.0243347370460334,-1.0120942332836569,-88.78019590207518,88.78019590207518,OTM,-0.1632802820514062,<3m,0.29912788450280164,0.0970312294052337,353.2099914550781,0.03805000066757202,0.016987061932428632,0.20209665509756794
2026-09-18,0.14246575342465753,305.0,put,1.5,0.0,0.0,0.062509375,43.0,944.0,0.23344951901863809,1.5,1.266550480981362,1.6041501208741191,-1.266550480981362,-84.4366987320908,84.4366987320908,OTM,-0.1467509801001956,<3m,0.2948170039399483,0.09272034884238037,353.2099914550781,0.03805000066757202,0.016987061932428632,0.20209665509756794
2026-09-18,0.14246575342465753,310.0,put,1.9,0.0,0.0,0.062509375,156.0,2878.0,0.40642528154115,1.9,1.49357471845885,2.2307654396194327,-1.49357471845885,-78.60919570836053,78.60919570836053,OTM,-0.13049045922841523,<3m,0.2881967044579839,0.08610004936041596,353.2099914550781,0.03805000066757202,0.016987061932428632,0.20209665509756794
2026-09-18,0.14246575342465753,315.0,put,2.29,0.0,0.0,0.062509375,120.0,1937.0,0.6768697163542292,2.29,1.6131302836457708,2.602189312015085,-1.6131302836457708,-70.44237046488082,70.44237046488082,OTM,-0.11449011788197416,<3m,0.2776820807482036,0.07558542565063567,353.2099914550781,0.03805000066757202,0.016987061932428632,0.20209665509756794
2026-09-18,0.14246575342465753,320.0,put,2.82,0.0,0.0,0.062509375,70.0,2045.0,1.0813601486164437,2.82,1.7386398513835561,3.022868532819034,-1.7386398513835561,-61.6538954391332,61.6538954391332,OTM,-0.09874176091383494,<3m,0.269018986051831,0.06692233095426306,353.2099914550781,0.03805000066757202,0.016987061932428632,0.20209665509756794
2026-09-18,0.14246575342465753,325.0,put,3.55,0.0,0.0,0.062509375,191.0,1260.0,1.6616410233544343,3.55,1.8883589766455655,3.5658996246778876,-1.8883589766455655,-53.193210609734244,53.193210609734244,OTM,-0.08323757437786976,<3m,0.2627379748282884,0.06064131973072048,353.2099914550781,0.03805000066757202,0.016987061932428632,0.20209665509756794
2026-09-18,0.14246575342465753,330.0,put,4.43,0.0,0.0,0.0312596875,252.0,1510.0,2.46221433508547,4.43,1.9677856649145298,3.872180423043118,-1.9677856649145298,-44.41954096872528,44.41954096872528,OTM,-0.06797010224708126,<3m,0.25615675346944267,0.054060098371874726,353.2099914550781,0.03805000066757202,0.016987061932428632,0.20209665509756794
2026-09-18,0.14246575342465753,335.0,put,5.45,0.0,0.0,0.0312596875,1136.0,1975.0,3.5271065290755956,5.45,1.9228934709244045,3.697519300523704,-1.9228934709244045,-35.282449007787235,35.282449007787235,OTM,-0.05293222488254081,<3m,0.248500133050545,0.04640347795297706,353.2099914550781,0.03805000066757202,0.016987061932428632,0.20209665509756794
2026-09-18,0.14246575342465753,340.0,put,6.7,0.0,0.0,0.0312596875,290.0,836.0,4.8962249632204475,6.7,1.8037750367795526,3.2536043833090766,-1.8037750367795526,-26.922015474321682,26.922015474321682,OTM,-0.03811713909740012,<3m,0.24132051225089188,0.03922385715332394,353.2099914550781,0.03805000066757202,0.016987061932428632,0.20209665509756794
2026-09-18,0.14246575342465753,345.0,put,8.5,0.0,0.0,0.015634843750000002,223.0,676.0,6.6018378016931365,8.5,1.8981621983068635,3.6030197310811447,-1.8981621983068635,-22.331319980080746,22.331319980080746,OTM,-0.023518339676247498,<3m,0.24027290862233563,0.038176253524767695,353.2099914550781,0.03805000066757202,0.016987061932428632,0.20209665509756794
2026-09-18,0.14246575342465753,350.0,put,10.55,0.0,0.0,0.007822421875,200.0,393.0,8.665715718611011,10.55,1.8842842813889895,3.5505272530896206,-1.8842842813889895,-17.860514515535446,17.860514515535446,OTM,-0.00912960222414784,<3m,0.2382432101908342,0.03614655509326625,353.2099914550781,0.03805000066757202,0.016987061932428632,0.20209665509756794
2026-09-18,0.14246575342465753,355.0,put,12.6,0.0,0.0,1.0000000000000003e-05,144.0,141.0,11.097359818383751,12.6,1.5026401816162487,2.257927515407713,-1.5026401816162487,-11.925715727113086,11.925715727113086,ITM,0.005055032767808532,<3m,0.23042113890983676,0.02832448381226882,353.2099914550781,0.03805000066757202,0.016987061932428632,0.20209665509756794
2026-09-18,0.14246575342465753,360.0,put,14.8,0.0,0.0,1.0000000000000003e-05,56.0,116.0,13.893539415286142,14.8,0.9064605847138587,0.8216707916397906,-0.9064605847138587,-6.124733680499045,6.124733680499045,ITM,0.019041274742548363,<3m,0.21940703074871107,0.01731037565114313,353.2099914550781,0.03805000066757202,0.016987061932428632,0.20209665509756794
2026-09-18,0.14246575342465753,365.0,put,18.13,0.0,0.0,1.0000000000000003e-05,3.0,56.0,17.03912921522459,18.13,1.090870784775408,1.1899990690765145,-1.090870784775408,-6.01693758839166,6.01693758839166,ITM,0.03283459687488434,<3m,0.22381803622399063,0.02172138112642269,353.2099914550781,0.03805000066757202,0.016987061932428632,0.20209665509756794
2026-09-18,0.14246575342465753,370.0,put,21.1,0.0,0.0,1.0000000000000003e-05,14.0,53.0,20.509025066445872,21.1,0.5909749335541292,0.34925137208930745,-0.5909749335541292,-2.8008290689769155,2.8008290689769155,ITM,0.046440248930662904,<3m,0.2148016268537005,0.012704971756132555,353.2099914550781,0.03805000066757202,0.016987061932428632,0.20209665509756794
2026-09-18,0.14246575342465753,375.0,put,24.75,0.0,0.0,1.0000000000000003e-05,54.0,71.0,24.27077452386277,24.75,0.47922547613723054,0.22965705697895533,-0.47922547613723054,-1.9362645500494164,1.9362645500494164,ITM,0.05986326926280354,<3m,0.2135246521181398,0.011427997020571873,353.2099914550781,0.03805000066757202,0.016987061932428632,0.20209665509756794
2026-09-18,0.14246575342465753,380.0,put,83.52,0.0,0.0,1.0000000000000003e-05,2.0,0.0,28.287503338217846,83.52,55.23249666178215,3050.6286874937764,-55.23249666178215,-66.1308628613292,66.1308628613292,ITM,0.07310849601282432,<3m,1.2857949053422513,1.0836982502446832,353.2099914550781,0.03805000066757202,0.016987061932428632,0.20209665509756794
2026-09-18,0.14246575342465753,385.0,put,78.09,85.1,89.25,1.251132894744873,,0.0,32.5207474138316,87.175,45.5692525861684,2076.5567812620156,-45.5692525861684,-58.354786254537586,58.354786254537586,ITM,0.08618057758017704,<3m,1.1218224075857461,0.9197257524881782,353.2099914550781,0.03805000066757202,0.016987061932428632,0.20209665509756794
2026-09-18,0.14246575342465753,390.0,put,66.67,78.45,81.1,1.0529527333068847,1.0,0.0,36.932889211247016,79.775,29.737110788752986,884.2957580625692,-29.737110788752986,-44.60343601132891,44.60343601132891,ITM,0.09908398241608488,<3m,0.8433735763230105,0.6412769212254426,353.2099914550781,0.03805000066757202,0.016987061932428632,0.20209665509756794
2026-09-18,0.14246575342465753,400.0,put,60.07,0.0,0.0,1.0000000000000003e-05,1.0,0.0,46.15814509894767,60.07,13.91185490105233,193.5397067879337,-13.91185490105233,-23.15940552863714,23.15940552863714,ITM,0.12440179040037484,<3m,0.5750003474746584,0.37290369237709053,353.2099914550781,0.03805000066757202,0.016987061932428632,0.20209665509756794
2026-09-18,0.14246575342465753,410.0,put,60.45,0.0,0.0,1.0000000000000003e-05,1.0,0.0,55.73429231420289,60.45,4.715707685797113,22.237898977885965,-4.715707685797113,-7.801005270135837,7.801005270135837,ITM,0.14909440299074622,<3m,0.3989492354762932,0.19685258037872524,353.2099914550781,0.03805000066757202,0.016987061932428632,0.20209665509756794
2026-09-18,0.14246575342465753,430.0,put,116.86,81.2,85.15,0.5120898400878906,2.0,0.0,75.37155005628364,83.17500000000001,41.48844994371636,1721.2914787322582,-41.48844994371636,-35.50269548495324,35.50269548495324,ITM,0.19672245198000085,<3m,1.260583271338341,1.058486616240773,353.2099914550781,0.03805000066757202,0.016987061932428632,0.20209665509756794
2026-09-18,0.14246575342465753,435.0,put,121.84,86.25,90.1,0.5307053765869141,2.0,0.0,80.32457148509354,88.175,41.51542851490646,1723.5308047763085,-41.51542851490646,-34.07372662090155,34.07372662090155,ITM,0.20828327438107697,<3m,1.2850909041184861,1.0829942490209181,353.2099914550781,0.03805000066757202,0.016987061932428632,0.20209665509756794
2026-09-18,0.14246575342465753,440.0,put,126.78,91.25,95.1,0.5488936712646486,2.0,0.0,85.28490190555368,93.175,41.49509809444632,1721.8431658677225,-41.49509809444632,-32.730003229568005,32.730003229568005,ITM,0.21971197020469965,<3m,1.3082612733518144,1.1061646182542464,353.2099914550781,0.03805000066757202,0.016987061932428632,0.20209665509756794
2026-09-18,0.14246575342465753,475.0,put,142.75,123.8,127.3,0.5747112841796875,2.0,0.0,120.07628362858884,125.55,22.67371637141116,514.0974140911985,-22.67371637141116,-15.88351409555948,15.88351409555948,ITM,0.29625204732703403,<3m,1.0789548398915119,0.876858184793944,353.2099914550781,0.03805000066757202,0.016987061932428632,0.20209665509756794
2026-10-16,0.2191780821917808,195.0,call,146.3,0.0,0.0,1.0000000000000003e-05,2.0,4.0,158.5168522430979,146.3,12.21685224309789,149.25147872968594,12.21685224309789,8.350548354817422,8.350548354817422,ITM,-0.5940631981438604,<3m,0.0,-0.20209665509756794,353.2099914550781,0.03805000066757202,0.016987061932428632,0.20209665509756794
2026-10-16,0.2191780821917808,200.0,call,141.36,0.0,0.0,1.0000000000000003e-05,2.0,7.0,153.55837748094848,141.36,12.198377480948466,148.80041316771064,12.198377480948466,8.629299293257262,8.629299293257262,ITM,-0.5687453901595705,<3m,0.0,-0.20209665509756794,353.2099914550781,0.03805000066757202,0.016987061932428632,0.20209665509756794
2026-10-16,0.2191780821917808,205.0,call,136.12,0.0,0.0,1.0000000000000003e-05,4.0,6.0,148.5999027277061,136.12,12.479902727706104,155.74797209300627,12.479902727706104,9.16830937974295,9.16830937974295,ITM,-0.5440527775691991,<3m,0.0,-0.20209665509756794,353.2099914550781,0.03805000066757202,0.016987061932428632,0.20209665509756794
2026-10-16,0.2191780821917808,210.0,call,130.05,0.0,0.0,1.0000000000000003e-05,2.0,3.0,143.64142801382155,130.05,13.591428013821542,184.72691545489297,13.591428013821542,10.45092503946293,10.45092503946293,ITM,-0.5199552259901384,<3m,0.0,-0.20209665509756794,353.2099914550781,0.03805000066757202,0.016987061932428632,0.20209665509756794
2026-10-16,0.2191780821917808,215.0,call,126.53,0.0,0.0,1.0000000000000003e-05,,4.0,138.682953457442,126.53,12.15295345744201,147.6942777387517,12.15295345744201,9.604800013784882,9.604800013784882,ITM,-0.49642472857994446,<3m,0.0,-0.20209665509756794,353.2099914550781,0.03805000066757202,0.016987061932428632,0.20209665509756794
2026-10-16,0.2191780821917808,220.0,call,81.89,0.0,0.0,1.0000000000000003e-05,1.0,0.0,133.72447947534232,81.89,51.83447947534232,2686.8132624796845,51.83447947534232,63.29769138520249,63.29769138520249,ITM,-0.47343521035524566,<3m,0.0,-0.20209665509756794,353.2099914550781,0.03805000066757202,0.016987061932428632,0.20209665509756794
2026-10-16,0.2191780821917808,230.0,call,112.05,0.0,0.0,1.0000000000000003e-05,6.0,6.0,123.80754124774094,112.05,11.757541247740946,138.2397761923297,11.757541247740946,10.493120256796917,10.493120256796917,ITM,-0.42898344778441183,<3m,0.0,-0.20209665509756794,353.2099914550781,0.03805000066757202,0.016987061932428632,0.20209665509756794
2026-10-16,0.2191780821917808,235.0,call,104.35,0.0,0.0,1.0000000000000003e-05,,3.0,118.84909187277077,104.35,14.499091872770776,210.22366513504758,14.499091872770776,13.89467357237257,13.89467357237257,ITM,-0.4074772425634483,<3m,0.0,-0.20209665509756794,353.2099914550781,0.03805000066757202,0.016987061932428632,0.20209665509756794
2026-10-16,0.2191780821917808,240.0,call,74.75,107.45,111.35,1.0000000000000003e-05,,10.0,113.89068688851808,109.4,39.140686888518076,1531.9933701050109,39.140686888518076,52.36212292778338,52.36212292778338,ITM,-0.3864238333656159,<3m,0.0,-0.20209665509756794,353.2099914550781,0.03805000066757202,0.016987061932428632,0.20209665509756794
2026-10-16,0.2191780821917808,245.0,call,95.7,0.0,0.0,1.0000000000000003e-05,2.0,2.0,108.93239141050142,95.7,13.232391410501421,175.0961824407118,13.232391410501421,13.826950272206293,13.826950272206293,ITM,-0.36580454616288016,<3m,0.0,-0.20209665509756794,353.2099914550781,0.03805000066757202,0.016987061932428632,0.20209665509756794
2026-10-16,0.2191780821917808,250.0,call,80.88,0.0,0.0,1.0000000000000003e-05,1.0,5.0,103.97434892023418,80.88,23.094348920234182,533.3489520495217,23.094348920234182,28.55384386774751,28.55384386774751,ITM,-0.3456018388453608,<3m,0.0,-0.20209665509756794,353.2099914550781,0.03805000066757202,0.016987061932428632,0.20209665509756794
2026-10-16,0.2191780821917808,255.0,call,48.54,0.0,0.0,1.0000000000000003e-05,1.0,0.0,99.0168557194933,48.54,50.476855719493294,2547.912963326543,50.476855719493294,103.99022603933518,103.99022603933518,ITM,-0.325799211549181,<3m,0.0,-0.20209665509756794,353.2099914550781,0.03805000066757202,0.016987061932428632,0.20209665509756794
2026-10-16,0.2191780821917808,260.0,call,85.3,0.0,0.0,1.0000000000000003e-05,2.0,301.0,94.06048704183758,85.3,8.760487041837578,76.74613321020412,8.760487041837578,10.270207551978404,10.270207551978404,ITM,-0.3063811256920795,<3m,0.0,-0.20209665509756794,353.2099914550781,0.03805000066757202,0.016987061932428632,0.20209665509756794
2026-10-16,0.2191780821917808,265.0,call,73.74,0.0,0.0,1.0000000000000003e-05,2.0,8.0,89.10629572336774,73.74,15.366295723367742,236.12304425798976,15.366295723367742,20.83848077484099,20.83848077484099,ITM,-0.28733293072138494,<3m,0.0,-0.20209665509756794,353.2099914550781,0.03805000066757202,0.016987061932428632,0.20209665509756794
2026-10-16,0.2191780821917808,270.0,call,74.87,0.0,0.0,1.0000000000000003e-05,1.0,63.0,84.1561031979752,74.87,9.286103197975194,86.23171260344513,9.286103197975194,12.402969410945898,12.402969410945898,ITM,-0.2686407977092325,<3m,0.0,-0.20209665509756794,353.2099914550781,0.03805000066757202,0.016987061932428632,0.20209665509756794
2026-10-16,0.2191780821917808,275.0,call,65.36,76.05,79.7,0.3501041552734374,3.0,4.0,79.2128950468512,77.875,13.852895046851202,191.90270117907457,13.852895046851202,21.19475986360343,21.19475986360343,ITM,-0.2502916590410359,<3m,0.0,-0.20209665509756794,353.2099914550781,0.03805000066757202,0.016987061932428632,0.20209665509756794
2026-10-16,0.2191780821917808,280.0,call,71.45,0.0,0.0,1.0000000000000003e-05,5.0,75.0,74.28131783342656,71.45,2.831317833426553,8.01636067387923,2.831317833426553,3.9626561699461904,3.9626561699461904,ITM,-0.23227315353835765,<3m,0.0,-0.20209665509756794,353.2099914550781,0.03805000066757202,0.016987061932428632,0.20209665509756794
2026-10-16,0.2191780821917808,285.0,call,65.54,0.0,0.0,1.0000000000000003e-05,2.0,38.0,69.36825084202428,65.54,3.828250842024275,14.65550450945957,3.828250842024275,5.841090695795353,5.841090695795353,ITM,-0.21457357643895666,<3m,0.0,-0.20209665509756794,353.2099914550781,0.03805000066757202,0.016987061932428632,0.20209665509756794
2026-10-16,0.2191780821917808,290.0,call,66.23,0.0,0.0,1.0000000000000003e-05,1.0,42.0,64.48339861914314,66.23,1.746601380856859,3.0506163836110867,-1.746601380856859,-2.6371755712771536,2.6371755712771536,ITM,-0.19718183372708756,<3m,0.3185814032373942,0.11648474813982626,353.2099914550781,0.03805000066757202,0.016987061932428632,0.20209665509756794
2026-10-16,0.2191780821917808,295.0,call,59.8,0.0,0.0,1.0000000000000003e-05,2.0,63.0,59.639823536909944,59.8,0.1601764630900533,0.025656499328039203,-0.1601764630900533,-0.267853617207447,0.267853617207447,ITM,-0.1800874003677874,<3m,0.21774040841720224,0.0156437533196343,353.2099914550781,0.03805000066757202,0.016987061932428632,0.20209665509756794
2026-10-16,0.2191780821917808,300.0,call,56.84,0.0,0.0,1.0000000000000003e-05,2.0,151.0,54.854319219290005,56.84,1.9856807807099983,3.9429281628810684,-1.9856807807099983,-3.493456686681911,3.493456686681911,ITM,-0.1632802820514062,<3m,0.2959562837617677,0.09385962866419975,353.2099914550781,0.03805000066757202,0.016987061932428632,0.20209665509756794
2026-10-16,0.2191780821917808,305.0,call,50.8,0.0,0.0,1.0000000000000003e-05,3.0,206.0,50.14752257898249,50.8,0.6524774210175082,0.4257267849376586,-0.6524774210175082,-1.284404372081709,1.284404372081709,ITM,-0.1467509801001956,<3m,0.234290573859024,0.03219391876145605,353.2099914550781,0.03805000066757202,0.016987061932428632,0.20209665509756794
2026-10-16,0.2191780821917808,310.0,call,42.95,0.0,0.0,1.0000000000000003e-05,1.0,666.0,45.54367889968188,42.95,2.5936788996818763,6.727170234654988,2.5936788996818763,6.038833293787837,6.038833293787837,ITM,-0.13049045922841523,<3m,0.0,-0.20209665509756794,353.2099914550781,0.03805000066757202,0.016987061932428632,0.20209665509756794
2026-10-16,0.2191780821917808,315.0,call,41.95,0.0,0.0,1.0000000000000003e-05,1.0,347.0,41.07001107294684,41.95,0.8799889270531622,0.7743805117361757,-0.8799889270531622,-2.0977090037024126,2.0977090037024126,ITM,-0.11449011788197416,<3m,0.23055534590068727,0.02845869080311933,353.2099914550781,0.03805000066757202,0.016987061932428632,0.20209665509756794
2026-10-16,0.2191780821917808,320.0,call,39.71,0.0,0.0,1.0000000000000003e-05,17.0,176.0,36.755696004218805,39.71,2.9543039957811956,8.727912099488739,-2.9543039957811956,-7.439697798492056,7.439697798492056,ITM,-0.09874176091383494,<3m,0.27533644281298497,0.07323978771541703,353.2099914550781,0.03805000066757202,0.016987061932428632,0.20209665509756794
2026-10-16,0.2191780821917808,325.0,call,33.15,0.0,0.0,1.0000000000000003e-05,6.0,284.0,32.630509378891986,33.15,0.5194906211080124,0.26987050541918844,-0.5194906211080124,-1.5670908630709275,1.5670908630709275,ITM,-0.08323757437786976,<3m,0.21450737725609517,0.012410722158527232,353.2099914550781,0.03805000066757202,0.016987061932428632,0.20209665509756794
2026-10-16,0.2191780821917808,330.0,call,32.02,0.0,0.0,1.0000000000000003e-05,16.0,1897.0,28.723253305581125,32.02,3.2967466944188786,10.868538767161803,-3.2967466944188786,-10.295898483506804,10.295898483506804,ITM,-0.06797010224708126,<3m,0.26713869068256574,0.0650420355849978,353.2099914550781,0.03805000066757202,0.016987061932428632,0.20209665509756794
2026-10-16,0.2191780821917808,335.0,call,28.5,0.0,0.0,1.0000000000000003e-05,34.0,835.0,25.060119260939246,28.5,3.4398807390607544,11.832779498961163,-3.4398807390607544,-12.069756979160543,12.069756979160543,ITM,-0.05293222488254081,<3m,0.26422779266611346,0.06213113756854552,353.2099914550781,0.03805000066757202,0.016987061932428632,0.20209665509756794
2026-10-16,0.2191780821917808,340.0,call,25.0,0.0,0.0,1.0000000000000003e-05,37.0,777.0,21.663153799199534,25.0,3.3368462008004656,11.134542567796501,-3.3368462008004656,-13.347384803201862,13.347384803201862,ITM,-0.03811713909740012,<3m,0.2583502180545641,0.056253562956996156,353.2099914550781,0.03805000066757202,0.016987061932428632,0.20209665509756794
2026-10-16,0.2191780821917808,345.0,call,21.79,0.0,0.0,1.0000000000000003e-05,30.0,1276.0,18.548984012913536,21.79,3.241015987086463,10.50418462855004,-3.241015987086463,-14.87386868786812,14.87386868786812,ITM,-0.023518339676247498,<3m,0.2539721486663586,0.05187549356879065,353.2099914550781,0.03805000066757202,0.016987061932428632,0.20209665509756794
2026-10-16,0.2191780821917808,350.0,call,19.15,0.0,0.0,1.0000000000000003e-05,282.0,1700.0,15.727926275954701,19.15,3.4220737240452976,11.710588572801251,-3.4220737240452976,-17.869836679087715,17.869836679087715,ITM,-0.00912960222414784,<3m,0.2550393336537947,0.05294267855622678,353.2099914550781,0.03805000066757202,0.016987061932428632,0.20209665509756794
2026-10-16,0.2191780821917808,355.0,call,16.0,0.0,0.0,0.0039162109375,132.0,1131.0,13.203552174850984,16.0,2.7964478251490164,7.8201204387806635,-2.7964478251490164,-17.477798907181352,17.477798907181352,OTM,0.005055032767808532,<3m,0.24469437006378708,0.04259771496621914,353.2099914550781,0.03805000066757202,0.016987061932428632,0.20209665509756794
2026-10-16,0.2191780821917808,360.0,call,13.63,0.0,0.0,0.007822421875,317.0,554.0,10.972728993597457,13.63,2.657271006402544,7.061089201467589,-2.657271006402544,-19.495752064582124,19.495752064582124,OTM,0.019041274742548363,<3m,0.242682257840857,0.04058560274328907,353.2099914550781,0.03805000066757202,0.016987061932428632,0.20209665509756794
2026-10-16,0.2191780821917808,365.0,call,11.28,0.0,0.0,0.015634843750000002,41.0,1160.0,9.026098194117935,11.28,2.253901805882064,5.08007335055843,-2.253901805882064,-19.981398988316172,19.981398988316172,OTM,0.03283459687488434,<3m,0.23726144750339656,0.03516479240582862,353.2099914550781,0.03805000066757202,0.016987061932428632,0.20209665509756794
2026-10-16,0.2191780821917808,370.0,call,9.65,0.0,0.0,0.015634843750000002,25.0,1181.0,7.348911921681889,9.65,2.301088078318111,5.295006344177738,-2.301088078318111,-23.845472314177314,23.845472314177314,OTM,0.046440248930662904,<3m,0.23938014650195416,0.03728349140438622,353.2099914550781,0.03805000066757202,0.016987061932428632,0.20209665509756794
2026-10-16,0.2191780821917808,375.0,call,7.65,0.0,0.0,0.0312596875,16.0,1028.0,5.92211964789378,7.65,1.7278803521062205,2.9855705111947164,-1.7278803521062205,-22.586671269362355,22.586671269362355,OTM,0.05986326926280354,<3m,0.23180460092336294,0.029707945825795,353.2099914550781,0.03805000066757202,0.016987061932428632,0.20209665509756794
2026-10-16,0.2191780821917808,380.0,call,6.3,0.0,0.0,0.0312596875,83.0,2159.0,4.723586285562575,6.3,1.5764137144374244,2.4850801990663975,-1.5764137144374244,-25.022439911705153,25.022439911705153,OTM,0.07310849601282432,<3m,0.23127110986637966,0.029174454768811725,353.2099914550781,0.03805000066757202,0.016987061932428632,0.20209665509756794
2026-10-16,0.2191780821917808,385.0,call,4.93,0.0,0.0,0.0312596875,46.0,503.0,3.7293280889437455,4.93,1.2006719110562543,1.4416130379994778,-1.2006719110562543,-24.354399818585282,24.354399818585282,OTM,0.08618057758017704,<3m,0.22655275828493787,0.024456103187369932,353.2099914550781,0.03805000066757202,0.016987061932428632,0.20209665509756794
2026-10-16,0.2191780821917808,390.0,call,4.05,0.0,0.0,0.0312596875,291.0,518.0,2.9146698315964343,4.05,1.1353301684035655,1.2889745912872683,-1.1353301684035655,-28.03284366428557,28.03284366428557,OTM,0.09908398241608488,<3m,0.22776007348882477,0.025663418391256826,353.2099914550781,0.03805000066757202,0.016987061932428632,0.20209665509756794
2026-10-16,0.2191780821917808,395.0,call,3.3,0.0,0.0,0.062509375,1064.0,1212.0,2.2552514698064527,3.3,1.044748530193547,1.091499491341577,-1.044748530193547,-31.659046369501425,31.659046369501425,OTM,0.11182300819351458,<3m,0.22867887024358902,0.026582215146021076,353.2099914550781,0.03805000066757202,0.016987061932428632,0.20209665509756794
2026-10-16,0.2191780821917808,400.0,call,2.5,0.0,0.0,0.062509375,17.0,293.0,1.7278400089174752,2.5,0.7721599910825248,0.5962310518285647,-0.7721599910825248,-30.886399643300987,30.886399643300987,OTM,0.12440179040037484,<3m,0.2248439543504148,0.022747299252846853,353.2099914550781,0.03805000066757202,0.016987061932428632,0.20209665509756794
2026-10-16,0.2191780821917808,405.0,call,2.09,0.0,0.0,0.062509375,586.0,595.0,1.3109285532076314,2.09,0.7790714467923685,0.6069523192071543,-0.7790714467923685,-37.27614577953916,37.27614577953916,OTM,0.13682431039893195,<3m,0.2284021842591584,0.026305529161590457,353.2099914550781,0.03805000066757202,0.016987061932428632,0.20209665509756794
2026-10-16,0.2191780821917808,410.0,call,1.5,0.0,0.0,0.062509375,42.0,162.0,0.9851266574570303,1.5,0.5148733425429697,0.2650945588613702,-0.5148733425429697,-34.32488950286465,34.32488950286465,OTM,0.14909440299074622,<3m,0.22304467073004078,0.02094801563247284,353.2099914550781,0.03805000066757202,0.016987061932428632,0.20209665509756794
2026-10-16,0.2191780821917808,420.0,call,0.95,0.0,0.0,0.062509375,10.0,113.0,0.5409279016217532,0.95,0.40907209837824676,0.167339981671582,-0.40907209837824676,-43.06022088192071,43.06022088192071,OTM,0.17319195456980682,<3m,0.22572387090817347,0.023627215810605534,353.2099914550781,0.03805000066757202,0.016987061932428632,0.20209665509756794
2026-10-16,0.2191780821917808,430.0,call,0.55,0.0,0.0,0.062509375,33.0,113.0,0.28648443607093377,0.55,0.2635155639290663,0.06944045243285382,-0.2635155639290663,-47.91192071437568,47.91192071437568,OTM,0.19672245198000085,<3m,0.225143019763418,0.023046364665850055,353.2099914550781,0.03805000066757202,0.016987061932428632,0.20209665509756794
2026-10-16,0.2191780821917808,195.0,put,0.13,0.0,0.0,0.2500075,1.0,70.0,4.635485226438642e-10,0.13,0.12999999953645147,0.016899999879477382,-0.12999999953645147,-99.9999996434242,99.9999996434242,OTM,-0.5940631981438604,<3m,0.5140814730172395,0.3119848179196716,353.2099914550781,0.03805000066757202,0.016987061932428632,0.20209665509756794
2026-10-16,0.2191780821917808,200.0,put,0.07,0.0,0.0,0.2500075,25.0,71.0,2.6693982711887916e-09,0.07,0.06999999733060173,0.00489999962628425,-0.06999999733060173,-99.99999618657391,99.99999618657391,OTM,-0.5687453901595705,<3m,0.46151151124178635,0.25941485614421844,353.2099914550781,0.03805000066757202,0.016987061932428632,0.20209665509756794
2026-10-16,0.2191780821917808,205.0,put,0.7,0.0,0.57,0.5127001855468749,1.0,15.0,1.3782453139237777e-08,0.7,0.6999999862175468,0.4899999807045657,-0.6999999862175468,-99.99999803107812,99.99999803107812,OTM,-0.5440527775691991,<3m,0.5976904876113726,0.39559383251380464,353.2099914550781,0.03805000066757202,0.016987061932428632,0.20209665509756794
2026-10-16,0.2191780821917808,210.0,put,0.13,0.0,0.0,0.2500075,6.0,15.0,6.425324884246679e-08,0.13,0.12999993574675117,0.016899983294159433,-0.12999993574675117,-99.99995057442398,99.99995057442398,OTM,-0.5199552259901384,<3m,0.45537836183069724,0.25328170673312933,353.2099914550781,0.03805000066757202,0.016987061932428632,0.20209665509756794
2026-10-16,0.2191780821917808,215.0,put,1.44,0.0,0.62,0.5297898583984376,2.0,14.0,2.7222907241207064e-07,1.44,1.4399997277709276,2.0735992159803454,-1.4399997277709276,-99.99998109520331,99.99998109520331,OTM,-0.49642472857994446,<3m,0.627488455909088,0.42539180081152006,353.2099914550781,0.03805000066757202,0.016987061932428632,0.20209665509756794
2026-10-16,0.2191780821917808,220.0,put,0.39,0.0,0.0,0.2500075,2.0,114.0,1.0544847019306852e-06,0.39,0.38999894551529807,0.15209917750304444,-0.38999894551529807,-99.9997296193072,99.9997296193072,OTM,-0.47343521035524566,<3m,0.48340668724480207,0.28131003214723416,353.2099914550781,0.03805000066757202,0.016987061932428632,0.20209665509756794
2026-10-16,0.2191780821917808,225.0,put,0.59,0.0,0.0,0.2500075,2.0,49.0,3.75500195186454e-06,0.59,0.5899962449980481,0.34809556911179684,-0.5899962449980481,-99.99936355899122,99.99936355899122,OTM,-0.45096235450318717,<3m,0.4935745994838854,0.29147794438631747,353.2099914550781,0.03805000066757202,0.016987061932428632,0.20209665509756794
2026-10-16,0.2191780821917808,230.0,put,0.29,0.0,0.0,0.12500875,1.0,73.0,1.2355594022694667e-05,0.29,0.2899876444059773,0.08409283390812754,-0.2899876444059773,-99.99573945033701,99.99573945033701,OTM,-0.42898344778441183,<3m,0.4247871228758286,0.22269046777826065,353.2099914550781,0.03805000066757202,0.016987061932428632,0.20209665509756794
2026-10-16,0.2191780821917808,235.0,put,0.18,0.0,0.0,0.12500875,1.0,180.0,3.774497923954051e-05,0.18,0.17996225502076046,0.03238641323215723,-0.17996225502076046,-99.97903056708915,99.97903056708915,OTM,-0.4074772425634483,<3m,0.38076426076342235,0.1786676056658544,353.2099914550781,0.03805000066757202,0.016987061932428632,0.20209665509756794
2026-10-16,0.2191780821917808,240.0,put,0.4,0.0,0.0,0.12500875,3.0,270.0,0.00010752508190017655,0.4,0.39989247491809987,0.15991399149612315,-0.39989247491809987,-99.97311872952497,99.97311872952497,OTM,-0.3864238333656159,<3m,0.4062128972945542,0.20411624219698624,353.2099914550781,0.03805000066757202,0.016987061932428632,0.20209665509756794
2026-10-16,0.2191780821917808,245.0,put,0.39,0.0,0.0,0.12500875,1.0,81.0,0.00028681142065689787,0.39,0.3897131885793431,0.15187636935267865,-0.3897131885793431,-99.92645861008798,99.92645861008798,OTM,-0.36580454616288016,<3m,0.3858568745440908,0.18376021944652285,353.2099914550781,0.03805000066757202,0.016987061932428632,0.20209665509756794
2026-10-16,0.2191780821917808,250.0,put,0.61,0.0,0.0,0.12500875,8.0,158.0,0.0007190855087009021,0.61,0.6092809144912991,0.37122323276335367,-0.6092809144912991,-99.88211712972117,99.88211712972117,OTM,-0.3456018388453608,<3m,0.3948350473451776,0.19273839224760966,353.2099914550781,0.03805000066757202,0.016987061932428632,0.20209665509756794
2026-10-16,0.2191780821917808,255.0,put,0.5,0.0,0.0,0.12500875,3.0,183.0,0.0017006491231957716,0.5,0.4982993508768042,0.24830224308424445,-0.4982993508768042,-99.65987017536084,99.65987017536084,OTM,-0.325799211549181,<3m,0.3632699832307665,0.16117332813319854,353.2099914550781,0.03805000066757202,0.016987061932428632,0.20209665509756794
2026-10-16,0.2191780821917808,260.0,put,0.87,0.0,0.0,0.12500875,15.0,612.0,0.003806735822815821,0.87,0.8661932641771841,0.7502907709059251,-0.8661932641771841,-99.56244415829703,99.56244415829703,OTM,-0.3063811256920795,<3m,0.38015404967650734,0.1780573945789394,353.2099914550781,0.03805000066757202,0.016987061932428632,0.20209665509756794
2026-10-16,0.2191780821917808,265.0,put,0.76,0.0,0.0,0.12500875,8.0,1352.0,0.008090181708371558,0.76,0.7519098182916284,0.5653683748433497,-0.7519098182916284,-98.9355024067932,98.9355024067932,OTM,-0.28733293072138494,<3m,0.3514738912730506,0.14937723617548268,353.2099914550781,0.03805000066757202,0.016987061932428632,0.20209665509756794
2026-10-16,0.2191780821917808,270.0,put,0.87,0.0,0.0,0.12500875,20.0,532.0,0.01637242067110667,0.87,0.8536275793288933,0.728680044190906,-0.8536275793288933,-98.11811256653947,98.11811256653947,OTM,-0.2686407977092325,<3m,0.3410812990655178,0.13898464396794988,353.2099914550781,0.03805000066757202,0.016987061932428632,0.20209665509756794
2026-10-16,0.2191780821917808,275.0,put,1.07,0.0,0.0,0.12500875,33.0,674.0,0.031639033902541636,1.07,1.0383609660974584,1.0781934959148471,-1.0383609660974584,-97.0430809436877,97.0430809436877,OTM,-0.2502916590410359,<3m,0.33557810788899234,0.1334814527914244,353.2099914550781,0.03805000066757202,0.016987061932428632,0.20209665509756794
2026-10-16,0.2191780821917808,280.0,put,1.38,0.0,0.0,0.12500875,1.0,736.0,0.05853658483322577,1.38,1.3214634151667741,1.746265557624234,-1.3214634151667741,-95.75821849034595,95.75821849034595,OTM,-0.23227315353835765,<3m,0.3339312522633574,0.13183459716578946,353.2099914550781,0.03805000066757202,0.016987061932428632,0.20209665509756794
2026-10-16,0.2191780821917808,285.0,put,1.5,0.0,0.0,0.12500875,4.0,590.0,0.10394435778631017,1.5,1.3960556422136898,1.948971356156678,-1.3960556422136898,-93.07037614757932,93.07037614757932,OTM,-0.21457357643895666,<3m,0.3198835918545822,0.11778693675701427,353.2099914550781,0.03805000066757202,0.016987061932428632,0.20209665509756794
2026-10-16,0.2191780821917808,290.0,put,1.86,0.0,0.0,0.062509375,52.0,402.0,0.17756689926055813,1.86,1.682433100739442,2.8305811384637334,-1.682433100739442,-90.45339251287322,90.45339251287322,OTM,-0.19718183372708756,<3m,0.31585523433575957,0.11375857923819163,353.2099914550781,0.03805000066757202,0.016987061932428632,0.20209665509756794
2026-10-16,0.2191780821917808,295.0,put,2.23,0.0,0.0,0.062509375,101.0,858.0,0.2924665813826177,2.23,1.9375334186173823,3.7540357482591604,-1.9375334186173823,-86.88490666445661,86.88490666445661,OTM,-0.1800874003677874,<3m,0.3095405856661062,0.10744393056853827,353.2099914550781,0.03805000066757202,0.016987061932428632,0.20209665509756794
2026-10-16,0.2191780821917808,300.0,put,2.7,0.0,0.0,0.062509375,19.0,499.0,0.465437028118032,2.7,2.234562971881968,4.993271675305974,-2.234562971881968,-82.761591551184,82.761591551184,OTM,-0.1632802820514062,<3m,0.3043855800731804,0.10228892497561246,353.2099914550781,0.03805000066757202,0.016987061932428632,0.20209665509756794
2026-10-16,0.2191780821917808,305.0,put,3.9,0.0,0.0,0.062509375,5.0,485.0,0.7171151521659453,3.9,3.1828848478340546,10.130755954571613,-3.1828848478340546,-81.612431995745,81.612431995745,OTM,-0.1467509801001956,<3m,0.317656471364542,0.11555981626697406,353.2099914550781,0.03805000066757202,0.016987061932428632,0.20209665509756794
2026-10-16,0.2191780821917808,310.0,put,3.92,0.0,0.0,0.062509375,12.0,1305.0,1.0717462372206512,3.92,2.8482537627793487,8.112549497186718,-2.8482537627793487,-72.65953476477931,72.65953476477931,OTM,-0.13049045922841523,<3m,0.29452669558672334,0.0924300404891554,353.2099914550781,0.03805000066757202,0.016987061932428632,0.20209665509756794
2026-10-16,0.2191780821917808,315.0,put,4.8,0.0,0.0,0.062509375,32.0,423.0,1.5565531748409427,4.8,3.243446825159057,10.519947307634368,-3.243446825159057,-67.57180885748036,67.57180885748036,OTM,-0.11449011788197416,<3m,0.2922395150206858,0.09014285992311785,353.2099914550781,0.03805000066757202,0.016987061932428632,0.20209665509756794
2026-10-16,0.2191780821917808,320.0,put,5.57,0.0,0.0,0.0312596875,116.0,512.0,2.200712870468294,5.57,3.369287129531706,11.352095761228004,-3.369287129531706,-60.48989460559616,60.48989460559616,OTM,-0.09874176091383494,<3m,0.2844318360638502,0.08233518096628226,353.2099914550781,0.03805000066757202,0.016987061932428632,0.20209665509756794
2026-10-16,0.2191780821917808,325.0,put,6.59,0.0,0.0,0.0312596875,100.0,402.0,3.0340010094968832,6.59,3.5559989905031166,12.645128820459185,-3.5559989905031166,-53.960530963628486,53.960530963628486,OTM,-0.08323757437786976,<3m,0.2793187420212385,0.07722208692367058,353.2099914550781,0.03805000066757202,0.016987061932428632,0.20209665509756794
2026-10-16,0.2191780821917808,330.0,put,7.75,0.0,0.0,0.0312596875,112.0,2112.0,4.085219700541316,7.75,3.664780299458684,13.430614643300482,-3.664780299458684,-47.28748773495076,47.28748773495076,OTM,-0.06797010224708126,<3m,0.2739953296163437,0.07189867451877577,353.2099914550781,0.03805000066757202,0.016987061932428632,0.20209665509756794
2026-10-16,0.2191780821917808,335.0,put,9.35,0.0,0.0,0.0312596875,42.0,278.0,5.380560420254838,9.35,3.9694395797451616,15.756450577247445,-3.9694395797451616,-42.45389924861136,42.45389924861136,OTM,-0.05293222488254081,<3m,0.27345259496025054,0.0713559398626826,353.2099914550781,0.03805000066757202,0.016987061932428632,0.20209665509756794
2026-10-16,0.2191780821917808,340.0,put,10.8,0.0,0.0,0.015634843750000002,787.0,938.0,6.942069722870457,10.8,3.857930277129544,14.88362602319284,-3.857930277129544,-35.721576640088365,35.721576640088365,OTM,-0.03811713909740012,<3m,0.2669703716055442,0.06487371650797627,353.2099914550781,0.03805000066757202,0.016987061932428632,0.20209665509756794
2026-10-16,0.2191780821917808,345.0,put,12.76,0.0,0.0,0.015634843750000002,24.0,231.0,8.786374700939831,12.76,3.973625299060169,15.789698017331016,-3.973625299060169,-31.141264099217626,31.141264099217626,OTM,-0.023518339676247498,<3m,0.2656049985941347,0.06350834349656678,353.2099914550781,0.03805000066757202,0.016987061932428632,0.20209665509756794
2026-10-16,0.2191780821917808,350.0,put,14.08,0.0,0.0,0.0039162109375,9.0,121.0,10.92379172833634,14.08,3.15620827166366,9.961650654118108,-3.15620827166366,-22.416251929429404,22.416251929429404,OTM,-0.00912960222414784,<3m,0.2509315369796818,0.04883488188211385,353.2099914550781,0.03805000066757202,0.016987061932428632,0.20209665509756794
2026-10-16,0.2191780821917808,355.0,put,17.09,0.0,0.0,1.0000000000000003e-05,55.0,261.0,13.357892391588024,17.09,3.732107608411976,13.92862720076656,-3.732107608411976,-21.837961430146144,21.837961430146144,ITM,0.005055032767808532,<3m,0.2589522793650936,0.056855624267525634,353.2099914550781,0.03805000066757202,0.016987061932428632,0.20209665509756794
2026-10-16,0.2191780821917808,360.0,put,19.25,0.0,0.0,1.0000000000000003e-05,5.0,72.0,16.085543974689784,19.25,3.1644560253102156,10.013781936122129,-3.1644560253102156,-16.43873259901411,16.43873259901411,ITM,0.019041274742548363,<3m,0.2504166275883677,0.04831997249079975,353.2099914550781,0.03805000066757202,0.016987061932428632,0.20209665509756794
2026-10-16,0.2191780821917808,365.0,put,25.0,0.0,0.0,1.0000000000000003e-05,82.0,123.0,19.097387939565635,25.0,5.902612060434365,34.84082913598522,-5.902612060434365,-23.61044824173746,23.61044824173746,ITM,0.03283459687488434,<3m,0.29355428321195787,0.09145762811438993,353.2099914550781,0.03805000066757202,0.016987061932428632,0.20209665509756794
2026-10-16,0.2191780821917808,370.0,put,25.8,0.0,0.0,1.0000000000000003e-05,2.0,7.0,22.378676431484934,25.8,3.421323568515067,11.705454960476674,-3.421323568515067,-13.260944064011888,13.260944064011888,ITM,0.046440248930662904,<3m,0.25721956776888455,0.05512291267131661,353.2099914550781,0.03805000066757202,0.016987061932428632,0.20209665509756794
2026-10-16,0.2191780821917808,375.0,put,32.65,0.0,0.0,1.0000000000000003e-05,1.0,11.0,25.910358922052154,32.65,6.739641077947844,45.42276185956198,-6.739641077947844,-20.642085996777475,20.642085996777475,ITM,0.05986326926280354,<3m,0.31359468784614253,0.11149803274857459,353.2099914550781,0.03805000066757202,0.016987061932428632,0.20209665509756794
2026-10-16,0.2191780821917808,380.0,put,32.5,0.0,0.0,1.0000000000000003e-05,2.0,12.0,29.67030032407638,32.5,2.829699675923621,8.007200255922244,-2.829699675923621,-8.706768233611141,8.706768233611141,ITM,0.07310849601282432,<3m,0.25342403417220827,0.05132737907464033,353.2099914550781,0.03805000066757202,0.016987061932428632,0.20209665509756794
2026-10-16,0.2191780821917808,390.0,put,40.0,0.0,0.0,1.0000000000000003e-05,4.0,6.0,37.778333398820905,40.0,2.221666601179095,4.935802486794671,-2.221666601179095,-5.554166502947737,5.554166502947737,ITM,0.09908398241608488,<3m,0.2503232613569249,0.04822660625935696,353.2099914550781,0.03805000066757202,0.016987061932428632,0.20209665509756794
2026-10-16,0.2191780821917808,395.0,put,82.79,0.0,0.0,1.0000000000000003e-05,2.0,0.0,42.07738980138623,82.79,40.712610198613774,1657.5166291842702,-40.712610198613774,-49.17575818168108,49.17575818168108,ITM,0.11182300819351458,<3m,0.8828464434109503,0.6807497883133824,353.2099914550781,0.03805000066757202,0.016987061932428632,0.20209665509756794
2026-10-16,0.2191780821917808,400.0,put,60.26,0.0,0.0,1.0000000000000003e-05,9.0,9.0,46.508453104852606,60.26,13.751546895147392,189.10504200943788,-13.751546895147392,-22.820356613254884,22.820356613254884,ITM,0.12440179040037484,<3m,0.476075388740355,0.273978733642787,353.2099914550781,0.03805000066757202,0.016987061932428632,0.20209665509756794
2026-10-16,0.2191780821917808,405.0,put,75.75,54.4,57.55,0.32080757324218745,2.0,1.0,51.05001641349821,55.974999999999994,24.699983586501787,610.0891891734577,-24.699983586501787,-32.60723905808817,32.60723905808817,ITM,0.13682431039893195,<3m,0.6677410545928426,0.4656443994952747,353.2099914550781,0.03805000066757202,0.016987061932428632,0.20209665509756794
2026-10-16,0.2191780821917808,410.0,put,111.01,0.0,0.0,1.0000000000000003e-05,,0.0,55.682689282102956,111.01,55.32731071789705,3061.1113112747257,-55.32731071789705,-49.83993398603464,49.83993398603464,ITM,0.14909440299074622,<3m,1.1556587201319368,0.9535620650343689,353.2099914550781,0.03805000066757202,0.016987061932428632,0.20209665509756794
2026-10-16,0.2191780821917808,420.0,put,108.11,71.25,75.2,0.4261837167358399,,0.0,65.15544005497833,73.225,42.95455994502167,1845.09422007046,-42.95455994502167,-39.73227263437394,39.73227263437394,ITM,0.17319195456980682,<3m,1.003524522344365,0.801427867246797,353.2099914550781,0.03805000066757202,0.016987061932428632,0.20209665509756794
2026-11-20,0.3150684931506849,155.0,call,143.8,0.0,0.0,1.0000000000000003e-05,1.0,0.0,198.17173156787695,143.8,54.371731567876935,2956.2851936892653,54.371731567876935,37.81066173009523,37.81066173009523,ITM,-0.8236376397883606,3-6m,0.0,-0.20209665509756794,353.2099914550781,0.03805000066757202,0.016987061932428632,0.20209665509756794
2026-11-20,0.3150684931506849,160.0,call,178.56,0.0,0.0,1.0000000000000003e-05,45.0,46.0,193.23131547955157,178.56,14.671315479551566,215.2474979005294,14.671315479551566,8.216462522150294,8.216462522150294,ITM,-0.7918889414737803,3-6m,0.0,-0.20209665509756794,353.2099914550781,0.03805000066757202,0.016987061932428632,0.20209665509756794
2026-11-20,0.3150684931506849,165.0,call,146.89,145.0,149.05,1.0000000000000003e-05,2.0,1.0,188.2908993912447,147.025,41.40089939124471,1714.0344704039662,41.40089939124471,28.18496792922916,28.18496792922916,ITM,-0.7611172828070266,3-6m,0.0,-0.20209665509756794,353.2099914550781,0.03805000066757202,0.016987061932428632,0.20209665509756794
2026-11-20,0.3150684931506849,180.0,call,152.0,169.3,172.85,1.0000000000000003e-05,1.0,2.0,173.46965113063433,171.075,21.469651130634333,460.9459196711481,21.469651130634333,14.124770480680482,14.124770480680482,ITM,-0.6741059058173969,3-6m,0.0,-0.20209665509756794,353.2099914550781,0.03805000066757202,0.016987061932428632,0.20209665509756794
2026-11-20,0.3150684931506849,195.0,call,144.6,0.0,0.0,1.0000000000000003e-05,2.0,4.0,158.64840317155685,144.6,14.048403171556856,197.35763167060873,14.048403171556856,9.715354890426594,9.715354890426594,ITM,-0.5940631981438604,3-6m,0.0,-0.20209665509756794,353.2099914550781,0.03805000066757202,0.016987061932428632,0.20209665509756794
2026-11-20,0.3150684931506849,200.0,call,147.54,0.0,0.0,1.0000000000000003e-05,1.0,6.0,153.70798785380478,147.54,6.167987853804789,38.0440741646834,6.167987853804789,4.180552971265277,4.180552971265277,ITM,-0.5687453901595705,3-6m,0.0,-0.20209665509756794,353.2099914550781,0.03805000066757202,0.016987061932428632,0.20209665509756794
2026-11-20,0.3150684931506849,205.0,call,135.05,0.0,0.0,1.0000000000000003e-05,,1.0,148.7675741741247,135.05,13.717574174124678,188.17184122261236,13.717574174124678,10.157404053405907,10.157404053405907,ITM,-0.5440527775691991,3-6m,0.0,-0.20209665509756794,353.2099914550781,0.03805000066757202,0.016987061932428632,0.20209665509756794
2026-11-20,0.3150684931506849,210.0,call,102.7,0.0,0.0,1.0000000000000003e-05,10.0,0.0,143.82716508915252,102.7,41.12716508915251,1691.4437082704053,41.12716508915251,40.045925111151426,40.045925111151426,ITM,-0.5199552259901384,3-6m,0.0,-0.20209665509756794,353.2099914550781,0.03805000066757202,0.016987061932428632,0.20209665509756794
2026-11-20,0.3150684931506849,215.0,call,120.31,0.0,0.0,1.0000000000000003e-05,2.0,4.0,138.88676802884416,120.31,18.576768028844157,345.09631039748643,18.576768028844157,15.440751416211585,15.440751416211585,ITM,-0.49642472857994446,3-6m,0.0,-0.20209665509756794,353.2099914550781,0.03805000066757202,0.016987061932428632,0.20209665509756794
2026-11-20,0.3150684931506849,220.0,call,115.21,0.0,0.0,1.0000000000000003e-05,8.0,14.0,133.94640045376414,115.21,18.736400453764148,351.0527019638134,18.736400453764148,16.262824801461807,16.262824801461807,ITM,-0.47343521035524566,3-6m,0.0,-0.20209665509756794,353.2099914550781,0.03805000066757202,0.016987061932428632,0.20209665509756794
2026-11-20,0.3150684931506849,225.0,call,115.5,0.0,0.0,1.0000000000000003e-05,,1.0,129.00610088317828,115.5,13.506100883178277,182.41476106658905,13.506100883178277,11.69359383824959,11.69359383824959,ITM,-0.45096235450318717,3-6m,0.0,-0.20209665509756794,353.2099914550781,0.03805000066757202,0.016987061932428632,0.20209665509756794
2026-11-20,0.3150684931506849,230.0,call,104.98,0.0,0.0,1.0000000000000003e-05,12.0,6.0,124.06594936976313,104.98,19.085949369763128,364.27346334516153,19.085949369763128,18.180557601222258,18.180557601222258,ITM,-0.42898344778441183,3-6m,0.0,-0.20209665509756794,353.2099914550781,0.03805000066757202,0.016987061932428632,0.20209665509756794
2026-11-20,0.3150684931506849,235.0,call,105.9,0.0,0.0,1.0000000000000003e-05,2.0,10.0,119.12610315237589,105.9,13.226103152375885,174.9298045972873,13.226103152375885,12.48923810422652,12.48923810422652,ITM,-0.4074772425634483,3-6m,0.0,-0.20209665509756794,353.2099914550781,0.03805000066757202,0.016987061932428632,0.20209665509756794
2026-11-20,0.3150684931506849,240.0,call,98.2,0.0,0.0,1.0000000000000003e-05,2.0,14.0,114.18685500021053,98.2,15.986855000210525,255.57953279775626,15.986855000210525,16.2798930755708,16.2798930755708,ITM,-0.3864238333656159,3-6m,0.0,-0.20209665509756794,353.2099914550781,0.03805000066757202,0.016987061932428632,0.20209665509756794
2026-11-20,0.3150684931506849,245.0,call,100.83,0.0,0.0,1.0000000000000003e-05,3.0,5.0,109.2487230725433,100.83,8.418723072543301,70.87489817217292,8.418723072543301,8.349422862782209,8.349422862782209,ITM,-0.36580454616288016,3-6m,0.0,-0.20209665509756794,353.2099914550781,0.03805000066757202,0.016987061932428632,0.20209665509756794
2026-11-20,0.3150684931506849,250.0,call,91.65,0.0,0.0,1.0000000000000003e-05,48.0,32.0,104.31258128036382,91.65,12.66258128036381,160.34096468181997,12.66258128036381,13.816237076228925,13.816237076228925,ITM,-0.3456018388453608,3-6m,0.0,-0.20209665509756794,353.2099914550781,0.03805000066757202,0.016987061932428632,0.20209665509756794
2026-11-20,0.3150684931506849,255.0,call,83.49,0.0,0.0,1.0000000000000003e-05,60.0,76.0,99.37983741840407,83.49,15.88983741840407,252.48693318331414,15.88983741840407,19.03202469565705,19.03202469565705,ITM,-0.325799211549181,3-6m,0.0,-0.20209665509756794,353.2099914550781,0.03805000066757202,0.016987061932428632,0.20209665509756794
2026-11-20,0.3150684931506849,260.0,call,95.74,0.0,0.0,1.0000000000000003e-05,1.0,43.0,94.45266216313433,95.74,1.2873378368656603,1.6572387062259573,-1.2873378368656603,-1.3446185887462505,1.3446185887462505,ITM,-0.3063811256920795,3-6m,0.34613878393517034,0.1440421288376024,353.2099914550781,0.03805000066757202,0.016987061932428632,0.20209665509756794
2026-11-20,0.3150684931506849,265.0,call,81.85,0.0,0.0,1.0000000000000003e-05,45.0,88.0,89.53426523001156,81.85,7.684265230011562,59.04793212516464,7.684265230011562,9.38822874772335,9.38822874772335,ITM,-0.28733293072138494,3-6m,0.0,-0.20209665509756794,353.2099914550781,0.03805000066757202,0.016987061932428632,0.20209665509756794
2026-11-20,0.3150684931506849,270.0,call,68.93,0.0,0.0,1.0000000000000003e-05,18.0,96.0,84.62920598379179,68.93,15.699205983791785,246.4650685215238,15.699205983791785,22.775578099219185,22.775578099219185,ITM,-0.2686407977092325,3-6m,0.0,-0.20209665509756794,353.2099914550781,0.03805000066757202,0.016987061932428632,0.20209665509756794
2026-11-20,0.3150684931506849,275.0,call,77.4,0.0,0.0,1.0000000000000003e-05,2.0,52.0,79.74371571927622,77.4,2.3437157192762186,5.493003372782443,2.3437157192762186,3.0280564848529954,3.0280564848529954,ITM,-0.2502916590410359,3-6m,0.0,-0.20209665509756794,353.2099914550781,0.03805000066757202,0.016987061932428632,0.20209665509756794
2026-11-20,0.3150684931506849,280.0,call,65.0,0.0,0.0,1.0000000000000003e-05,2.0,45.0,74.88599938388705,65.0,9.885999383887054,97.7329838182152,9.885999383887054,15.209229821364698,15.209229821364698,ITM,-0.23227315353835765,3-6m,0.0,-0.20209665509756794,353.2099914550781,0.03805000066757202,0.016987061932428632,0.20209665509756794
2026-11-20,0.3150684931506849,285.0,call,60.0,0.0,0.0,1.0000000000000003e-05,6.0,23.0,70.06647770135282,60.0,10.066477701352824,101.33397331183363,10.066477701352824,16.77746283558804,16.77746283558804,ITM,-0.21457357643895666,3-6m,0.0,-0.20209665509756794,353.2099914550781,0.03805000066757202,0.016987061932428632,0.20209665509756794
2026-11-20,0.3150684931506849,290.0,call,61.55,0.0,0.0,1.0000000000000003e-05,1.0,36.0,65.29792834967401,61.55,3.7479283496740123,14.046966914290167,3.7479283496740123,6.0892418353761375,6.0892418353761375,ITM,-0.19718183372708756,3-6m,0.0,-0.20209665509756794,353.2099914550781,0.03805000066757202,0.016987061932428632,0.20209665509756794
2026-11-20,0.3150684931506849,295.0,call,54.05,0.0,0.0,1.0000000000000003e-05,52.0,75.0,60.595488328972465,54.05,6.545488328972468,42.84341746471479,6.545488328972468,12.110061663223808,12.110061663223808,ITM,-0.1800874003677874,3-6m,0.0,-0.20209665509756794,353.2099914550781,0.03805000066757202,0.016987061932428632,0.20209665509756794
2026-11-20,0.3150684931506849,300.0,call,55.4,0.0,0.0,1.0000000000000003e-05,8.0,111.0,55.976489253321574,55.4,0.5764892533215757,0.33233985919526793,0.5764892533215757,1.0405943200750465,1.0405943200750465,ITM,-0.1632802820514062,3-6m,0.1725943356222463,-0.029502319475321642,353.2099914550781,0.03805000066757202,0.016987061932428632,0.20209665509756794
2026-11-20,0.3150684931506849,305.0,call,48.82,0.0,0.0,1.0000000000000003e-05,3.0,90.0,51.46011222016932,48.82,2.6401122201693212,6.970192535087382,2.6401122201693212,5.4078496930957005,5.4078496930957005,ITM,-0.1467509801001956,3-6m,0.0010000013965182006,-0.20109665370104973,353.2099914550781,0.03805000066757202,0.016987061932428632,0.20209665509756794
2026-11-20,0.3150684931506849,310.0,call,39.95,0.0,0.0,1.0000000000000003e-05,3.0,155.0,47.06686731659897,39.95,7.11686731659897,50.649800402074625,7.11686731659897,17.814436336918575,17.814436336918575,ITM,-0.13049045922841523,3-6m,0.0,-0.20209665509756794,353.2099914550781,0.03805000066757202,0.016987061932428632,0.20209665509756794
2026-11-20,0.3150684931506849,315.0,call,37.6,0.0,0.0,1.0000000000000003e-05,3.0,81.0,42.8179221564302,37.6,5.217922156430198,27.22671163056517,5.217922156430198,13.877452543697336,13.877452543697336,ITM,-0.11449011788197416,3-6m,0.0,-0.20209665509756794,353.2099914550781,0.03805000066757202,0.016987061932428632,0.20209665509756794
2026-11-20,0.3150684931506849,320.0,call,42.95,0.0,0.0,1.0000000000000003e-05,7.0,558.0,38.73432130308814,42.95,4.215678696911866,17.771946875596527,-4.215678696911866,-9.815317105731932,9.815317105731932,ITM,-0.09874176091383494,3-6m,0.2793245732930618,0.07722791819549388,353.2099914550781,0.03805000066757202,0.016987061932428632,0.20209665509756794
2026-11-20,0.3150684931506849,325.0,call,33.07,0.0,0.0,1.0000000000000003e-05,5.0,232.0,34.83615149187736,33.07,1.766151491877359,3.1192910922606214,1.766151491877359,5.340645575679949,5.340645575679949,ITM,-0.08323757437786976,3-6m,0.16781182004590506,-0.03428483505166288,353.2099914550781,0.03805000066757202,0.016987061932428632,0.20209665509756794
2026-11-20,0.3150684931506849,330.0,call,29.27,0.0,0.0,1.0000000000000003e-05,1.0,272.0,31.141714415164557,29.27,1.8717144151645577,3.5033148519348023,1.8717144151645577,6.39465123049046,6.39465123049046,ITM,-0.06797010224708126,3-6m,0.1701339420918607,-0.031962713005707244,353.2099914550781,0.03805000066757202,0.016987061932428632,0.20209665509756794
2026-11-20,0.3150684931506849,335.0,call,28.85,0.0,0.0,1.0000000000000003e-05,4.0,400.0,27.6667686724345,28.85,1.183231327565501,1.4000363745324182,-1.183231327565501,-4.101321759325827,4.101321759325827,ITM,-0.05293222488254081,3-6m,0.2197169297596892,0.017620274662121266,353.2099914550781,0.03805000066757202,0.016987061932428632,0.20209665509756794
2026-11-20,0.3150684931506849,340.0,call,28.2,0.0,0.0,1.0000000000000003e-05,10.0,313.0,24.423895588862763,28.2,3.7761044111372364,14.258964523810095,-3.7761044111372364,-13.390441174245518,13.390441174245518,ITM,-0.03811713909740012,3-6m,0.2544168371840268,0.05232018208645886,353.2099914550781,0.03805000066757202,0.016987061932428632,0.20209665509756794
2026-11-20,0.3150684931506849,345.0,call,25.3,0.0,0.0,1.0000000000000003e-05,14.0,1362.0,21.42203119321769,25.3,3.8779688067823095,15.038642066376608,-3.8779688067823095,-15.327939947756164,15.327939947756164,ITM,-0.023518339676247498,3-6m,0.2536723310393728,0.05157567594180487,353.2099914550781,0.03805000066757202,0.016987061932428632,0.20209665509756794
2026-11-20,0.3150684931506849,350.0,call,22.2,0.0,0.0,1.0000000000000003e-05,14.0,580.0,18.666190605935213,22.2,3.533809394064786,12.487808833580528,-3.533809394064786,-15.918060333625162,15.918060333625162,ITM,-0.00912960222414784,3-6m,0.24781962548689354,0.0457229703893256,353.2099914550781,0.03805000066757202,0.016987061932428632,0.20209665509756794
2026-11-20,0.3150684931506849,355.0,call,20.0,0.0,0.0,0.00196310546875,103.0,230.0,16.157393611845407,20.0,3.842606388154593,14.765623854286485,-3.842606388154593,-19.213031940772964,19.213031940772964,OTM,0.005055032767808532,3-6m,0.2510817151908103,0.048985060093242355,353.2099914550781,0.03805000066757202,0.016987061932428632,0.20209665509756794
2026-11-20,0.3150684931506849,360.0,call,17.2,0.0,0.0,0.007822421875,16.0,490.0,13.892783410850484,17.2,3.3072165891495153,10.937681567545754,-3.3072165891495153,-19.22800342528788,19.22800342528788,OTM,0.019041274742548363,3-6m,0.24416458667722798,0.042067931579660045,353.2099914550781,0.03805000066757202,0.016987061932428632,0.20209665509756794
2026-11-20,0.3150684931506849,365.0,call,15.05,0.0,0.0,0.015634843750000002,1.0,384.0,11.865916227571063,15.05,3.184083772428938,10.138389469845297,-3.184083772428938,-21.156702806836797,21.156702806836797,OTM,0.03283459687488434,3-6m,0.24301844338385023,0.04092178828628229,353.2099914550781,0.03805000066757202,0.016987061932428632,0.20209665509756794
2026-11-20,0.3150684931506849,370.0,call,12.75,0.0,0.0,0.015634843750000002,16.0,714.0,10.067188839385793,12.75,2.6828111606142073,7.19747572351615,-2.6828111606142073,-21.04165616168006,21.04165616168006,OTM,0.046440248930662904,3-6m,0.23739130209348533,0.03529464699591739,353.2099914550781,0.03805000066757202,0.016987061932428632,0.20209665509756794
2026-11-20,0.3150684931506849,375.0,call,11.11,0.0,0.0,0.0312596875,31.0,999.0,8.484364744975778,11.11,2.6256352550242212,6.893960492426107,-2.6256352550242212,-23.63308060327832,23.63308060327832,OTM,0.05986326926280354,3-6m,0.23784779218499297,0.03575113708742503,353.2099914550781,0.03805000066757202,0.016987061932428632,0.20209665509756794
2026-11-20,0.3150684931506849,380.0,call,9.3,0.0,0.0,0.0312596875,152.0,241.0,7.1031576387715205,9.3,2.19684236122848,4.826116360087925,-2.19684236122848,-23.621960873424516,23.621960873424516,OTM,0.07310849601282432,3-6m,0.2334915685235763,0.031394913426008364,353.2099914550781,0.03805000066757202,0.016987061932428632,0.20209665509756794
2026-11-20,0.3150684931506849,385.0,call,7.95,0.0,0.0,0.0312596875,30.0,87.0,5.907832590512683,7.95,2.042167409487317,4.170447728372139,-2.042167409487317,-25.687640370909648,25.687640370909648,OTM,0.08618057758017704,3-6m,0.23302395607311605,0.030927300975548105,353.2099914550781,0.03805000066757202,0.016987061932428632,0.20209665509756794
2026-11-20,0.3150684931506849,390.0,call,6.55,0.0,0.0,0.0312596875,5.0,331.0,4.8817900333485085,6.55,1.6682099666514913,2.78292449283537,-1.6682099666514913,-25.468854452694522,25.468854452694522,OTM,0.09908398241608488,3-6m,0.22927224819797026,0.027175593100402323,353.2099914550781,0.03805000066757202,0.016987061932428632,0.20209665509756794
2026-11-20,0.3150684931506849,395.0,call,5.55,0.0,0.0,0.0312596875,6.0,139.0,4.008104356107069,5.55,1.5418956438929312,2.3774421766559968,-1.5418956438929312,-27.78190349356633,27.78190349356633,OTM,0.11182300819351458,3-6m,0.2292974292678623,0.027200774170294373,353.2099914550781,0.03805000066757202,0.016987061932428632,0.20209665509756794
2026-11-20,0.3150684931506849,400.0,call,4.72,0.0,0.0,0.062509375,1.0,190.0,3.269996582601415,4.72,1.4500034173985847,2.102509910467574,-1.4500034173985847,-30.72041138556324,30.72041138556324,OTM,0.12440179040037484,3-6m,0.2300294707722909,0.02793281567472297,353.2099914550781,0.03805000066757202,0.016987061932428632,0.20209665509756794
2026-11-20,0.3150684931506849,405.0,call,2.18,0.0,0.0,0.062509375,3.0,87.0,2.65122841748515,2.18,0.47122841748515,0.2220562214455588,0.47122841748515,21.615982453447245,21.615982453447245,OTM,0.13682431039893195,3-6m,0.19080886383822787,-0.011287791259340069,353.2099914550781,0.03805000066757202,0.016987061932428632,0.20209665509756794
2026-11-20,0.3150684931506849,410.0,call,3.22,0.0,0.0,0.062509375,6.0,38.0,2.1364121417048807,3.22,1.0835878582951195,1.174162646644604,-1.0835878582951195,-33.65179684146334,33.65179684146334,OTM,0.14909440299074622,3-6m,0.22792195557852185,0.02582530048095391,353.2099914550781,0.03805000066757202,0.016987061932428632,0.20209665509756794
2026-11-20,0.3150684931506849,415.0,call,2.32,0.0,0.0,0.062509375,1.0,8.0,1.711236966001806,2.32,0.6087630339981938,0.370592431562686,-0.6087630339981938,-26.23978594819801,26.23978594819801,OTM,0.161215763523091,3-6m,0.2189853113771959,0.01688865627962796,353.2099914550781,0.03805000066757202,0.016987061932428632,0.20209665509756794
2026-11-20,0.3150684931506849,420.0,call,1.82,0.0,0.0,0.062509375,1.0,59.0,1.3626172298607244,1.82,0.45738277013927564,0.20919899842027745,-0.45738277013927564,-25.130921436223936,25.130921436223936,OTM,0.17319195456980682,3-6m,0.21672522213866835,0.01462856704110041,353.2099914550781,0.03805000066757202,0.016987061932428632,0.20209665509756794
2026-11-20,0.3150684931506849,425.0,call,1.17,0.0,0.0,0.062509375,1.0,90.0,1.0787711880244792,1.17,0.09122881197552068,0.008322696134464907,-0.09122881197552068,-7.79733435688211,7.79733435688211,OTM,0.1850264122168096,3-6m,0.20567681881929778,0.00358016372172984,353.2099914550781,0.03805000066757202,0.016987061932428632,0.20209665509756794
2026-11-20,0.3150684931506849,430.0,call,1.45,0.0,0.0,0.062509375,2.0,45.0,0.8492411287731798,1.45,0.6007588712268201,0.3609112213577231,-0.6007588712268201,-41.43164629150483,41.43164629150483,OTM,0.19672245198000085,3-6m,0.2263771947606932,0.024280539663125267,353.2099914550781,0.03805000066757202,0.016987061932428632,0.20209665509756794
2026-11-20,0.3150684931506849,435.0,call,0.45,0.7,1.02,0.22290816162109373,43.0,46.0,0.6648663918400768,0.86,0.21486639184007678,0.046167566342373415,0.21486639184007678,47.74808707557261,47.74808707557261,OTM,0.20828327438107697,3-6m,0.18869647987814775,-0.01340017521942019,353.2099914550781,0.03805000066757202,0.016987061932428632,0.20209665509756794
2026-11-20,0.3150684931506849,440.0,call,0.91,0.0,0.0,0.062509375,10.0,24.0,0.5177207309714404,0.91,0.3922792690285596,0.15388302490958103,-0.3922792690285596,-43.107611981160396,43.107611981160396,OTM,0.21971197020469965,3-6m,0.2240456424150247,0.02194898731745676,353.2099914550781,0.03805000066757202,0.016987061932428632,0.20209665509756794
2026-11-20,0.3150684931506849,445.0,call,0.7,0.0,0.0,0.062509375,2.0,8.0,0.40102464791576864,0.7,0.2989753520842313,0.08938626115389008,-0.2989753520842313,-42.71076458346162,42.71076458346162,OTM,0.231011525458633,3-6m,0.2221690547495182,0.020072399651950262,353.2099914550781,0.03805000066757202,0.016987061932428632,0.20209665509756794
2026-11-20,0.3150684931506849,450.0,call,0.63,0.0,0.0,0.062509375,1.0,2.0,0.30904205229597004,0.63,0.32095794770402997,0.10301400419438284,-0.32095794770402997,-50.94570598476666,50.94570598476666,OTM,0.24218482605675817,3-6m,0.22671901113789267,0.024622356040324728,353.2099914550781,0.03805000066757202,0.016987061932428632,0.20209665509756794
2026-11-20,0.3150684931506849,455.0,call,0.61,0.0,0.0,0.062509375,,0.0,0.2369690871558623,0.61,0.3730309128441377,0.13915206193733065,-0.3730309128441377,-61.15260866297339,61.15260866297339,OTM,0.2532346622433433,3-6m,0.23395489729708788,0.03185824219951994,353.2099914550781,0.03805000066757202,0.016987061932428632,0.20209665509756794
2026-11-20,0.3150684931506849,460.0,call,0.5,0.0,0.0,0.12500875,10.0,23.0,0.18082137462683434,0.5,0.31917862537316566,0.10187499489510363,-0.31917862537316566,-63.83572507463313,63.83572507463313,OTM,0.2641637327755335,3-6m,0.23445584018929458,0.03235918509172664,353.2099914550781,0.03805000066757202,0.016987061932428632,0.20209665509756794
2026-11-20,0.3150684931506849,150.0,put,0.95,0.0,1.42,0.7392604199218749,100.0,86.0,4.570689830477173e-14,0.95,0.9499999999999542,0.902499999999913,-0.9499999999999542,-99.99999999999518,99.99999999999518,OTM,-0.8564274626113515,3-6m,0.7870365124745319,0.584939857376964,353.2099914550781,0.03805000066757202,0.016987061932428632,0.20209665509756794
2026-11-20,0.3150684931506849,155.0,put,0.41,0.0,1.31,0.7045927978515626,1.0,33.0,4.3258601585512534e-13,0.41,0.4099999999995674,0.16809999999964526,-0.4099999999995674,-99.99999999989448,99.99999999989448,OTM,-0.8236376397883606,3-6m,0.6697437108422701,0.4676470557447022,353.2099914550781,0.03805000066757202,0.016987061932428632,0.20209665509756794
2026-11-20,0.3150684931506849,160.0,put,0.1,0.0,2.18,0.7376735217285155,1.0,18.0,3.5294459386559915e-12,0.1,0.09999999999647056,0.009999999999294113,-0.09999999999647056,-99.99999999647056,99.99999999647056,OTM,-0.7918889414737803,3-6m,0.544342345969699,0.3422456908721311,353.2099914550781,0.03805000066757202,0.016987061932428632,0.20209665509756794
2026-11-20,0.3150684931506849,170.0,put,0.38,0.0,0.0,0.2500075,2.0,0.0,1.5751045494187057e-10,0.38,0.37999999984248956,0.14439999988029206,-0.37999999984248956,-99.99999995854988,99.99999995854988,OTM,-0.7312643196573454,3-6m,0.5946406737745682,0.3925440186770003,353.2099914550781,0.03805000066757202,0.016987061932428632,0.20209665509756794
2026-11-20,0.3150684931506849,175.0,put,0.1,0.0,0.0,0.2500075,4.0,45.0,8.788506007915518e-10,0.1,0.0999999991211494,0.009999999824229881,-0.0999999991211494,-99.9999991211494,99.9999991211494,OTM,-0.7022767827840931,3-6m,0.487025744391993,0.28492908929442506,353.2099914550781,0.03805000066757202,0.016987061932428632,0.20209665509756794
2026-11-20,0.3150684931506849,180.0,put,0.13,0.0,0.0,0.2500075,1.0,17.0,4.400051012624377e-09,0.13,0.129999995599949,0.016899998855986757,-0.129999995599949,-99.99999661534537,99.99999661534537,OTM,-0.6741059058173969,3-6m,0.48287599764448863,0.2807793425469207,353.2099914550781,0.03805000066757202,0.016987061932428632,0.20209665509756794
2026-11-20,0.3150684931506849,185.0,put,0.34,0.0,0.0,0.2500075,1.0,18.0,1.9920249703201762e-08,0.34,0.3399999800797503,0.1155999864542306,-0.3399999800797503,-99.99999414110302,99.99999414110302,OTM,-0.6467069316292824,3-6m,0.524043195127516,0.32194654002994805,353.2099914550781,0.03805000066757202,0.016987061932428632,0.20209665509756794
2026-11-20,0.3150684931506849,190.0,put,0.41,0.0,1.92,0.5800823242187501,1.0,27.0,8.21256663959813e-08,0.41,0.4099999178743336,0.1680999326569603,-0.4099999178743336,-99.99997996934967,99.99997996934967,OTM,-0.620038684547121,3-6m,0.5178996335916235,0.3158029784940556,353.2099914550781,0.03805000066757202,0.016987061932428632,0.20209665509756794
2026-11-20,0.3150684931506849,195.0,put,0.29,0.0,0.0,0.2500075,1.0,25.0,3.1030786187431487e-07,0.29,0.28999968969213813,0.0840998200215364,-0.28999968969213813,-99.99989299728902,99.99989299728902,OTM,-0.5940631981438604,3-6m,0.4751919509796372,0.27309529588206927,353.2099914550781,0.03805000066757202,0.016987061932428632,0.20209665509756794
2026-11-20,0.3150684931506849,200.0,put,0.13,0.0,0.0,0.2500075,5.0,53.0,1.080884291842303e-06,0.13,0.12999891911570816,0.01689971897125243,-0.12999891911570816,-99.99916855054474,99.99916855054474,OTM,-0.5687453901595705,3-6m,0.413481791600571,0.21138513650300308,353.2099914550781,0.03805000066757202,0.016987061932428632,0.20209665509756794
2026-11-20,0.3150684931506849,205.0,put,0.8,0.0,2.39,0.5376022802734376,2.0,43.0,3.4895326263138695e-06,0.8,0.7999965104673737,0.6399944167599748,-0.7999965104673737,-99.99956380842171,99.99956380842171,OTM,-0.5440527775691991,3-6m,0.5113570141031328,0.3092603590055649,353.2099914550781,0.03805000066757202,0.016987061932428632,0.20209665509756794
2026-11-20,0.3150684931506849,210.0,put,0.84,0.0,2.44,0.5188036401367188,4.0,68.0,1.049288890294552e-05,0.84,0.839989507111097,0.7055823720567437,-0.839989507111097,-99.99875084655918,99.99875084655918,OTM,-0.5199552259901384,3-6m,0.4956704876763349,0.293573832578767,353.2099914550781,0.03805000066757202,0.016987061932428632,0.20209665509756794
2026-11-20,0.3150684931506849,215.0,put,0.99,0.0,1.1,0.48901878173828134,4.0,76.0,2.952090903045367e-05,0.99,0.9899704790909696,0.9800415494716038,-0.9899704790909696,-99.99701808999693,99.99701808999693,OTM,-0.49642472857994446,3-6m,0.49004143491320157,0.2879447798156336,353.2099914550781,0.03805000066757202,0.016987061932428632,0.20209665509756794
2026-11-20,0.3150684931506849,220.0,put,0.27,0.0,0.0,0.12500875,10.0,282.0,7.80341574209034e-05,0.27,0.2699219658425791,0.07285786764432244,-0.2699219658425791,-99.97109846021448,99.97109846021448,OTM,-0.47343521035524566,3-6m,0.3843825549115877,0.18228589981401974,353.2099914550781,0.03805000066757202,0.016987061932428632,0.20209665509756794
2026-11-20,0.3150684931506849,225.0,put,0.7,0.0,0.0,0.12500875,1.0,54.0,0.00019455190002075958,0.7,0.6998054480999792,0.4897276651904127,-0.6998054480999792,-99.97220687142561,99.97220687142561,OTM,-0.45096235450318717,3-6m,0.42510125042803376,0.22300459533046582,353.2099914550781,0.03805000066757202,0.016987061932428632,0.20209665509756794
2026-11-20,0.3150684931506849,230.0,put,0.7,0.0,0.0,0.12500875,20.0,254.0,0.0004591268133465054,0.7,0.6995408731866535,0.4893574332587456,-0.6995408731866535,-99.93441045523622,99.93441045523622,OTM,-0.42898344778441183,3-6m,0.40724541796994224,0.2051487628723743,353.2099914550781,0.03805000066757202,0.016987061932428632,0.20209665509756794
2026-11-20,0.3150684931506849,235.0,put,0.95,0.0,0.0,0.12500875,30.0,295.0,0.0010289977545211298,0.95,0.9489710022454788,0.9005459631027886,-0.9489710022454788,-99.89168444689251,99.89168444689251,OTM,-0.4074772425634483,3-6m,0.4111877887507392,0.20909113365317125,353.2099914550781,0.03805000066757202,0.016987061932428632,0.20209665509756794
2026-11-20,0.3150684931506849,240.0,put,0.79,0.0,0.0,0.12500875,10.0,348.0,0.0021969339176061975,0.79,0.7878030660823938,0.6206336709288206,-0.7878030660823938,-99.72190709903718,99.72190709903718,OTM,-0.3864238333656159,3-6m,0.38041044806078295,0.178313792963215,353.2099914550781,0.03805000066757202,0.016987061932428632,0.20209665509756794
2026-11-20,0.3150684931506849,245.0,put,0.93,0.0,0.0,0.12500875,3.0,202.0,0.004481094578826311,0.93,0.9255189054211738,0.8565852442920076,-0.9255189054211738,-99.51816187324448,99.51816187324448,OTM,-0.36580454616288016,3-6m,0.3740998672293617,0.1720032121317938,353.2099914550781,0.03805000066757202,0.016987061932428632,0.20209665509756794
2026-11-20,0.3150684931506849,250.0,put,1.3,0.0,0.0,0.12500875,1.0,160.0,0.008755390727781143,1.3,1.291244609272219,1.6673126409745653,-1.291244609272219,-99.3265084055553,99.3265084055553,OTM,-0.3456018388453608,3-6m,0.3807751093339351,0.17867845423636716,353.2099914550781,0.03805000066757202,0.016987061932428632,0.20209665509756794
2026-11-20,0.3150684931506849,255.0,put,1.38,0.0,0.0,0.12500875,3.0,573.0,0.016427617096492042,1.38,1.3635723829035078,1.8593296434171505,-1.3635723829035078,-98.80959296402231,98.80959296402231,OTM,-0.325799211549181,3-6m,0.36735858847894326,0.16526193338137532,353.2099914550781,0.03805000066757202,0.016987061932428632,0.20209665509756794
2026-11-20,0.3150684931506849,260.0,put,1.53,0.0,0.0,0.12500875,1.0,1274.0,0.029668450155133974,1.53,1.5003315498448662,2.250994759459898,-1.5003315498448662,-98.06088561077556,98.06088561077556,OTM,-0.3063811256920795,3-6m,0.35732028220826556,0.15522362711069762,353.2099914550781,0.03805000066757202,0.016987061932428632,0.20209665509756794
2026-11-20,0.3150684931506849,265.0,put,1.44,0.0,0.0,0.12500875,1.0,1175.0,0.051687605360783984,1.44,1.388312394639216,1.9274113051088742,-1.388312394639216,-96.41058296105666,96.41058296105666,OTM,-0.28733293072138494,3-6m,0.3350113865592643,0.13291473146169638,353.2099914550781,0.03805000066757202,0.016987061932428632,0.20209665509756794
2026-11-20,0.3150684931506849,270.0,put,1.7,0.0,0.0,0.12500875,2.0,971.0,0.08704444746951712,1.7,1.6129555525304828,2.601625614438915,-1.6129555525304828,-94.87973838414605,94.87973838414605,OTM,-0.2686407977092325,3-6m,0.32955939260749695,0.127462737509929,353.2099914550781,0.03805000066757202,0.016987061932428632,0.20209665509756794
2026-11-20,0.3150684931506849,275.0,put,2.55,0.0,0.0,0.062509375,11.0,398.0,0.1419702712823816,2.55,2.4080297287176182,5.798607174387846,-2.4080297287176182,-94.43253838108308,94.43253838108308,OTM,-0.2502916590410359,3-6m,0.34449620607730425,0.1423995509797363,353.2099914550781,0.03805000066757202,0.016987061932428632,0.20209665509756794
2026-11-20,0.3150684931506849,280.0,put,2.69,0.0,0.0,0.062509375,1.0,921.0,0.22467002422165638,2.69,2.4653299757783436,6.077851889471248,-2.4653299757783436,-91.64795448990125,91.64795448990125,OTM,-0.23227315353835765,3-6m,0.33036641044928977,0.12826975535172183,353.2099914550781,0.03805000066757202,0.016987061932428632,0.20209665509756794
2026-11-20,0.3150684931506849,285.0,put,2.77,0.0,0.0,0.062509375,13.0,479.0,0.34556443001587134,2.77,2.4244355699841287,5.877887833004267,-2.4244355699841287,-87.5247498189216,87.5247498189216,OTM,-0.21457357643895666,3-6m,0.31408052581796114,0.1119838707203932,353.2099914550781,0.03805000066757202,0.016987061932428632,0.20209665509756794
2026-11-20,0.3150684931506849,290.0,put,3.1,0.0,0.0,0.062509375,1.0,436.0,0.517431166665542,3.1,2.582568833334458,6.669661778910504,-2.582568833334458,-83.30867204304703,83.30867204304703,OTM,-0.19718183372708756,3-6m,0.3050155196295317,0.10291886453196378,353.2099914550781,0.03805000066757202,0.016987061932428632,0.20209665509756794
2026-11-20,0.3150684931506849,295.0,put,3.55,0.0,0.0,0.062509375,6.0,295.0,0.7554072342924432,3.55,2.7945927657075567,7.809748726145011,-2.7945927657075567,-78.72092297767766,78.72092297767766,OTM,-0.1800874003677874,3-6m,0.2980505256478248,0.09595387055025686,353.2099914550781,0.03805000066757202,0.016987061932428632,0.20209665509756794
2026-11-20,0.3150684931506849,300.0,put,4.3,0.0,0.0,0.062509375,1.0,212.0,1.0768242469699771,4.3,3.2231757530300227,10.388861934920653,-3.2231757530300227,-74.95757565186099,74.95757565186099,OTM,-0.1632802820514062,3-6m,0.29674675334864564,0.0946500982510777,353.2099914550781,0.03805000066757202,0.016987061932428632,0.20209665509756794
2026-11-20,0.3150684931506849,305.0,put,4.91,0.0,0.0,0.062509375,5.0,261.0,1.5008633021462146,4.91,3.4091366978537856,11.622213024653414,-3.4091366978537856,-69.43251930455774,69.43251930455774,OTM,-0.1467509801001956,3-6m,0.2900122275481052,0.08791557245053724,353.2099914550781,0.03805000066757202,0.016987061932428632,0.20209665509756794
2026-11-20,0.3150684931506849,310.0,put,5.75,0.0,0.0,0.062509375,134.0,465.0,2.0480344869042355,5.75,3.7019655130957645,13.704548660150387,-3.7019655130957645,-64.3820089234046,64.3820089234046,OTM,-0.13049045922841523,3-6m,0.2862604302156775,0.08416377511810955,353.2099914550781,0.03805000066757202,0.016987061932428632,0.20209665509756794
2026-11-20,0.3150684931506849,315.0,put,7.65,0.0,0.0,0.0312596875,11.0,198.0,2.739505415063938,7.65,4.910494584936062,24.112957068686388,-4.910494584936062,-64.18947169851062,64.18947169851062,OTM,-0.11449011788197416,3-6m,0.2994094061541482,0.09731275105658024,353.2099914550781,0.03805000066757202,0.016987061932428632,0.20209665509756794
2026-11-20,0.3150684931506849,320.0,put,7.65,0.0,0.0,0.0312596875,4.0,542.0,3.5963206500503304,7.65,4.05367934994967,16.43231627220838,-4.05367934994967,-52.9892725483617,52.9892725483617,OTM,-0.09874176091383494,3-6m,0.27658957414514684,0.0744929190475789,353.2099914550781,0.03805000066757202,0.016987061932428632,0.20209665509756794
2026-11-20,0.3150684931506849,325.0,put,8.54,0.0,0.0,0.0312596875,25.0,136.0,4.638566927168014,8.54,3.901433072831985,15.221180021787223,-3.901433072831985,-45.684228019109895,45.684228019109895,OTM,-0.08323757437786976,3-6m,0.26791800468633914,0.0658213495887712,353.2099914550781,0.03805000066757202,0.016987061932428632,0.20209665509756794
2026-11-20,0.3150684931506849,330.0,put,10.13,0.0,0.0,0.0312596875,24.0,338.0,5.884545938783603,10.13,4.245454061216398,18.023880185898804,-4.245454061216398,-41.90971432592692,41.90971432592692,OTM,-0.06797010224708126,3-6m,0.26814983712723633,0.0660531820296684,353.2099914550781,0.03805000066757202,0.016987061932428632,0.20209665509756794
2026-11-20,0.3150684931506849,335.0,put,13.2,0.0,0.0,0.015634843750000002,3.0,163.0,7.350016284382008,13.2,5.8499837156179915,34.22230947299568,-5.8499837156179915,-44.31805845165145,44.31805845165145,OTM,-0.05293222488254081,3-6m,0.2867077118534404,0.08461105675587247,353.2099914550781,0.03805000066757202,0.016987061932428632,0.20209665509756794
2026-11-20,0.3150684931506849,340.0,put,14.95,0.0,0.0,0.015634843750000002,12.0,226.0,9.047559289138732,14.95,5.902440710861267,34.83880634523246,-5.902440710861267,-39.48120876830279,39.48120876830279,OTM,-0.03811713909740012,3-6m,0.2833843677464226,0.08128771264885468,353.2099914550781,0.03805000066757202,0.016987061932428632,0.20209665509756794
2026-11-20,0.3150684931506849,345.0,put,18.65,0.0,0.0,0.007822421875,8.0,125.0,10.98611098182215,18.65,7.663889018177848,58.73519488294701,-7.663889018177848,-41.09323870336648,41.09323870336648,OTM,-0.023518339676247498,3-6m,0.30360289399282797,0.10150623889526003,353.2099914550781,0.03805000066757202,0.016987061932428632,0.20209665509756794
2026-11-20,0.3150684931506849,350.0,put,18.8,0.0,0.0,0.0039162109375,3.0,37.0,13.170686482868092,18.8,5.629313517131909,31.689170674164018,-5.629313517131909,-29.943157006020787,29.943157006020787,OTM,-0.00912960222414784,3-6m,0.2748950290593438,0.07279837396177588,353.2099914550781,0.03805000066757202,0.016987061932428632,0.20209665509756794
2026-11-20,0.3150684931506849,355.0,put,23.3,0.0,0.0,1.0000000000000003e-05,4.0,41.0,15.602305577106733,23.3,7.697694422893267,59.25449942824211,-7.697694422893267,-33.0373151197136,33.0373151197136,ITM,0.005055032767808532,3-6m,0.3002723771239919,0.09817572202642397,353.2099914550781,0.03805000066757202,0.016987061932428632,0.20209665509756794
2026-11-20,0.3150684931506849,360.0,put,26.45,0.0,0.0,1.0000000000000003e-05,5.0,11.0,18.278111464440258,26.45,8.171888535559741,66.77976223761273,-8.171888535559741,-30.89560883009354,30.89560883009354,ITM,0.019041274742548363,3-6m,0.30600294128107425,0.10390628618350631,353.2099914550781,0.03805000066757202,0.016987061932428632,0.20209665509756794
2026-11-20,0.3150684931506849,365.0,put,30.94,0.0,0.0,1.0000000000000003e-05,5.0,6.0,21.191660369489256,30.94,9.748339630510745,95.03012555178638,-9.748339630510745,-31.507238624792322,31.507238624792322,ITM,0.03283459687488434,3-6m,0.32677710234675056,0.12468044724918262,353.2099914550781,0.03805000066757202,0.016987061932428632,0.20209665509756794
2026-11-20,0.3150684931506849,370.0,put,34.41,0.0,0.0,1.0000000000000003e-05,,7.0,24.33334906963239,34.41,10.076650930367606,101.53889397247833,-10.076650930367606,-29.28407710074864,29.28407710074864,ITM,0.046440248930662904,3-6m,0.33280770914017965,0.1307110540426117,353.2099914550781,0.03805000066757202,0.016987061932428632,0.20209665509756794
2026-11-20,0.3150684931506849,375.0,put,37.67,0.0,0.0,1.0000000000000003e-05,5.0,3.0,27.690941063550866,37.67,9.979058936449135,99.58161725712534,-9.979058936449135,-26.490732509819843,26.490732509819843,ITM,0.05986326926280354,3-6m,0.33446293831514223,0.1323662832175743,353.2099914550781,0.03805000066757202,0.016987061932428632,0.20209665509756794
2026-11-20,0.3150684931506849,380.0,put,33.65,0.0,0.0,1.0000000000000003e-05,2.0,2.0,31.25015004567507,33.65,2.399849954324928,5.759279803273359,-2.399849954324928,-7.131797784026532,7.131797784026532,ITM,0.07310849601282432,3-6m,0.2363320207163117,0.03423536561874377,353.2099914550781,0.03805000066757202,0.016987061932428632,0.20209665509756794
2026-11-20,0.3150684931506849,385.0,put,41.2,0.0,0.0,1.0000000000000003e-05,,2.0,34.99524108574468,41.2,6.204758914255322,38.499033184030885,-6.204758914255322,-15.060094452076022,15.060094452076022,ITM,0.08618057758017704,3-6m,0.29210422018196086,0.09000756508439292,353.2099914550781,0.03805000066757202,0.016987061932428632,0.20209665509756794
2026-11-20,0.3150684931506849,390.0,put,58.55,0.0,0.0,1.0000000000000003e-05,,1.0,38.90961461690887,58.55,19.64038538309113,385.74473799633967,-19.64038538309113,-33.54463771663728,33.54463771663728,ITM,0.09908398241608488,3-6m,0.4771275710169743,0.2750309159194063,353.2099914550781,0.03805000066757202,0.016987061932428632,0.20209665509756794
2026-11-20,0.3150684931506849,395.0,put,58.75,0.0,0.0,1.0000000000000003e-05,1.0,1.0,42.976345027995876,58.75,15.773654972004124,248.80819117583042,-15.773654972004124,-26.84877442043255,26.84877442043255,ITM,0.11182300819351458,3-6m,0.4345009295422445,0.23240427444467657,353.2099914550781,0.03805000066757202,0.016987061932428632,0.20209665509756794
2026-11-20,0.3150684931506849,400.0,put,50.8,0.0,0.0,1.0000000000000003e-05,4.0,4.0,47.17865334281879,50.8,3.6213466571812063,13.114151611477498,-3.6213466571812063,-7.128635151931509,7.128635151931509,ITM,0.12440179040037484,3-6m,0.2673226437062564,0.06522598860868847,353.2099914550781,0.03805000066757202,0.016987061932428632,0.20209665509756794
2026-11-20,0.3150684931506849,410.0,put,77.05,0.0,0.0,1.0000000000000003e-05,,0.0,55.925901078579045,77.05,21.124098921420952,446.2275552419778,-21.124098921420952,-27.416092045971386,27.416092045971386,ITM,0.14909440299074622,3-6m,0.5360018407606342,0.33390518566306626,353.2099914550781,0.03805000066757202,0.016987061932428632,0.20209665509756794
2026-11-20,0.3150684931506849,435.0,put,86.75,0.0,0.0,1.0000000000000003e-05,,,79.1564357703565,86.75,7.593564229643505,57.662217709721354,-7.593564229643505,-8.75338816097234,8.75338816097234,ITM,0.20828327438107697,3-6m,0.391258438895634,0.18916178379806606,353.2099914550781,0.03805000066757202,0.016987061932428632,0.20209665509756794
2026-12-18,0.3917808219178082,100.0,call,194.8,0.0,0.0,1.0000000000000003e-05,2.0,0.0,252.34678108557875,194.8,57.54678108557874,3311.632013311523,57.54678108557874,29.541468729763213,29.541468729763213,ITM,-1.2618925707195159,3-6m,0.0,-0.20209665509756794,353.2099914550781,0.03805000066757202,0.016987061932428632,0.20209665509756794
2026-12-18,0.3917808219178082,105.0,call,205.7,197.0,201.5,1.0000000000000003e-05,135.0,0.0,247.42076457261268,199.25,41.720764572612694,1740.6221965233744,41.720764572612694,20.282335718333833,20.282335718333833,ITM,-1.2131024065500837,3-6m,0.0,-0.20209665509756794,353.2099914550781,0.03805000066757202,0.016987061932428632,0.20209665509756794
2026-12-18,0.3917808219178082,110.0,call,127.32,152.75,156.35,1.0000000000000003e-05,,0.0,242.4947480596466,154.55,115.17474805964662,13265.222590603073,115.17474805964662,90.4608451615195,90.4608451615195,ITM,-1.166582390915191,3-6m,0.0,-0.20209665509756794,353.2099914550781,0.03805000066757202,0.016987061932428632,0.20209665509756794
2026-12-18,0.3917808219178082,115.0,call,221.54,194.5,199.0,1.0000000000000003e-05,60.0,0.0,237.56873154668057,196.75,16.028731546680575,256.9202349955531,16.028731546680575,7.235141079119154,7.235141079119154,ITM,-1.122130628344357,3-6m,0.0,-0.20209665509756794,353.2099914550781,0.03805000066757202,0.016987061932428632,0.20209665509756794
2026-12-18,0.3917808219178082,120.0,call,168.32,194.2,198.65,1.0000000000000003e-05,1.0,6.0,232.64271503371452,196.425,64.32271503371453,4137.411669308445,64.32271503371453,38.21454077573345,38.21454077573345,ITM,-1.0795710139255612,3-6m,0.0,-0.20209665509756794,353.2099914550781,0.03805000066757202,0.016987061932428632,0.20209665509756794
2026-12-18,0.3917808219178082,125.0,call,138.48,170.55,175.2,1.0000000000000003e-05,2.0,0.0,227.71669852074848,172.875,89.23669852074849,7963.1883628829555,89.23669852074849,64.4401346914706,64.4401346914706,ITM,-1.0387490194053062,3-6m,0.0,-0.20209665509756794,353.2099914550781,0.03805000066757202,0.016987061932428632,0.20209665509756794
2026-12-18,0.3917808219178082,130.0,call,158.9,179.65,183.75,1.0000000000000003e-05,5.0,5.0,222.7906820077824,181.7,63.8906820077824,4082.01924741957,63.8906820077824,40.20810699042316,40.20810699042316,ITM,-0.9995283062520248,3-6m,0.0,-0.20209665509756794,353.2099914550781,0.03805000066757202,0.016987061932428632,0.20209665509756794
2026-12-18,0.3917808219178082,135.0,call,192.94,171.1,175.5,1.0000000000000003e-05,21.0,0.0,217.86466549481636,173.3,24.924665494816367,621.2389500284896,24.924665494816367,12.918350520792146,12.918350520792146,ITM,-0.9617879782691778,3-6m,0.0,-0.20209665509756794,353.2099914550781,0.03805000066757202,0.016987061932428632,0.20209665509756794
2026-12-18,0.3917808219178082,140.0,call,170.5,169.5,173.6,1.0000000000000003e-05,4.0,57.0,212.93864898185058,171.55,42.43864898185058,1801.038927404727,42.43864898185058,24.89070321516163,24.89070321516163,ITM,-0.9254203340983029,3-6m,0.0,-0.20209665509756794,353.2099914550781,0.03805000066757202,0.016987061932428632,0.20209665509756794
2026-12-18,0.3917808219178082,145.0,call,177.21,161.55,166.0,1.0000000000000003e-05,6.0,147.0,208.01263246888655,163.775,30.802632468886543,948.8021670133035,30.802632468886543,17.381994508710875,17.381994508710875,ITM,-0.8903290142870328,3-6m,0.0,-0.20209665509756794,353.2099914550781,0.03805000066757202,0.016987061932428632,0.20209665509756794
2026-12-18,0.3917808219178082,150.0,call,193.31,0.0,0.0,1.0000000000000003e-05,1.0,141.0,203.0866159559347,193.31,9.776615955934687,95.58221954983672,9.776615955934687,5.057480707637829,5.057480707637829,ITM,-0.8564274626113515,3-6m,0.0,-0.20209665509756794,353.2099914550781,0.03805000066757202,0.016987061932428632,0.20209665509756794
2026-12-18,0.3917808219178082,155.0,call,195.6,0.0,0.0,1.0000000000000003e-05,1.0,76.0,198.16059944305476,195.6,2.5605994430547696,6.556669507772396,2.5605994430547696,1.3090999197621522,1.3090999197621522,ITM,-0.8236376397883606,3-6m,0.0,-0.20209665509756794,353.2099914550781,0.03805000066757202,0.016987061932428632,0.20209665509756794
2026-12-18,0.3917808219178082,160.0,call,178.35,0.0,0.0,1.0000000000000003e-05,1.0,68.0,193.2345829305525,178.35,14.884582930552511,221.55080901649518,14.884582930552511,8.345715127867964,8.345715127867964,ITM,-0.7918889414737803,3-6m,0.0,-0.20209665509756794,353.2099914550781,0.03805000066757202,0.016987061932428632,0.20209665509756794
2026-12-18,0.3917808219178082,165.0,call,134.37,0.0,0.0,1.0000000000000003e-05,1.0,0.0,188.30856641981921,134.37,53.93856641981921,2909.3689474252487,53.93856641981921,40.1418221476663,40.1418221476663,ITM,-0.7611172828070266,3-6m,0.0,-0.20209665509756794,353.2099914550781,0.03805000066757202,0.016987061932428632,0.20209665509756794
2026-12-18,0.3917808219178082,170.0,call,165.02,0.0,0.0,1.0000000000000003e-05,9.0,166.0,183.38254991654867,165.02,18.36254991654866,337.1832394377412,18.36254991654866,11.127469347078328,11.127469347078328,ITM,-0.7312643196573454,3-6m,0.0,-0.20209665509756794,353.2099914550781,0.03805000066757202,0.016987061932428632,0.20209665509756794
2026-12-18,0.3917808219178082,175.0,call,160.1,0.0,0.0,1.0000000000000003e-05,2.0,33.0,178.4565334418476,160.1,18.356533441847603,336.9623200016694,18.356533441847603,11.465667359055342,11.465667359055342,ITM,-0.7022767827840931,3-6m,0.0,-0.20209665509756794,353.2099914550781,0.03805000066757202,0.016987061932428632,0.20209665509756794
2026-12-18,0.3917808219178082,180.0,call,154.7,0.0,0.0,1.0000000000000003e-05,40.0,65.0,173.5305170670953,154.7,18.830517067095315,354.5883730141679,18.830517067095315,12.172279939945259,12.172279939945259,ITM,-0.6741059058173969,3-6m,0.0,-0.20209665509756794,353.2099914550781,0.03805000066757202,0.016987061932428632,0.20209665509756794
2026-12-18,0.3917808219178082,185.0,call,150.35,0.0,0.0,1.0000000000000003e-05,20.0,169.0,168.60450101391035,150.35,18.254501013910357,333.2268072668542,18.254501013910357,12.141337554978621,12.141337554978621,ITM,-0.6467069316292824,3-6m,0.0,-0.20209665509756794,353.2099914550781,0.03805000066757202,0.016987061932428632,0.20209665509756794
2026-12-18,0.3917808219178082,190.0,call,144.85,0.0,0.0,1.0000000000000003e-05,5.0,152.0,163.67848591766264,144.85,18.828485917662647,354.5118819516206,18.828485917662647,12.998609539290747,12.998609539290747,ITM,-0.620038684547121,3-6m,0.0,-0.20209665509756794,353.2099914550781,0.03805000066757202,0.016987061932428632,0.20209665509756794
2026-12-18,0.3917808219178082,195.0,call,139.49,0.0,0.0,1.0000000000000003e-05,20.0,63.0,158.75247346924692,139.49,19.262473469246913,371.0428841534412,19.262473469246913,13.80921461699542,13.80921461699542,ITM,-0.5940631981438604,3-6m,0.0,-0.20209665509756794,353.2099914550781,0.03805000066757202,0.016987061932428632,0.20209665509756794
2026-12-18,0.3917808219178082,200.0,call,141.6,0.0,0.0,1.0000000000000003e-05,1.0,173.0,153.82646786583777,141.6,12.226467865837776,149.48651647436375,12.226467865837776,8.634511204687694,8.634511204687694,ITM,-0.5687453901595705,3-6m,0.0,-0.20209665509756794,353.2099914550781,0.03805000066757202,0.016987061932428632,0.20209665509756794
2026-12-18,0.3917808219178082,205.0,call,135.55,0.0,0.0,1.0000000000000003e-05,2.0,4.0,148.9004788674343,135.55,13.350478867434276,178.2352859898092,13.350478867434276,9.849117570958521,9.849117570958521,ITM,-0.5440527775691991,3-6m,0.0,-0.20209665509756794,353.2099914550781,0.03805000066757202,0.016987061932428632,0.20209665509756794
2026-12-18,0.3917808219178082,210.0,call,139.94,0.0,0.0,1.0000000000000003e-05,2.0,153.0,143.97452782092583,139.94,4.034527820925831,16.277414737824536,4.034527820925831,2.8830411754507868,2.8830411754507868,ITM,-0.5199552259901384,3-6m,0.0,-0.20209665509756794,353.2099914550781,0.03805000066757202,0.016987061932428632,0.20209665509756794
2026-12-18,0.3917808219178082,215.0,call,125.8,0.0,0.0,1.0000000000000003e-05,10.0,56.0,139.04865880261244,125.8,13.24865880261244,175.52696006804007,13.24865880261244,10.531525280296057,10.531525280296057,ITM,-0.49642472857994446,3-6m,0.0,-0.20209665509756794,353.2099914550781,0.03805000066757202,0.016987061932428632,0.20209665509756794
2026-12-18,0.3917808219178082,220.0,call,123.27,0.0,0.0,1.0000000000000003e-05,1.0,160.0,134.12295801551642,123.27,10.852958015516421,117.78669768656214,10.852958015516421,8.804216772545162,8.804216772545162,ITM,-0.47343521035524566,3-6m,0.0,-0.20209665509756794,353.2099914550781,0.03805000066757202,0.016987061932428632,0.20209665509756794
2026-12-18,0.3917808219178082,225.0,call,114.49,125.85,129.5,0.4161435339355468,8.0,8.0,129.1975856466201,127.675,14.707585646620103,216.31307555266568,14.707585646620103,12.846174903153203,12.846174903153203,ITM,-0.45096235450318717,3-6m,0.0,-0.20209665509756794,353.2099914550781,0.03805000066757202,0.016987061932428632,0.20209665509756794
2026-12-18,0.3917808219178082,230.0,call,109.67,0.0,0.0,1.0000000000000003e-05,4.0,196.0,124.27282532428853,109.67,14.602825324288531,213.24250745168246,14.602825324288531,13.315241473774533,13.315241473774533,ITM,-0.42898344778441183,3-6m,0.0,-0.20209665509756794,353.2099914550781,0.03805000066757202,0.016987061932428632,0.20209665509756794
2026-12-18,0.3917808219178082,235.0,call,111.93,0.0,0.0,1.0000000000000003e-05,1.0,5.0,119.34915680294802,111.93,7.4191568029480095,55.04388766672973,7.4191568029480095,6.628389889170025,6.628389889170025,ITM,-0.4074772425634483,3-6m,0.0,-0.20209665509756794,353.2099914550781,0.03805000066757202,0.016987061932428632,0.20209665509756794
2026-12-18,0.3917808219178082,240.0,call,105.3,0.0,0.0,1.0000000000000003e-05,25.0,311.0,114.42735717198002,105.3,9.127357171980023,83.30864894489517,9.127357171980023,8.66795552894589,8.66795552894589,ITM,-0.3864238333656159,3-6m,0.0,-0.20209665509756794,353.2099914550781,0.03805000066757202,0.016987061932428632,0.20209665509756794
2026-12-18,0.3917808219178082,245.0,call,100.28,0.0,0.0,1.0000000000000003e-05,3.0,20.0,109.50863439704898,100.28,9.228634397048978,85.16769283439555,9.228634397048978,9.202866371209591,9.202866371209591,ITM,-0.36580454616288016,3-6m,0.0,-0.20209665509756794,353.2099914550781,0.03805000066757202,0.016987061932428632,0.20209665509756794
2026-12-18,0.3917808219178082,250.0,call,95.93,0.0,0.0,1.0000000000000003e-05,25.0,303.0,104.59479414459312,95.93,8.664794144593117,75.07865756817516,8.664794144593117,9.032413368699173,9.032413368699173,ITM,-0.3456018388453608,3-6m,0.0,-0.20209665509756794,353.2099914550781,0.03805000066757202,0.016987061932428632,0.20209665509756794
2026-12-18,0.3917808219178082,255.0,call,94.25,0.0,0.0,1.0000000000000003e-05,1.0,31.0,99.68843663773995,94.25,5.4384366377399544,29.57659306271226,5.4384366377399544,5.770224549326212,5.770224549326212,ITM,-0.325799211549181,3-6m,0.0,-0.20209665509756794,353.2099914550781,0.03805000066757202,0.016987061932428632,0.20209665509756794
2026-12-18,0.3917808219178082,260.0,call,96.0,0.0,0.0,1.0000000000000003e-05,1.0,282.0,94.7931750695488,96.0,1.206824930451205,1.456426412758556,-1.206824930451205,-1.2571093025533386,1.2571093025533386,ITM,-0.3063811256920795,3-6m,0.3102658425154469,0.10816918741787898,353.2099914550781,0.03805000066757202,0.016987061932428632,0.20209665509756794
2026-12-18,0.3917808219178082,265.0,call,84.74,0.0,0.0,1.0000000000000003e-05,2.0,7.0,89.91386148816036,84.74,5.1738614881603695,26.768842698669033,5.1738614881603695,6.10557173490721,6.10557173490721,ITM,-0.28733293072138494,3-6m,0.0,-0.20209665509756794,353.2099914550781,0.03805000066757202,0.016987061932428632,0.20209665509756794
2026-12-18,0.3917808219178082,270.0,call,76.9,0.0,0.0,1.0000000000000003e-05,7.0,143.0,85.05680093269206,76.9,8.15680093269205,66.53340145556591,8.15680093269205,10.607023319495514,10.607023319495514,ITM,-0.2686407977092325,3-6m,0.0,-0.20209665509756794,353.2099914550781,0.03805000066757202,0.016987061932428632,0.20209665509756794
2026-12-18,0.3917808219178082,275.0,call,71.25,0.0,0.0,1.0000000000000003e-05,6.0,32.0,80.2299308949103,71.25,8.979930894910297,80.63915887736444,8.979930894910297,12.60341178233024,12.60341178233024,ITM,-0.2502916590410359,3-6m,0.0,-0.20209665509756794,353.2099914550781,0.03805000066757202,0.016987061932428632,0.20209665509756794
2026-12-18,0.3917808219178082,280.0,call,79.07,0.0,0.0,1.0000000000000003e-05,15.0,680.0,75.44294177433682,79.07,3.627058225663177,13.155551372350914,-3.627058225663177,-4.5871483820199535,4.5871483820199535,ITM,-0.23227315353835765,3-6m,0.3349867006757705,0.13289004557820258,353.2099914550781,0.03805000066757202,0.016987061932428632,0.20209665509756794
2026-12-18,0.3917808219178082,285.0,call,63.13,0.0,0.0,1.0000000000000003e-05,4.0,36.0,70.70731547205474,63.13,7.577315472054742,57.415709763040184,7.577315472054742,12.002717364255888,12.002717364255888,ITM,-0.21457357643895666,3-6m,0.0,-0.20209665509756794,353.2099914550781,0.03805000066757202,0.016987061932428632,0.20209665509756794
2026-12-18,0.3917808219178082,290.0,call,63.48,0.0,0.0,1.0000000000000003e-05,2.0,270.0,66.03626380307594,63.48,2.556263803075943,6.534484630916284,2.556263803075943,4.02688059715807,4.02688059715807,ITM,-0.19718183372708756,3-6m,0.0010000013965182006,-0.20109665370104973,353.2099914550781,0.03805000066757202,0.016987061932428632,0.20209665509756794
2026-12-18,0.3917808219178082,295.0,call,65.9,0.0,0.0,1.0000000000000003e-05,1.0,45.0,61.444555691096014,65.9,4.455444308903992,19.85098398974497,-4.455444308903992,-6.760917008959017,6.760917008959017,ITM,-0.1800874003677874,3-6m,0.3145382500423366,0.11244159494476866,353.2099914550781,0.03805000066757202,0.016987061932428632,0.20209665509756794
2026-12-18,0.3917808219178082,300.0,call,56.9,0.0,0.0,1.0000000000000003e-05,1.0,1965.0,56.948231385580414,56.9,0.048231385580415065,0.0023262665550066704,0.048231385580415065,0.08476517676698606,0.08476517676698606,ITM,-0.1632802820514062,3-6m,0.20057901172399234,-0.0015176433735756,353.2099914550781,0.03805000066757202,0.016987061932428632,0.20209665509756794
2026-12-18,0.3917808219178082,305.0,call,50.16,0.0,0.0,1.0000000000000003e-05,3.0,36.0,52.564212119021704,50.16,2.4042121190217074,5.7802359132508485,2.4042121190217074,4.7930863616860195,4.7930863616860195,ITM,-0.1467509801001956,3-6m,0.0010000013965182006,-0.20109665370104973,353.2099914550781,0.03805000066757202,0.016987061932428632,0.20209665509756794
2026-12-18,0.3917808219178082,310.0,call,53.0,0.0,0.0,1.0000000000000003e-05,1.0,947.0,48.30982345552934,53.0,4.69017654447066,21.997756018302738,-4.69017654447066,-8.849389706548415,8.849389706548415,ITM,-0.13049045922841523,3-6m,0.2893656608605855,0.08726900576301758,353.2099914550781,0.03805000066757202,0.016987061932428632,0.20209665509756794
2026-12-18,0.3917808219178082,315.0,call,49.0,0.0,0.0,1.0000000000000003e-05,1.0,59.0,44.20225886842121,49.0,4.797741131578789,23.01831996564292,-4.797741131578789,-9.791308431793446,9.791308431793446,ITM,-0.11449011788197416,3-6m,0.2835960203604256,0.08149936526285764,353.2099914550781,0.03805000066757202,0.016987061932428632,0.20209665509756794
2026-12-18,0.3917808219178082,320.0,call,45.77,0.0,0.0,1.0000000000000003e-05,4.0,986.0,40.2580158496757,45.77,5.511984150324302,30.38196927342632,-5.511984150324302,-12.042788180739135,12.042788180739135,ITM,-0.09874176091383494,3-6m,0.2875775961074212,0.08548094100985323,353.2099914550781,0.03805000066757202,0.016987061932428632,0.20209665509756794
2026-12-18,0.3917808219178082,325.0,call,38.65,0.0,0.0,1.0000000000000003e-05,1.0,290.0,36.49233948542178,38.65,2.157660514578218,4.6554988961699415,-2.157660514578218,-5.5825627802799955,5.5825627802799955,ITM,-0.08323757437786976,3-6m,0.23446489626044362,0.03236824116287568,353.2099914550781,0.03805000066757202,0.016987061932428632,0.20209665509756794
2026-12-18,0.3917808219178082,330.0,call,37.65,0.0,0.0,1.0000000000000003e-05,9.0,992.0,32.91870774394286,37.65,4.731292256057138,22.385126412226242,-4.731292256057138,-12.5665132963005,12.5665132963005,ITM,-0.06797010224708126,3-6m,0.26663085176456824,0.0645341966670003,353.2099914550781,0.03805000066757202,0.016987061932428632,0.20209665509756794
2026-12-18,0.3917808219178082,335.0,call,31.0,0.0,0.0,1.0000000000000003e-05,4.0,346.0,29.548388950794305,31.0,1.4516110492056953,2.1071746381760597,-1.4516110492056953,-4.6826162877603075,4.6826162877603075,ITM,-0.05293222488254081,3-6m,0.22114833291272787,0.01905167781515993,353.2099914550781,0.03805000066757202,0.016987061932428632,0.20209665509756794
2026-12-18,0.3917808219178082,340.0,call,31.3,0.0,0.0,1.0000000000000003e-05,6.0,1408.0,26.39009565412303,31.3,4.909904345876971,24.10716068566156,-4.909904345876971,-15.686595354239522,15.686595354239522,ITM,-0.03811713909740012,3-6m,0.26265321542147524,0.0605565603239073,353.2099914550781,0.03805000066757202,0.016987061932428632,0.20209665509756794
2026-12-18,0.3917808219178082,345.0,call,28.54,0.0,0.0,1.0000000000000003e-05,11.0,190.0,23.449751132997847,28.54,5.090248867002153,25.9106335280167,-5.090248867002153,-17.83549007358848,17.83549007358848,ITM,-0.023518339676247498,3-6m,0.26273574108977293,0.060639085992204994,353.2099914550781,0.03805000066757202,0.016987061932428632,0.20209665509756794
2026-12-18,0.3917808219178082,350.0,call,25.52,0.0,0.0,1.0000000000000003e-05,69.0,2158.0,20.730376097412545,25.52,4.789623902587454,22.940497128237077,-4.789623902587454,-18.768118740546452,18.768118740546452,ITM,-0.00912960222414784,3-6m,0.257795418161324,0.05569876306375607,353.2099914550781,0.03805000066757202,0.016987061932428632,0.20209665509756794
2026-12-18,0.3917808219178082,355.0,call,22.9,0.0,0.0,0.00196310546875,2.0,347.0,18.232094571662316,22.9,4.667905428337683,21.789341087904408,-4.667905428337683,-20.38386649929119,20.38386649929119,OTM,0.005055032767808532,3-6m,0.2556110473888474,0.05351439229127944,353.2099914550781,0.03805000066757202,0.016987061932428632,0.20209665509756794
2026-12-18,0.3917808219178082,360.0,call,20.05,0.0,0.0,0.007822421875,16.0,1556.0,15.952250315067658,20.05,4.097749684932342,16.79155248036311,-4.097749684932342,-20.43765428893936,20.43765428893936,OTM,0.019041274742548363,3-6m,0.24886976977984998,0.04677311468228204,353.2099914550781,0.03805000066757202,0.016987061932428632,0.20209665509756794
2026-12-18,0.3917808219178082,365.0,call,18.0,0.0,0.0,0.015634843750000002,8.0,710.0,13.885618987502255,18.0,4.114381012497745,16.928131116001968,-4.114381012497745,-22.857672291654136,22.857672291654136,OTM,0.03283459687488434,3-6m,0.2493167130771981,0.047220057979630164,353.2099914550781,0.03805000066757202,0.016987061932428632,0.20209665509756794
2026-12-18,0.3917808219178082,370.0,call,15.58,0.0,0.0,0.015634843750000002,44.0,1686.0,12.024696950454711,15.58,3.555303049545289,12.640179774106032,-3.555303049545289,-22.81966013828812,22.81966013828812,OTM,0.046440248930662904,3-6m,0.24354316797165432,0.04144651287408638,353.2099914550781,0.03805000066757202,0.016987061932428632,0.20209665509756794
2026-12-18,0.3917808219178082,375.0,call,13.75,0.0,0.0,0.015634843750000002,25.0,615.0,10.360045214357115,13.75,3.3899547856428853,11.4917934487031,-3.3899547856428853,-24.654216622857348,24.654216622857348,OTM,0.05986326926280354,3-6m,0.24260716697941212,0.04051051188184418,353.2099914550781,0.03805000066757202,0.016987061932428632,0.20209665509756794
2026-12-18,0.3917808219178082,380.0,call,12.1,0.0,0.0,0.0312596875,62.0,1181.0,8.880666504358473,12.1,3.2193334956415267,10.364108156159492,-3.2193334956415267,-26.606061947450634,26.606061947450634,OTM,0.07310849601282432,3-6m,0.2418911835540225,0.039794528456454564,353.2099914550781,0.03805000066757202,0.016987061932428632,0.20209665509756794
2026-12-18,0.3917808219178082,385.0,call,10.35,0.0,0.0,0.0312596875,10.0,319.0,7.574394469585599,10.35,2.775605530414401,7.703986060467008,-2.775605530414401,-26.817444738303394,26.817444738303394,OTM,0.08618057758017704,3-6m,0.23797489166735614,0.0358782365697882,353.2099914550781,0.03805000066757202,0.016987061932428632,0.20209665509756794
2026-12-18,0.3917808219178082,390.0,call,8.8,0.0,0.0,0.0312596875,28.0,434.0,6.428276355971278,8.8,2.371723644028723,5.625073043644885,-2.371723644028723,-26.95140504578094,26.95140504578094,OTM,0.09908398241608488,3-6m,0.23447140592172022,0.03237475082415228,353.2099914550781,0.03805000066757202,0.016987061932428632,0.20209665509756794
2026-12-18,0.3917808219178082,395.0,call,7.5,0.0,0.0,0.0312596875,15.0,129.0,5.428933606331412,7.5,2.0710663936685876,4.289316006983409,-2.0710663936685876,-27.614218582247833,27.614218582247833,OTM,0.11182300819351458,3-6m,0.23220662350669694,0.030109968409128995,353.2099914550781,0.03805000066757202,0.016987061932428632,0.20209665509756794
2026-12-18,0.3917808219178082,400.0,call,6.5,0.0,0.0,0.0312596875,28.0,743.0,4.562888453264222,6.5,1.9371115467357782,3.752401144497079,-1.9371115467357782,-29.801716103627356,29.801716103627356,OTM,0.12440179040037484,3-6m,0.2322598167524188,0.030163161654850862,353.2099914550781,0.03805000066757202,0.016987061932428632,0.20209665509756794
2026-12-18,0.3917808219178082,405.0,call,5.5,0.0,0.0,0.062509375,74.0,400.0,3.816848280267365,5.5,1.6831517197326349,2.8329997116389265,-1.6831517197326349,-30.60275854059336,30.60275854059336,OTM,0.13682431039893195,3-6m,0.23048079721028944,0.0283841421127215,353.2099914550781,0.03805000066757202,0.016987061932428632,0.20209665509756794
2026-12-18,0.3917808219178082,410.0,call,4.65,0.0,0.0,0.062509375,13.0,531.0,3.177943057700041,4.65,1.4720569422999592,2.1669516413735055,-1.4720569422999592,-31.65713854408514,31.65713854408514,OTM,0.14909440299074622,3-6m,0.22918553104349026,0.027088875945922325,353.2099914550781,0.03805000066757202,0.016987061932428632,0.20209665509756794
2026-12-18,0.3917808219178082,415.0,call,3.9,0.0,0.0,0.062509375,1.0,76.0,2.633914301923191,3.9,1.2660856980768087,1.60297299487464,-1.2660856980768087,-32.4637358481233,32.4637358481233,OTM,0.161215763523091,3-6m,0.227740946469719,0.025644291372151073,353.2099914550781,0.03805000066757202,0.016987061932428632,0.20209665509756794
2026-12-18,0.3917808219178082,420.0,call,3.35,0.0,0.0,0.062509375,3.0,750.0,2.1732566241092783,3.35,1.1767433758907218,1.3847249727026925,-1.1767433758907218,-35.12666793703647,35.12666793703647,OTM,0.17319195456980682,3-6m,0.22836257484647385,0.026265919748905908,353.2099914550781,0.03805000066757202,0.016987061932428632,0.20209665509756794
2026-12-18,0.3917808219178082,425.0,call,2.2,0.0,0.0,0.062509375,2.0,10.0,1.7853149662336136,2.2,0.41468503376638655,0.17196367722982914,-0.41468503376638655,-18.84931971665393,18.84931971665393,OTM,0.1850264122168096,3-6m,0.21305523864133596,0.010958583543768025,353.2099914550781,0.03805000066757202,0.016987061932428632,0.20209665509756794
2026-12-18,0.3917808219178082,430.0,call,2.21,0.0,0.0,0.062509375,2.0,5395.0,1.4603420608797535,2.21,0.7496579391202465,0.5619870256860152,-0.7496579391202465,-33.921173715848255,33.921173715848255,OTM,0.19672245198000085,3-6m,0.2233651471398956,0.02126849204232767,353.2099914550781,0.03805000066757202,0.016987061932428632,0.20209665509756794
2026-12-18,0.3917808219178082,435.0,call,1.6,0.0,0.0,0.062509375,5.0,1070.0,1.1895215387109204,1.6,0.4104784612890797,0.16849256718225053,-0.4104784612890797,-25.654903830567484,25.654903830567484,OTM,0.20828327438107697,3-6m,0.21578426145453472,0.01368760635696678,353.2099914550781,0.03805000066757202,0.016987061932428632,0.20209665509756794
2026-12-18,0.3917808219178082,440.0,call,1.8,0.0,0.0,0.062509375,3.0,276.0,0.9649625130213337,1.8,0.8350374869786663,0.6972876046596463,-0.8350374869786663,-46.39097149881479,46.39097149881479,OTM,0.21971197020469965,3-6m,0.23112799283776914,0.029031337740201196,353.2099914550781,0.03805000066757202,0.016987061932428632,0.20209665509756794
2026-12-18,0.3917808219178082,445.0,call,1.45,0.0,0.0,0.062509375,2.0,7.0,0.779671481837136,1.45,0.670328518162864,0.44934032226242104,-0.670328518162864,-46.22955297674925,46.22955297674925,OTM,0.231011525458633,3-6m,0.22893116995959006,0.026834514862022124,353.2099914550781,0.03805000066757202,0.016987061932428632,0.20209665509756794
2026-12-18,0.3917808219178082,450.0,call,1.1,0.0,0.0,0.062509375,11.0,265.0,0.6275070974313355,1.1,0.4724929025686646,0.2232495429777616,-0.4724929025686646,-42.953900233514965,42.953900233514965,OTM,0.24218482605675817,3-6m,0.22442545378580256,0.02232879868823462,353.2099914550781,0.03805000066757202,0.016987061932428632,0.20209665509756794
2026-12-18,0.3917808219178082,455.0,call,1.02,0.45,1.56,0.2542188836669922,20.0,10.0,0.5031228507385102,1.0050000000000001,0.5168771492614899,0.26716198742868447,-0.5168771492614899,-50.67423031975391,50.67423031975391,OTM,0.2532346622433433,3-6m,0.22923165445338153,0.027134999355813594,353.2099914550781,0.03805000066757202,0.016987061932428632,0.20209665509756794
2026-12-18,0.3917808219178082,460.0,call,0.92,0.0,0.0,0.062509375,1.0,66.0,0.4019020849655899,0.92,0.5180979150344102,0.2684254495630029,-0.5180979150344102,-56.314990764609796,56.314990764609796,OTM,0.2641637327755335,3-6m,0.2326357840676923,0.03053912897012437,353.2099914550781,0.03805000066757202,0.016987061932428632,0.20209665509756794
2026-12-18,0.3917808219178082,465.0,call,0.66,0.0,0.0,0.062509375,10.0,20.0,0.3198890571526958,0.66,0.34011094284730425,0.11567545344448225,-0.34011094284730425,-51.53196103747034,51.53196103747034,OTM,0.27497464887974904,3-6m,0.226609278426362,0.02451262332879406,353.2099914550781,0.03805000066757202,0.016987061932428632,0.20209665509756794
2026-12-18,0.3917808219178082,470.0,call,0.8,0.0,0.0,0.062509375,5.0,155.0,0.25371906296724944,0.8,0.5462809370327506,0.29842286216538005,-0.5462809370327506,-68.28511712909382,68.28511712909382,OTM,0.285669937996497,3-6m,0.24183187201587678,0.039735216918308836,353.2099914550781,0.03805000066757202,0.016987061932428632,0.20209665509756794
2026-12-18,0.3917808219178082,480.0,call,0.46,0.0,0.0,0.12500875,8.0,22.0,0.1579968860299421,0.46,0.3020031139700579,0.09120588084761179,-0.3020031139700579,-65.65285086305607,65.65285086305607,OTM,0.3067233471943294,3-6m,0.2342733334247595,0.032176678327191566,353.2099914550781,0.03805000066757202,0.016987061932428632,0.20209665509756794
2026-12-18,0.3917808219178082,490.0,call,0.01,0.0,0.0,0.12500875,1.0,51.0,0.09712457888263071,0.01,0.08712457888263071,0.007590692245475742,0.08712457888263071,871.245788826307,871.245788826307,OTM,0.3273426343970652,3-6m,0.16281583263420962,-0.03928082246335832,353.2099914550781,0.03805000066757202,0.016987061932428632,0.20209665509756794
2026-12-18,0.3917808219178082,100.0,put,0.03,0.0,0.0,0.500005,2.0,626.0,1.1553955188829263e-23,0.03,0.03,0.0009,-0.03,-100.0,100.0,OTM,-1.2618925707195159,3-6m,0.6773874361667557,0.47529078106918776,353.2099914550781,0.03805000066757202,0.016987061932428632,0.20209665509756794
2026-12-18,0.3917808219178082,105.0,put,0.04,0.0,0.0,0.500005,30.0,748.0,5.701552417554222e-22,0.04,0.04,0.0016,-0.04,-100.0,100.0,OTM,-1.2131024065500837,3-6m,0.6689575880834397,0.46686093298587183,353.2099914550781,0.03805000066757202,0.016987061932428632,0.20209665509756794
2026-12-18,0.3917808219178082,110.0,put,0.04,0.0,0.0,0.2500075,1.0,314.0,2.0487103167882072e-20,0.04,0.04,0.0016,-0.04,-100.0,100.0,OTM,-1.166582390915191,3-6m,0.6443032206020367,0.4422065655044688,353.2099914550781,0.03805000066757202,0.016987061932428632,0.20209665509756794
2026-12-18,0.3917808219178082,115.0,put,0.1,0.0,1.25,0.8378922460937499,2.0,194.0,5.54740542551883e-19,0.1,0.1,0.010000000000000002,-0.1,-100.0,100.0,OTM,-1.122130628344357,3-6m,0.6786618368746395,0.47656518177707163,353.2099914550781,0.03805000066757202,0.016987061932428632,0.20209665509756794
2026-12-18,0.3917808219178082,120.0,put,0.08,0.0,2.15,0.8786633227539062,1.0,68.0,1.1657327432848081e-17,0.08,0.07999999999999999,0.006399999999999998,-0.07999999999999999,-99.99999999999997,99.99999999999997,OTM,-1.0795710139255612,3-6m,0.6393480532516024,0.43725139815403447,353.2099914550781,0.03805000066757202,0.016987061932428632,0.20209665509756794
2026-12-18,0.3917808219178082,125.0,put,0.1,0.0,0.0,0.2500075,5.0,41.0,1.9500196283117668e-16,0.1,0.09999999999999981,0.009999999999999962,-0.09999999999999981,-99.99999999999982,99.99999999999982,OTM,-1.0387490194053062,3-6m,0.6307240958644921,0.42862744076692416,353.2099914550781,0.03805000066757202,0.016987061932428632,0.20209665509756794
2026-12-18,0.3917808219178082,130.0,put,0.1,0.0,2.16,0.8186053295898437,10.0,53.0,2.6545427641588016e-15,0.1,0.09999999999999735,0.009999999999999471,-0.09999999999999735,-99.99999999999734,99.99999999999734,OTM,-0.9995283062520248,3-6m,0.6082049668577653,0.40610831176019735,353.2099914550781,0.03805000066757202,0.016987061932428632,0.20209665509756794
2026-12-18,0.3917808219178082,135.0,put,0.17,0.0,2.16,0.790041162109375,1.0,23.0,2.9978936805848076e-14,0.17,0.16999999999997004,0.028899999999989812,-0.16999999999997004,-99.99999999998236,99.99999999998236,OTM,-0.9617879782691778,3-6m,0.621876659376449,0.41978000427888107,353.2099914550781,0.03805000066757202,0.016987061932428632,0.20209665509756794
2026-12-18,0.3917808219178082,140.0,put,0.08,0.0,0.0,0.2500075,6.0,163.0,2.8566669642985864e-13,0.08,0.07999999999971434,0.006399999999954295,-0.07999999999971434,-99.99999999964292,99.99999999964292,OTM,-0.9254203340983029,3-6m,0.5527311520759334,0.35063449697836546,353.2099914550781,0.03805000066757202,0.016987061932428632,0.20209665509756794
2026-12-18,0.3917808219178082,145.0,put,0.35,0.0,0.96,0.6499058447265625,112.0,172.0,2.331270407573656e-12,0.35,0.34999999999766873,0.12249999999836811,-0.34999999999766873,-99.99999999933394,99.99999999933394,OTM,-0.8903290142870328,3-6m,0.6327665335377093,0.4306698784401414,353.2099914550781,0.03805000066757202,0.016987061932428632,0.20209665509756794
2026-12-18,0.3917808219178082,150.0,put,0.09,0.0,0.0,0.2500075,5.0,373.0,1.651001006284476e-11,0.09,0.08999999998348998,0.008099999997028196,-0.08999999998348998,-99.99999998165553,99.99999998165553,OTM,-0.8564274626113515,3-6m,0.5203239387066761,0.31822728360910824,353.2099914550781,0.03805000066757202,0.016987061932428632,0.20209665509756794
2026-12-18,0.3917808219178082,155.0,put,0.35,0.0,0.0,0.2500075,5.0,0.0,1.0266450352929256e-10,0.35,0.3499999998973355,0.12249999992813485,-0.3499999998973355,-99.99999997066729,99.99999997066729,OTM,-0.8236376397883606,3-6m,0.5890399801807092,0.38694332508314133,353.2099914550781,0.03805000066757202,0.016987061932428632,0.20209665509756794
2026-12-18,0.3917808219178082,160.0,put,0.29,0.0,0.0,0.2500075,2.0,0.0,5.66448603670115e-10,0.29,0.28999999943355137,0.0840999996714598,-0.28999999943355137,-99.9999998046729,99.9999998046729,OTM,-0.7918889414737803,3-6m,0.5543516747868833,0.3522550196893154,353.2099914550781,0.03805000066757202,0.016987061932428632,0.20209665509756794
2026-12-18,0.3917808219178082,165.0,put,0.24,0.0,0.0,0.2500075,10.0,152.0,2.7992553575604758e-09,0.24,0.23999999720074464,0.05759999865635743,-0.23999999720074464,-99.9999988336436,99.9999988336436,OTM,-0.7611172828070266,3-6m,0.5218797912639458,0.3197831361663779,353.2099914550781,0.03805000066757202,0.016987061932428632,0.20209665509756794
2026-12-18,0.3917808219178082,170.0,put,0.8,0.0,0.67,0.5161181201171875,2.0,156.0,1.2494770077696499e-08,0.8,0.7999999875052299,0.6399999800083681,-0.7999999875052299,-99.99999843815374,99.99999843815374,OTM,-0.7312643196573454,3-6m,0.5967155449217488,0.3946188898241809,353.2099914550781,0.03805000066757202,0.016987061932428632,0.20209665509756794
2026-12-18,0.3917808219178082,175.0,put,0.11,0.0,0.0,0.2500075,12.0,380.0,5.075972394243735e-08,0.11,0.10999994924027606,0.01209998883286331,-0.10999994924027606,-99.99995385479642,99.99995385479642,OTM,-0.7022767827840931,3-6m,0.4423199093996593,0.24022325430209138,353.2099914550781,0.03805000066757202,0.016987061932428632,0.20209665509756794
2026-12-18,0.3917808219178082,180.0,put,0.33,0.0,0.0,0.2500075,3.0,283.0,1.8897349126572344e-07,0.33,0.32999981102650877,0.1088998752775315,-0.32999981102650877,-99.99994273530568,99.99994273530568,OTM,-0.6741059058173969,3-6m,0.4870607752490092,0.28496412015144124,353.2099914550781,0.03805000066757202,0.016987061932428632,0.20209665509756794
2026-12-18,0.3917808219178082,185.0,put,0.44,0.0,0.0,0.2500075,4.0,178.0,6.487545752353148e-07,0.44,0.4399993512454248,0.1935994290963947,-0.4399993512454248,-99.99985255577836,99.99985255577836,OTM,-0.6467069316292824,3-6m,0.48836524578653145,0.2862685906889635,353.2099914550781,0.03805000066757202,0.016987061932428632,0.20209665509756794
2026-12-18,0.3917808219178082,190.0,put,0.42,0.0,0.0,0.2500075,10.0,330.0,2.0654729542310917e-06,0.42,0.41999793452704576,0.1763982650069846,-0.41999793452704576,-99.99950822072519,99.99950822072519,OTM,-0.620038684547121,3-6m,0.4672068768334575,0.2651102217358896,353.2099914550781,0.03805000066757202,0.016987061932428632,0.20209665509756794
2026-12-18,0.3917808219178082,195.0,put,0.3,0.0,0.0,0.2500075,3.0,251.0,6.13002329488601e-06,0.3,0.29999386997670513,0.08999632202360026,-0.29999386997670513,-99.99795665890171,99.99795665890171,OTM,-0.5940631981438604,3-6m,0.42919707009520874,0.2271004149976408,353.2099914550781,0.03805000066757202,0.016987061932428632,0.20209665509756794
2026-12-18,0.3917808219178082,200.0,put,0.37,0.0,0.0,0.12500875,6.0,849.0,1.7039580180993252e-05,0.37,0.369982960419819,0.13688739100101335,-0.369982960419819,-99.99539470805918,99.99539470805918,OTM,-0.5687453901595705,3-6m,0.4249145810702736,0.22281792597270564,353.2099914550781,0.03805000066757202,0.016987061932428632,0.20209665509756794
2026-12-18,0.3917808219178082,205.0,put,0.73,0.0,0.0,0.12500875,1.0,20.0,4.4554142729175085e-05,0.73,0.7299554458572708,0.532834952936687,-0.7299554458572708,-99.99389669277681,99.99389669277681,OTM,-0.5440527775691991,3-6m,0.4529611552949489,0.25086450019738094,353.2099914550781,0.03805000066757202,0.016987061932428632,0.20209665509756794
2026-12-18,0.3917808219178082,210.0,put,0.34,0.0,0.0,0.12500875,1.0,1128.0,0.00011002060032554335,0.34,0.33988997939967447,0.11552519809631114,-0.33988997939967447,-99.96764099990425,99.96764099990425,OTM,-0.5199552259901384,3-6m,0.38779799930261716,0.18570134420504922,353.2099914550781,0.03805000066757202,0.016987061932428632,0.20209665509756794
2026-12-18,0.3917808219178082,215.0,put,0.62,0.0,0.0,0.12500875,1.0,54.0,0.00025751525302737666,0.62,0.6197424847469726,0.38408074740035153,-0.6197424847469726,-99.95846528176978,99.95846528176978,OTM,-0.49642472857994446,3-6m,0.4073838584621199,0.20528720336455195,353.2099914550781,0.03805000066757202,0.016987061932428632,0.20209665509756794
2026-12-18,0.3917808219178082,220.0,put,0.86,0.0,0.0,0.12500875,1.0,617.0,0.0005732411230488267,0.86,0.8594267588769512,0.7386143538737412,-0.8594267588769512,-99.93334405545944,99.93334405545944,OTM,-0.47343521035524566,3-6m,0.41293886254590567,0.21084220744833773,353.2099914550781,0.03805000066757202,0.016987061932428632,0.20209665509756794
2026-12-18,0.3917808219178082,225.0,put,0.71,0.0,0.0,0.12500875,10.0,54.0,0.0012173851927821458,0.71,0.7087826148072178,0.502372795052957,-0.7087826148072178,-99.82853729679125,99.82853729679125,OTM,-0.45096235450318717,3-6m,0.38338281195059276,0.18128615685302482,353.2099914550781,0.03805000066757202,0.016987061932428632,0.20209665509756794
2026-12-18,0.3917808219178082,230.0,put,0.86,0.0,0.0,0.12500875,5.0,516.0,0.0024735758273598946,0.86,0.8575264241726401,0.7353515681543147,-0.8575264241726401,-99.71237490379536,99.71237490379536,OTM,-0.42898344778441183,3-6m,0.3796691740934429,0.17757251899587498,353.2099914550781,0.03805000066757202,0.016987061932428632,0.20209665509756794
2026-12-18,0.3917808219178082,235.0,put,1.74,0.0,0.0,0.12500875,1.0,53.0,0.004821567452872377,1.74,1.7351784325471276,3.0108441927767067,-1.7351784325471276,-99.7228984222487,99.7228984222487,OTM,-0.4074772425634483,3-6m,0.41661093145297656,0.21451427635540862,353.2099914550781,0.03805000066757202,0.016987061932428632,0.20209665509756794
2026-12-18,0.3917808219178082,240.0,put,1.22,0.0,0.0,0.12500875,2.0,1567.0,0.009038449450903596,1.22,1.2109615505490963,1.4664278769082715,-1.2109615505490963,-99.25914348763084,99.25914348763084,OTM,-0.3864238333656159,3-6m,0.37110504915608566,0.16900839405851772,353.2099914550781,0.03805000066757202,0.016987061932428632,0.20209665509756794
2026-12-18,0.3917808219178082,245.0,put,1.22,0.0,0.0,0.12500875,3.0,108.0,0.016332187485910088,1.22,1.2036678125140898,1.448816202882454,-1.2036678125140898,-98.66129610771227,98.66129610771227,OTM,-0.36580454616288016,3-6m,0.35468083453537574,0.1525841794378078,353.2099914550781,0.03805000066757202,0.016987061932428632,0.20209665509756794
2026-12-18,0.3917808219178082,250.0,put,1.41,0.0,0.0,0.12500875,11.0,967.0,0.02850844799612684,1.41,1.381491552003873,1.90851890825807,-1.381491552003873,-97.97812425559384,97.97812425559384,OTM,-0.3456018388453608,3-6m,0.3486040544077521,0.14650739931018417,353.2099914550781,0.03805000066757202,0.016987061932428632,0.20209665509756794
2026-12-18,0.3917808219178082,255.0,put,2.73,0.0,0.0,0.12500875,1.0,167.0,0.04816745410901335,2.73,2.6818325458909866,7.192225804200131,-2.6818325458909866,-98.23562439161122,98.23562439161122,OTM,-0.325799211549181,3-6m,0.386404167971775,0.18430751287420707,353.2099914550781,0.03805000066757202,0.016987061932428632,0.20209665509756794
2026-12-18,0.3917808219178082,260.0,put,1.76,0.0,0.0,0.12500875,22.0,1297.0,0.07892239888386854,1.76,1.6810776011161315,2.826021900974367,-1.6810776011161315,-95.5157727906893,95.5157727906893,OTM,-0.3063811256920795,3-6m,0.331952484311391,0.12985582921382308,353.2099914550781,0.03805000066757202,0.016987061932428632,0.20209665509756794
2026-12-18,0.3917808219178082,265.0,put,2.1,0.0,0.0,0.12500875,1.0,559.0,0.12562533046154023,2.1,1.9743746695384599,3.8981553357151024,-1.9743746695384599,-94.01784140659333,94.01784140659333,OTM,-0.28733293072138494,3-6m,0.32880867477583897,0.12671201967827103,353.2099914550781,0.03805000066757202,0.016987061932428632,0.20209665509756794
2026-12-18,0.3917808219178082,270.0,put,2.4,0.0,0.0,0.062509375,1.0,1309.0,0.19458128795931096,2.4,2.205418712040689,4.863871695419212,-2.205418712040689,-91.89244633502871,91.89244633502871,OTM,-0.2686407977092325,3-6m,0.32258930631684773,0.1204926512192798,353.2099914550781,0.03805000066757202,0.016987061932428632,0.20209665509756794
2026-12-18,0.3917808219178082,275.0,put,2.71,0.0,0.0,0.062509375,11.0,280.0,0.29372776314357196,2.71,2.416272236856428,5.8383715226031665,-2.416272236856428,-89.16133715337374,89.16133715337374,OTM,-0.2502916590410359,3-6m,0.31553164830626684,0.1134349932086989,353.2099914550781,0.03805000066757202,0.016987061932428632,0.20209665509756794
2026-12-18,0.3917808219178082,280.0,put,3.2,0.0,0.0,0.062509375,23.0,1781.0,0.43275515553611754,3.2,2.7672448444638826,7.657644029211938,-2.7672448444638826,-86.47640138949633,86.47640138949633,OTM,-0.23227315353835765,3-6m,0.31247286653834627,0.11037621144077833,353.2099914550781,0.03805000066757202,0.016987061932428632,0.20209665509756794
2026-12-18,0.3917808219178082,285.0,put,4.15,0.0,0.0,0.062509375,89.0,466.0,0.6231453662201449,4.15,3.5268546337798554,12.438703607814437,-3.5268546337798554,-84.9844490067435,84.9844490067435,OTM,-0.21457357643895666,3-6m,0.3189335757748982,0.11683692067733029,353.2099914550781,0.03805000066757202,0.016987061932428632,0.20209665509756794
2026-12-18,0.3917808219178082,290.0,put,5.26,0.0,0.0,0.062509375,2.0,995.0,0.878110210207339,5.26,4.381889789792661,19.20095812988917,-4.381889789792661,-83.30588953978443,83.30588953978443,OTM,-0.19718183372708756,3-6m,0.3252389689774223,0.12314231387985439,353.2099914550781,0.03805000066757202,0.016987061932428632,0.20209665509756794
2026-12-18,0.3917808219178082,295.0,put,5.72,0.0,0.0,0.062509375,10.0,273.0,1.2124186111935416,5.72,4.507581388806458,20.318289976714357,-4.507581388806458,-78.80387043367935,78.80387043367935,OTM,-0.1800874003677874,3-6m,0.31557494344560294,0.113478288348035,353.2099914550781,0.03805000066757202,0.016987061932428632,0.20209665509756794
2026-12-18,0.3917808219178082,300.0,put,5.64,0.0,0.0,0.062509375,33.0,2593.0,1.6421108186440314,5.64,3.9978891813559683,15.983117906403095,-3.9978891813559683,-70.88455995312,70.88455995312,OTM,-0.1632802820514062,3-6m,0.29487696393727375,0.09278030883970581,353.2099914550781,0.03805000066757202,0.016987061932428632,0.20209665509756794
2026-12-18,0.3917808219178082,305.0,put,7.25,0.0,0.0,0.062509375,100.0,520.0,2.184108065051376,7.25,5.065891934948624,25.663261096577514,-5.065891934948624,-69.87437151653275,69.87437151653275,OTM,-0.1467509801001956,3-6m,0.3045467548075185,0.10245009970995059,353.2099914550781,0.03805000066757202,0.016987061932428632,0.20209665509756794
2026-12-18,0.3917808219178082,310.0,put,7.15,0.0,0.0,0.0312596875,8.0,742.0,2.8557359145250842,7.15,4.294264085474916,18.44070403579972,-4.294264085474916,-60.05963755908973,60.05963755908973,OTM,-0.13049045922841523,3-6m,0.28280016364037197,0.08070350854280403,353.2099914550781,0.03805000066757202,0.016987061932428632,0.20209665509756794
2026-12-18,0.3917808219178082,315.0,put,8.15,0.0,0.0,0.0312596875,3.0,393.0,3.6741878403829844,8.15,4.475812159617016,20.032894488175536,-4.475812159617016,-54.91794060879774,54.91794060879774,OTM,-0.11449011788197416,3-6m,0.27859329484619544,0.0764966397486275,353.2099914550781,0.03805000066757202,0.016987061932428632,0.20209665509756794
2026-12-18,0.3917808219178082,320.0,put,9.27,0.0,0.0,0.0312596875,64.0,841.0,4.655961334603518,9.27,4.614038665396482,21.289352805773746,-4.614038665396482,-49.77387988561469,49.77387988561469,OTM,-0.09874176091383494,3-6m,0.27451720984357153,0.07242055474600359,353.2099914550781,0.03805000066757202,0.016987061932428632,0.20209665509756794
2026-12-18,0.3917808219178082,325.0,put,10.55,0.0,0.0,0.0312596875,4.0,699.0,5.816301483315627,10.55,4.733698516684374,22.40790164685984,-4.733698516684374,-44.86918025293245,44.86918025293245,OTM,-0.08323757437786976,3-6m,0.27098914751595626,0.06889249241838832,353.2099914550781,0.03805000066757202,0.016987061932428632,0.20209665509756794
2026-12-18,0.3917808219178082,330.0,put,11.95,0.0,0.0,0.0312596875,1.0,1101.0,7.168686254802836,11.95,4.7813137451971635,22.860961130011326,-4.7813137451971635,-40.01099368365828,40.01099368365828,OTM,-0.06797010224708126,3-6m,0.2672912909752661,0.06519463587769816,353.2099914550781,0.03805000066757202,0.016987061932428632,0.20209665509756794
2026-12-18,0.3917808219178082,335.0,put,13.5,0.0,0.0,0.015634843750000002,7.0,270.0,8.724383974620281,13.5,4.775616025379719,22.806508421863587,-4.775616025379719,-35.37493352133125,35.37493352133125,OTM,-0.05293222488254081,3-6m,0.26372662762092636,0.06162997252335842,353.2099914550781,0.03805000066757202,0.016987061932428632,0.20209665509756794
2026-12-18,0.3917808219178082,340.0,put,15.14,0.0,0.0,0.015634843750000002,3.0,272.0,10.492107190915078,15.14,4.647892809084922,21.60290756474333,-4.647892809084922,-30.699424102278215,30.699424102278215,OTM,-0.03811713909740012,3-6m,0.259456147818984,0.05735949272141608,353.2099914550781,0.03805000066757202,0.016987061932428632,0.20209665509756794
2026-12-18,0.3917808219178082,345.0,put,16.9,0.0,0.0,0.007822421875,15.0,110.0,12.477779182755967,16.9,4.422220817244032,19.55603695646647,-4.422220817244032,-26.166987084284216,26.166987084284216,OTM,-0.023518339676247498,3-6m,0.25481255410822573,0.05271589901065779,353.2099914550781,0.03805000066757202,0.016987061932428632,0.20209665509756794
2026-12-18,0.3917808219178082,350.0,put,19.0,0.0,0.0,0.0039162109375,9.0,505.0,14.684420660136709,19.0,4.315579339863291,18.624225038654878,-4.315579339863291,-22.71357547296469,22.71357547296469,OTM,-0.00912960222414784,3-6m,0.252287627823036,0.05019097272546805,353.2099914550781,0.03805000066757202,0.016987061932428632,0.20209665509756794
2026-12-18,0.3917808219178082,355.0,put,21.4,0.0,0.0,1.0000000000000003e-05,8.0,51.0,17.112155647352523,21.4,4.287844352647475,18.385609192530847,-4.287844352647475,-20.036655853492878,20.036655853492878,ITM,0.005055032767808532,3-6m,0.25125163885197993,0.04915498375441199,353.2099914550781,0.03805000066757202,0.016987061932428632,0.20209665509756794
2026-12-18,0.3917808219178082,360.0,put,23.89,0.0,0.0,1.0000000000000003e-05,22.0,63.0,19.758327903723966,23.89,4.131672096276034,17.070714311146,-4.131672096276034,-17.294567167333756,17.294567167333756,ITM,0.019041274742548363,3-6m,0.24925696410756884,0.0471603090100009,353.2099914550781,0.03805000066757202,0.016987061932428632,0.20209665509756794
2026-12-18,0.3917808219178082,365.0,put,26.5,0.0,0.0,1.0000000000000003e-05,315.0,432.0,22.617713089124607,26.5,3.8822869108753935,15.072151658354406,-3.8822869108753935,-14.65013928632224,14.65013928632224,ITM,0.03283459687488434,3-6m,0.24665901141880428,0.04456235632123634,353.2099914550781,0.03805000066757202,0.016987061932428632,0.20209665509756794
2026-12-18,0.3917808219178082,370.0,put,28.96,0.0,0.0,1.0000000000000003e-05,16.0,26.0,25.682807565043106,28.96,3.277192434956895,10.739990255738702,-3.277192434956895,-11.316272220155023,11.316272220155023,ITM,0.046440248930662904,3-6m,0.24031908639872024,0.0382224313011523,353.2099914550781,0.03805000066757202,0.016987061932428632,0.20209665509756794
2026-12-18,0.3917808219178082,375.0,put,42.6,0.0,0.0,1.0000000000000003e-05,1.0,3.0,28.944172341911553,42.6,13.655827658088448,186.48162902741342,-13.655827658088448,-32.05593346969119,32.05593346969119,ITM,0.05986326926280354,3-6m,0.36183745185609884,0.1597407967585309,353.2099914550781,0.03805000066757202,0.016987061932428632,0.20209665509756794
2026-12-18,0.3917808219178082,380.0,put,42.1,0.0,0.0,1.0000000000000003e-05,2.0,5.0,32.390810144879,42.1,9.709189855121004,94.26836764278461,-9.709189855121004,-23.06220868199763,23.06220868199763,ITM,0.07310849601282432,3-6m,0.31906057368656915,0.11696391858900121,353.2099914550781,0.03805000066757202,0.016987061932428632,0.20209665509756794
2026-12-18,0.3917808219178082,385.0,put,55.37,39.9,43.05,0.2576825941467285,,1.0,36.01055462307218,41.474999999999994,19.359445376927816,374.7881253022518,-19.359445376927816,-34.9637807060282,34.9637807060282,ITM,0.08618057758017704,3-6m,0.4352324057104893,0.23313575061292138,353.2099914550781,0.03805000066757202,0.016987061932428632,0.20209665509756794
2026-12-18,0.3917808219178082,390.0,put,52.65,0.0,0.0,1.0000000000000003e-05,1.0,12.0,39.79045302242389,52.65,12.859546977576109,165.36794846848684,-12.859546977576109,-24.424590650666875,24.424590650666875,ITM,0.09908398241608488,3-6m,0.36438222828194783,0.1622855731843799,353.2099914550781,0.03805000066757202,0.016987061932428632,0.20209665509756794
2026-12-18,0.3917808219178082,400.0,put,68.0,0.0,0.0,1.0000000000000003e-05,2.0,1.0,47.777098145649006,68.0,20.222901854350994,408.96575941071285,-20.222901854350994,-29.739561550516168,29.739561550516168,ITM,0.12440179040037484,3-6m,0.4642608106852673,0.26216415558769934,353.2099914550781,0.03805000066757202,0.016987061932428632,0.20209665509756794
2026-12-18,0.3917808219178082,410.0,put,120.85,97.65,101.55,0.7100859069824219,2.0,0.0,56.244185776016934,99.6,64.60581422398306,4173.9112315438115,-64.60581422398306,-53.45950701198433,53.45950701198433,ITM,0.14909440299074622,3-6m,0.9923898903053602,0.7902932352077923,353.2099914550781,0.03805000066757202,0.016987061932428632,0.20209665509756794
2026-12-18,0.3917808219178082,420.0,put,104.5,114.0,118.5,0.8172625695800779,,0.0,65.09153236835829,116.25,39.40846763164171,1553.0273210741525,-39.40846763164171,-37.71145227908298,37.71145227908298,ITM,0.17319195456980682,3-6m,0.7252266944365916,0.5231300393390237,353.2099914550781,0.03805000066757202,0.016987061932428632,0.20209665509756794
2027-01-15,0.4684931506849315,105.0,call,228.85,0.0,0.0,1.0000000000000003e-05,30.0,5.0,247.26535114289055,228.85,18.415351142890557,339.12515771596054,18.415351142890557,8.046908954726046,8.046908954726046,ITM,-1.2131024065500837,3-6m,0.0,-0.20209665509756794,353.2099914550781,0.03805000066757202,0.016987061932428632,0.20209665509756794
2027-01-15,0.4684931506849315,110.0,call,210.5,192.0,196.0,1.0000000000000003e-05,1.0,0.0,242.35369223558902,194.0,31.853692235589023,1014.6577090396244,31.853692235589023,15.132395361324951,15.132395361324951,ITM,-1.166582390915191,3-6m,0.0,-0.20209665509756794,353.2099914550781,0.03805000066757202,0.016987061932428632,0.20209665509756794
2027-01-15,0.4684931506849315,115.0,call,172.92,199.15,203.5,1.0000000000000003e-05,1.0,2.0,237.44203332828744,201.325,64.52203332828745,4163.092784816637,64.52203332828745,37.31322769389744,37.31322769389744,ITM,-1.122130628344357,3-6m,0.0,-0.20209665509756794,353.2099914550781,0.03805000066757202,0.016987061932428632,0.20209665509756794
2027-01-15,0.4684931506849315,120.0,call,222.18,0.0,0.0,1.0000000000000003e-05,5.0,0.0,232.53037442098594,222.18,10.35037442098593,107.1302506545998,10.35037442098593,4.658553614630448,4.658553614630448,ITM,-1.0795710139255612,3-6m,0.0,-0.20209665509756794,353.2099914550781,0.03805000066757202,0.016987061932428632,0.20209665509756794
2027-01-15,0.4684931506849315,125.0,call,217.25,0.0,0.0,1.0000000000000003e-05,5.0,0.0,227.61871551368444,217.25,10.368715513684435,107.51026140372028,10.368715513684435,4.772711398703998,4.772711398703998,ITM,-1.0387490194053062,3-6m,0.0,-0.20209665509756794,353.2099914550781,0.03805000066757202,0.016987061932428632,0.20209665509756794
2027-01-15,0.4684931506849315,130.0,call,166.5,0.0,0.0,1.0000000000000003e-05,2.0,0.0,222.7070566063834,166.5,56.20705660638339,3159.2332123531864,56.20705660638339,33.75799195578582,33.75799195578582,ITM,-0.9995283062520248,3-6m,0.0,-0.20209665509756794,353.2099914550781,0.03805000066757202,0.016987061932428632,0.20209665509756794
2027-01-15,0.4684931506849315,135.0,call,176.14,174.6,178.6,1.0000000000000003e-05,5.0,31.0,217.79539769908564,176.6,41.655397699085654,1735.1721574689905,41.655397699085654,23.649027875034438,23.649027875034438,ITM,-0.9617879782691778,3-6m,0.0,-0.20209665509756794,353.2099914550781,0.03805000066757202,0.016987061932428632,0.20209665509756794
2027-01-15,0.4684931506849315,140.0,call,185.0,170.0,174.5,1.0000000000000003e-05,1.0,10.0,212.88373879180918,172.25,27.88373879180918,777.502889009844,27.88373879180918,15.072291238815772,15.072291238815772,ITM,-0.9254203340983029,3-6m,0.0,-0.20209665509756794,353.2099914550781,0.03805000066757202,0.016987061932428632,0.20209665509756794
2027-01-15,0.4684931506849315,145.0,call,185.5,204.0,207.75,1.0000000000000003e-05,10.0,19.0,207.97207988465132,205.875,22.472079884651322,504.9943743421506,22.472079884651322,12.114328778787776,12.114328778787776,ITM,-0.8903290142870328,3-6m,0.0,-0.20209665509756794,353.2099914550781,0.03805000066757202,0.016987061932428632,0.20209665509756794
2027-01-15,0.4684931506849315,150.0,call,184.8,0.0,0.0,1.0000000000000003e-05,10.0,0.0,203.0604209780814,184.8,18.260420978081385,333.4429742967547,18.260420978081385,9.88118018294447,9.88118018294447,ITM,-0.8564274626113515,3-6m,0.0,-0.20209665509756794,353.2099914550781,0.03805000066757202,0.016987061932428632,0.20209665509756794
2027-01-15,0.4684931506849315,155.0,call,184.55,0.0,0.0,1.0000000000000003e-05,2.0,0.0,198.14876207411572,184.55,13.598762074115712,184.92632994840784,13.598762074115712,7.368605838046985,7.368605838046985,ITM,-0.8236376397883606,3-6m,0.0,-0.20209665509756794,353.2099914550781,0.03805000066757202,0.016987061932428632,0.20209665509756794
2027-01-15,0.4684931506849315,160.0,call,174.05,0.0,0.0,1.0000000000000003e-05,2.0,641.0,193.23710318055387,174.05,19.187103180553862,368.1449284612201,19.187103180553862,11.023903005201873,11.023903005201873,ITM,-0.7918889414737803,3-6m,0.0,-0.20209665509756794,353.2099914550781,0.03805000066757202,0.016987061932428632,0.20209665509756794
2027-01-15,0.4684931506849315,165.0,call,163.45,0.0,0.0,1.0000000000000003e-05,1.0,0.0,188.32544432478463,163.45,24.875444324784638,618.7877303554602,24.875444324784638,15.218993162915046,15.218993162915046,ITM,-0.7611172828070266,3-6m,0.0,-0.20209665509756794,353.2099914550781,0.03805000066757202,0.016987061932428632,0.20209665509756794
2027-01-15,0.4684931506849315,170.0,call,167.43,0.0,0.0,1.0000000000000003e-05,10.0,243.0,183.41378559474379,167.43,15.983785594743779,255.48140193873874,15.983785594743779,9.546548166244866,9.546548166244866,ITM,-0.7312643196573454,3-6m,0.0,-0.20209665509756794,353.2099914550781,0.03805000066757202,0.016987061932428632,0.20209665509756794
2027-01-15,0.4684931506849315,175.0,call,161.25,0.0,0.0,1.0000000000000003e-05,2.0,267.0,178.50212725026637,161.25,17.25212725026637,297.63589465938344,17.25212725026637,10.698993643576044,10.698993643576044,ITM,-0.7022767827840931,3-6m,0.0,-0.20209665509756794,353.2099914550781,0.03805000066757202,0.016987061932428632,0.20209665509756794
2027-01-15,0.4684931506849315,180.0,call,162.0,0.0,0.0,1.0000000000000003e-05,3.0,189.0,173.59047000212874,162.0,11.59047000212874,134.33899487024618,11.59047000212874,7.154611112425148,7.154611112425148,ITM,-0.6741059058173969,3-6m,0.0,-0.20209665509756794,353.2099914550781,0.03805000066757202,0.016987061932428632,0.20209665509756794
2027-01-15,0.4684931506849315,185.0,call,152.3,0.0,0.0,1.0000000000000003e-05,4.0,0.0,168.6788156599908,152.3,16.378815659990778,268.26560242395914,16.378815659990778,10.754311004590136,10.754311004590136,ITM,-0.6467069316292824,3-6m,0.0,-0.20209665509756794,353.2099914550781,0.03805000066757202,0.016987061932428632,0.20209665509756794
2027-01-15,0.4684931506849315,190.0,call,156.55,0.0,0.0,1.0000000000000003e-05,1.0,0.0,163.7671685330929,156.55,7.217168533092888,52.08752163506615,7.217168533092888,4.610136399292806,4.610136399292806,ITM,-0.620038684547121,3-6m,0.0,-0.20209665509756794,353.2099914550781,0.03805000066757202,0.016987061932428632,0.20209665509756794
2027-01-15,0.4684931506849315,195.0,call,142.65,0.0,0.0,1.0000000000000003e-05,20.0,167.0,158.85553826115174,142.65,16.20553826115173,262.61947033365266,16.20553826115173,11.36034928927566,11.36034928927566,ITM,-0.5940631981438604,3-6m,0.0,-0.20209665509756794,353.2099914550781,0.03805000066757202,0.016987061932428632,0.20209665509756794
2027-01-15,0.4684931506849315,200.0,call,155.15,0.0,0.0,1.0000000000000003e-05,2.0,667.0,153.94394518352868,155.15,1.2060548164713225,1.4545682203336754,-1.2060548164713225,-0.7773476097140332,0.7773476097140332,ITM,-0.5687453901595705,3-6m,0.47063143850991734,0.2685347834123494,353.2099914550781,0.03805000066757202,0.016987061932428632,0.20209665509756794
2027-01-15,0.4684931506849315,210.0,call,140.9,0.0,0.0,1.0000000000000003e-05,1.0,275.0,144.12106957604354,140.9,3.221069576043533,10.375289213713264,3.221069576043533,2.286067832536219,2.286067832536219,ITM,-0.5199552259901384,3-6m,0.0,-0.20209665509756794,353.2099914550781,0.03805000066757202,0.016987061932428632,0.20209665509756794
2027-01-15,0.4684931506849315,220.0,call,136.09,0.0,0.0,1.0000000000000003e-05,10.0,0.0,134.2994723304169,136.09,1.7905276695830992,3.205989335542684,-1.7905276695830992,-1.315693783219266,1.315693783219266,ITM,-0.47343521035524566,3-6m,0.43525403661990447,0.23315738152233653,353.2099914550781,0.03805000066757202,0.016987061932428632,0.20209665509756794
2027-01-15,0.4684931506849315,230.0,call,116.27,0.0,0.0,1.0000000000000003e-05,1.0,0.0,124.48184243758499,116.27,8.211842437584991,67.4343562197218,8.211842437584991,7.062735389683487,7.062735389683487,ITM,-0.42898344778441183,3-6m,0.0,-0.20209665509756794,353.2099914550781,0.03805000066757202,0.016987061932428632,0.20209665509756794
2027-01-15,0.4684931506849315,240.0,call,117.14,0.0,0.0,1.0000000000000003e-05,6.0,0.0,114.67480473508553,117.14,2.4651952649144704,6.077187694156726,-2.4651952649144704,-2.104486311178479,2.104486311178479,ITM,-0.3864238333656159,3-6m,0.3966650693381767,0.19456841424060875,353.2099914550781,0.03805000066757202,0.016987061932428632,0.20209665509756794
2027-01-15,0.4684931506849315,250.0,call,107.25,0.0,0.0,1.0000000000000003e-05,2.0,0.0,104.89249378370482,107.25,2.357506216295178,5.557835559870407,-2.357506216295178,-2.1981409942146186,2.1981409942146186,ITM,-0.3456018388453608,3-6m,0.36086563869569793,0.15876898359813,353.2099914550781,0.03805000066757202,0.016987061932428632,0.20209665509756794
2027-01-15,0.4684931506849315,260.0,call,94.0,0.0,0.0,1.0000000000000003e-05,2.0,0.0,95.1613700391191,94.0,1.161370039119106,1.3487803677635137,1.161370039119106,1.2355000416160702,1.2355000416160702,ITM,-0.3063811256920795,3-6m,0.0010000013965182006,-0.20109665370104973,353.2099914550781,0.03805000066757202,0.016987061932428632,0.20209665509756794
2027-01-15,0.4684931506849315,270.0,call,89.3,0.0,0.0,1.0000000000000003e-05,1.0,0.0,85.52537136435171,89.3,3.774628635648284,14.247821337056026,-3.774628635648284,-4.226907766683409,4.226907766683409,ITM,-0.2686407977092325,3-6m,0.3432170229718215,0.14112036787425355,353.2099914550781,0.03805000066757202,0.016987061932428632,0.20209665509756794
2027-01-15,0.4684931506849315,280.0,call,80.47,0.0,0.0,1.0000000000000003e-05,18.0,0.0,76.04978061073103,80.47,4.420219389268965,19.5383394492693,-4.420219389268965,-5.49300284487258,5.49300284487258,ITM,-0.23227315353835765,3-6m,0.33104557350734454,0.1289489184097766,353.2099914550781,0.03805000066757202,0.016987061932428632,0.20209665509756794
2027-01-15,0.4684931506849315,290.0,call,71.77,0.0,0.0,1.0000000000000003e-05,17.0,0.0,66.8219574205927,71.77,4.9480425794073,24.483125367627647,-4.9480425794073,-6.894304834063397,6.894304834063397,ITM,-0.19718183372708756,3-6m,0.31759089952707276,0.11549424442950482,353.2099914550781,0.03805000066757202,0.016987061932428632,0.20209665509756794
2027-01-15,0.4684931506849315,300.0,call,63.47,0.0,0.0,1.0000000000000003e-05,27.0,0.0,57.947607701286756,63.47,5.5223922987132426,30.49681670088733,-5.5223922987132426,-8.700791395483288,8.700791395483288,ITM,-0.1632802820514062,3-6m,0.3070896033020901,0.10499294820452218,353.2099914550781,0.03805000066757202,0.016987061932428632,0.20209665509756794
2027-01-15,0.4684931506849315,310.0,call,55.41,0.0,0.0,1.0000000000000003e-05,17.0,0.0,49.542452614903766,55.41,5.8675473850962305,34.42811231634961,-5.8675473850962305,-10.589329336033623,10.589329336033623,ITM,-0.13049045922841523,3-6m,0.29568517096386904,0.0935885158663011,353.2099914550781,0.03805000066757202,0.016987061932428632,0.20209665509756794
2027-01-15,0.4684931506849315,320.0,call,47.9,0.0,0.0,1.0000000000000003e-05,26.0,0.0,41.72056108252406,47.9,6.179438917475942,38.185465334816236,-6.179438917475942,-12.90070755214184,12.90070755214184,ITM,-0.09874176091383494,3-6m,0.2870298016855692,0.08493314658800125,353.2099914550781,0.03805000066757202,0.016987061932428632,0.20209665509756794
2027-01-15,0.4684931506849315,330.0,call,40.51,0.0,0.0,1.0000000000000003e-05,15.0,4152.0,34.5816588365297,40.51,5.9283411634703,35.14522895049639,-5.9283411634703,-14.634266016959515,14.634266016959515,ITM,-0.06797010224708126,3-6m,0.2746989430642531,0.07260228796668514,353.2099914550781,0.03805000066757202,0.016987061932428632,0.20209665509756794
2027-01-15,0.4684931506849315,340.0,call,33.83,0.0,0.0,1.0000000000000003e-05,267.0,0.0,28.200029539915562,33.83,5.6299704600844365,31.69656738142336,-5.6299704600844365,-16.641946379203183,16.641946379203183,ITM,-0.03811713909740012,3-6m,0.2653923176171833,0.06329566251961535,353.2099914550781,0.03805000066757202,0.016987061932428632,0.20209665509756794
2027-01-15,0.4684931506849315,350.0,call,27.72,0.0,0.0,1.0000000000000003e-05,71.0,5348.0,22.617126287044556,27.72,5.102873712955443,26.039320130371667,-5.102873712955443,-18.408635328122088,18.408635328122088,ITM,-0.00912960222414784,3-6m,0.25650581039610193,0.05440915529853399,353.2099914550781,0.03805000066757202,0.016987061932428632,0.20209665509756794
2027-01-15,0.4684931506849315,360.0,call,22.85,0.0,0.0,0.007822421875,58.0,0.0,17.838974734138134,22.85,5.011025265861868,25.110374215106003,-5.011025265861868,-21.930088690861563,21.930088690861563,OTM,0.019041274742548363,3-6m,0.25447911160937836,0.05238245651181042,353.2099914550781,0.03805000066757202,0.016987061932428632,0.20209665509756794
2027-01-15,0.4684931506849315,370.0,call,18.21,0.0,0.0,0.015634843750000002,115.0,3311.0,13.838279457521054,18.21,4.371720542478947,19.11194050153242,-4.371720542478947,-24.007251743431887,24.007251743431887,OTM,0.046440248930662904,3-6m,0.24838964213578169,0.046292987038213745,353.2099914550781,0.03805000066757202,0.016987061932428632,0.20209665509756794
2027-01-15,0.4684931506849315,380.0,call,14.15,0.0,0.0,0.0312596875,240.0,2379.0,10.560208381479129,14.15,3.589791618520872,12.8866038644027,-3.589791618520872,-25.369552074352452,25.369552074352452,OTM,0.07310849601282432,3-6m,0.24187623995582236,0.03977958485825442,353.2099914550781,0.03805000066757202,0.016987061932428632,0.20209665509756794
2027-01-15,0.4684931506849315,390.0,call,11.18,0.0,0.0,0.0312596875,230.0,2272.0,7.93032914050211,11.18,3.24967085949789,10.560360695069754,-3.24967085949789,-29.066823430213685,29.066823430213685,OTM,0.09908398241608488,3-6m,0.24087581150989748,0.03877915641232954,353.2099914550781,0.03805000066757202,0.016987061932428632,0.20209665509756794
2027-01-15,0.4684931506849315,400.0,call,8.45,0.0,0.0,0.0312596875,37.0,0.0,5.863123909427827,8.45,2.586876090572172,6.691927907973965,-2.586876090572172,-30.613918231623344,30.613918231623344,OTM,0.12440179040037484,3-6m,0.23640539954229448,0.034308744444726536,353.2099914550781,0.03805000066757202,0.016987061932428632,0.20209665509756794
2027-01-15,0.4684931506849315,410.0,call,6.45,0.0,0.0,0.0312596875,85.0,810.0,4.269800076505625,6.45,2.180199923494375,4.753271706404879,-2.180199923494375,-33.80154920146318,33.80154920146318,OTM,0.14909440299074622,3-6m,0.2350193294247918,0.03292267432722387,353.2099914550781,0.03805000066757202,0.016987061932428632,0.20209665509756794
2027-01-15,0.4684931506849315,420.0,call,4.9,0.0,0.0,0.062509375,1.0,0.0,3.064573758431834,4.9,1.8354262415681664,3.368789488237045,-1.8354262415681664,-37.45767839935033,37.45767839935033,OTM,0.17319195456980682,3-6m,0.23438814046409057,0.032291485366522626,353.2099914550781,0.03805000066757202,0.016987061932428632,0.20209665509756794
2027-01-15,0.4684931506849315,430.0,call,3.6,0.0,0.0,0.062509375,14.0,0.0,2.169076187856703,3.6,1.430923812143297,2.0475429561587055,-1.430923812143297,-39.74788367064714,39.74788367064714,OTM,0.19672245198000085,3-6m,0.23224849086915528,0.030151835771587338,353.2099914550781,0.03805000066757202,0.016987061932428632,0.20209665509756794
2027-01-15,0.4684931506849315,440.0,call,2.72,0.0,0.0,0.062509375,66.0,0.0,1.5149157119566254,2.72,1.2050842880433748,1.4522281412890075,-1.2050842880433748,-44.30456941335936,44.30456941335936,OTM,0.21971197020469965,3-6m,0.23286296906514148,0.03076631396757354,353.2099914550781,0.03805000066757202,0.016987061932428632,0.20209665509756794
2027-01-15,0.4684931506849315,450.0,call,1.81,0.0,0.0,0.062509375,3.0,157.0,1.0446758894709305,1.81,0.7653241105290696,0.5857209941571115,-0.7653241105290696,-42.28310002923036,42.28310002923036,OTM,0.24218482605675817,3-6m,0.22706202160589065,0.024965366508322706,353.2099914550781,0.03805000066757202,0.016987061932428632,0.20209665509756794
2027-01-15,0.4684931506849315,460.0,call,1.47,0.0,0.0,0.062509375,2.0,330.0,0.7117451738893052,1.47,0.7582548261106947,0.5749503813201599,-0.7582548261106947,-51.581960959911214,51.581960959911214,OTM,0.2641637327755335,3-6m,0.2323196195796044,0.030222964482036457,353.2099914550781,0.03805000066757202,0.016987061932428632,0.20209665509756794
2027-01-15,0.4684931506849315,470.0,call,1.18,0.0,0.0,0.062509375,4.0,483.0,0.4793852956231106,1.18,0.7006147043768893,0.49086096398911605,-0.7006147043768893,-59.374127489566895,59.374127489566895,OTM,0.285669937996497,3-6m,0.23662146516223614,0.034524810064668204,353.2099914550781,0.03805000066757202,0.016987061932428632,0.20209665509756794
2027-01-15,0.4684931506849315,480.0,call,0.83,0.0,0.0,0.062509375,1.0,0.0,0.31939208750698445,0.83,0.5106079124930155,0.260720440300475,-0.5106079124930155,-61.51902560156813,61.51902560156813,OTM,0.3067233471943294,3-6m,0.2350244954102059,0.03292784031263796,353.2099914550781,0.03805000066757202,0.016987061932428632,0.20209665509756794
2027-01-15,0.4684931506849315,490.0,call,0.56,0.0,0.0,0.12500875,3.0,0.0,0.2106191906105046,0.56,0.34938080938949545,0.12206694996965896,-0.34938080938949545,-62.38943024812418,62.38943024812418,OTM,0.3273426343970652,3-6m,0.23243042916442774,0.030333774066859803,353.2099914550781,0.03805000066757202,0.016987061932428632,0.20209665509756794
2027-01-15,0.4684931506849315,500.0,call,0.48,0.0,0.0,0.12500875,5.0,0.0,0.13754759065876865,0.48,0.34245240934123133,0.11727365266361427,-0.34245240934123133,-71.34425194608987,71.34425194608987,OTM,0.3475453417145845,3-6m,0.23877174209032617,0.03667508699275823,353.2099914550781,0.03805000066757202,0.016987061932428632,0.20209665509756794
2027-01-15,0.4684931506849315,105.0,put,0.04,0.0,0.0,0.2500075,19.0,1274.0,1.3727636393575061e-18,0.04,0.04,0.0016,-0.04,-100.0,100.0,OTM,-1.2131024065500837,3-6m,0.6125981484926462,0.41050149339507824,353.2099914550781,0.03805000066757202,0.016987061932428632,0.20209665509756794
2027-01-15,0.4684931506849315,110.0,put,0.05,0.0,0.0,0.2500075,1.0,0.0,2.7981181212087244e-17,0.05,0.049999999999999975,0.0024999999999999974,-0.049999999999999975,-99.99999999999994,99.99999999999994,OTM,-1.166582390915191,3-6m,0.6023014770314105,0.40020482193384255,353.2099914550781,0.03805000066757202,0.016987061932428632,0.20209665509756794
2027-01-15,0.4684931506849315,115.0,put,0.1,0.0,0.0,0.2500075,3.0,0.0,4.499538381625247e-16,0.1,0.09999999999999956,0.009999999999999912,-0.09999999999999956,-99.99999999999956,99.99999999999956,OTM,-1.122130628344357,3-6m,0.6215515507227511,0.41945489562518323,353.2099914550781,0.03805000066757202,0.016987061932428632,0.20209665509756794
2027-01-15,0.4684931506849315,120.0,put,0.1,0.0,0.0,0.2500075,6.0,0.0,5.8506986361458485e-15,0.1,0.09999999999999415,0.00999999999999883,-0.09999999999999415,-99.99999999999415,99.99999999999415,OTM,-1.0795710139255612,3-6m,0.5991613198163338,0.3970646647187659,353.2099914550781,0.03805000066757202,0.016987061932428632,0.20209665509756794
2027-01-15,0.4684931506849315,125.0,put,0.25,0.0,0.77,0.6667513793945314,4.0,539.0,6.283889112457047e-14,0.25,0.24999999999993716,0.06249999999996858,-0.24999999999993716,-99.99999999997486,99.99999999997486,OTM,-1.0387490194053062,3-6m,0.6409666861243204,0.4388700310267525,353.2099914550781,0.03805000066757202,0.016987061932428632,0.20209665509756794
2027-01-15,0.4684931506849315,130.0,put,0.25,0.0,0.4,0.5922892333984376,5.0,38.0,5.678815825928462e-13,0.25,0.24999999999943212,0.06249999999971606,-0.24999999999943212,-99.99999999977285,99.99999999977285,OTM,-0.9995283062520248,3-6m,0.6182876184465236,0.41619096334895567,353.2099914550781,0.03805000066757202,0.016987061932428632,0.20209665509756794
2027-01-15,0.4684931506849315,135.0,put,0.1,0.0,0.0,0.2500075,3.0,0.0,4.388391371559404e-12,0.1,0.09999999999561161,0.009999999999122322,-0.09999999999561161,-99.99999999561162,99.99999999561162,OTM,-0.9617879782691778,3-6m,0.5373041775861739,0.33520752248860597,353.2099914550781,0.03805000066757202,0.016987061932428632,0.20209665509756794
2027-01-15,0.4684931506849315,140.0,put,0.1,0.0,0.0,0.2500075,1.0,325.0,2.941191624710873e-11,0.1,0.09999999997058809,0.009999999994117617,-0.09999999997058809,-99.99999997058808,99.99999997058808,OTM,-0.9254203340983029,3-6m,0.5182278046100159,0.31613114951244803,353.2099914550781,0.03805000066757202,0.016987061932428632,0.20209665509756794
2027-01-15,0.4684931506849315,145.0,put,0.2,0.0,0.0,0.2500075,20.0,136.0,1.7311565070738726e-10,0.2,0.19999999982688435,0.03999999993075374,-0.19999999982688435,-99.99999991344217,99.99999991344217,OTM,-0.8903290142870328,3-6m,0.5403551781613867,0.33825852306381876,353.2099914550781,0.03805000066757202,0.016987061932428632,0.20209665509756794
2027-01-15,0.4684931506849315,150.0,put,0.12,0.0,0.0,0.2500075,4.0,1504.0,9.047913449808527e-10,0.12,0.11999999909520866,0.014399999782850078,-0.11999999909520866,-99.99999924600722,99.99999924600722,OTM,-0.8564274626113515,3-6m,0.4916414308813189,0.28954477578375093,353.2099914550781,0.03805000066757202,0.016987061932428632,0.20209665509756794
2027-01-15,0.4684931506849315,155.0,put,0.48,0.0,0.72,0.532231240234375,50.0,226.0,4.24063976386247e-09,0.48,0.4799999957593602,0.2303999959289858,-0.4799999957593602,-99.99999911653337,99.99999911653337,OTM,-0.8236376397883606,3-6m,0.5636817811103247,0.36158512601275683,353.2099914550781,0.03805000066757202,0.016987061932428632,0.20209665509756794
2027-01-15,0.4684931506849315,160.0,put,0.29,0.0,0.0,0.2500075,20.0,0.0,1.7980345283852427e-08,0.29,0.2899999820196547,0.08409998957140005,-0.2899999820196547,-99.99999379988094,99.99999379988094,OTM,-0.7918889414737803,3-6m,0.5079716614831056,0.30587500638553766,353.2099914550781,0.03805000066757202,0.016987061932428632,0.20209665509756794
2027-01-15,0.4684931506849315,165.0,put,0.13,0.0,0.0,0.2500075,1.0,0.0,6.951264051510322e-08,0.13,0.1299999304873595,0.0168999819267183,-0.1299999304873595,-99.99994652873806,99.99994652873806,OTM,-0.7611172828070266,3-6m,0.44472066814274297,0.24262401304517503,353.2099914550781,0.03805000066757202,0.016987061932428632,0.20209665509756794
2027-01-15,0.4684931506849315,170.0,put,0.25,0.0,0.0,0.2500075,5.0,0.0,2.4677337489436186e-07,0.25,0.2499997532266251,0.062499876613373445,-0.2499997532266251,-99.99990129065004,99.99990129065004,OTM,-0.7312643196573454,3-6m,0.4634832200370857,0.26138656493951773,353.2099914550781,0.03805000066757202,0.016987061932428632,0.20209665509756794
2027-01-15,0.4684931506849315,175.0,put,0.31,0.0,0.0,0.2500075,1.0,0.0,8.095975209745175e-07,0.31,0.30999919040247903,0.09609949805019245,-0.30999919040247903,-99.99973883950936,99.99973883950936,OTM,-0.7022767827840931,3-6m,0.4593996862685933,0.2573030311710254,353.2099914550781,0.03805000066757202,0.016987061932428632,0.20209665509756794
2027-01-15,0.4684931506849315,180.0,put,0.32,0.0,0.0,0.2500075,4.0,0.0,2.4687613855895358e-06,0.32,0.3199975312386144,0.102398419998808,-0.3199975312386144,-99.99922851206699,99.99922851206699,OTM,-0.6741059058173969,3-6m,0.44460369028843777,0.24250703519086983,353.2099914550781,0.03805000066757202,0.016987061932428632,0.20209665509756794
2027-01-15,0.4684931506849315,185.0,put,0.25,0.0,0.0,0.2500075,3.0,0.0,7.033925005127059e-06,0.25,0.24999296607499488,0.062496483086973545,-0.24999296607499488,-99.99718642999795,99.99718642999795,OTM,-0.6467069316292824,3-6m,0.41463567513535743,0.2125390200377895,353.2099914550781,0.03805000066757202,0.016987061932428632,0.20209665509756794
2027-01-15,0.4684931506849315,190.0,put,0.57,0.0,0.0,0.12500875,1.0,0.0,1.8814328653512526e-05,0.57,0.5699811856713465,0.3248785520193139,-0.5699811856713465,-99.9966992405871,99.9966992405871,OTM,-0.620038684547121,3-6m,0.4480258033769654,0.24592914827939746,353.2099914550781,0.03805000066757202,0.016987061932428632,0.20209665509756794
2027-01-15,0.4684931506849315,195.0,put,0.53,0.0,0.0,0.12500875,1.0,0.0,4.7449689070542134e-05,0.53,0.5299525503109295,0.2808497055810582,-0.5299525503109295,-99.99104722847726,99.99104722847726,OTM,-0.5940631981438604,3-6m,0.42667614356443856,0.22457948846687062,353.2099914550781,0.03805000066757202,0.016987061932428632,0.20209665509756794
2027-01-15,0.4684931506849315,200.0,put,0.58,0.0,0.0,0.12500875,2.0,0.0,0.00011327936753144146,0.58,0.5798867206324685,0.33626860876587855,-0.5798867206324685,-99.98046907456354,99.98046907456354,OTM,-0.5687453901595705,3-6m,0.416311952622508,0.21421529752494003,353.2099914550781,0.03805000066757202,0.016987061932428632,0.20209665509756794
2027-01-15,0.4684931506849315,210.0,put,0.78,0.0,0.0,0.12500875,16.0,0.0,0.0005554864855427874,0.78,0.7794445135144572,0.6075337496477888,-0.7794445135144572,-99.92878378390476,99.92878378390476,OTM,-0.5199552259901384,3-6m,0.40378805468182927,0.20169139958426133,353.2099914550781,0.03805000066757202,0.016987061932428632,0.20209665509756794
2027-01-15,0.4684931506849315,220.0,put,0.99,0.0,0.0,0.12500875,8.0,0.0,0.0022760554619437046,0.99,0.9877239445380563,0.9755985906138174,-0.9877239445380563,-99.77009540788448,99.77009540788448,OTM,-0.47343521035524566,3-6m,0.3883083502526272,0.18621169515505928,353.2099914550781,0.03805000066757202,0.016987061932428632,0.20209665509756794
2027-01-15,0.4684931506849315,230.0,put,1.31,0.0,0.0,0.12500875,30.0,0.0,0.007963977233187619,1.31,1.3020360227668124,1.6952978045824192,-1.3020360227668124,-99.3920628066269,99.3920628066269,OTM,-0.42898344778441183,3-6m,0.3765908894665791,0.17449423436901115,353.2099914550781,0.03805000066757202,0.016987061932428632,0.20209665509756794
2027-01-15,0.4684931506849315,240.0,put,1.71,0.0,0.0,0.12500875,5.0,0.0,0.02424408933680522,1.71,1.6857559106631947,2.841772990335897,-1.6857559106631947,-98.58221699784765,98.58221699784765,OTM,-0.3864238333656159,3-6m,0.36482104013316846,0.16272438503560052,353.2099914550781,0.03805000066757202,0.016987061932428632,0.20209665509756794
2027-01-15,0.4684931506849315,250.0,put,2.08,0.0,0.0,0.12500875,33.0,5104.0,0.06525095255920643,2.08,2.0147490474407936,4.059213724163586,-2.0147490474407936,-96.86293497311507,96.86293497311507,OTM,-0.3456018388453608,3-6m,0.3482633496674302,0.14616669456986228,353.2099914550781,0.03805000066757202,0.016987061932428632,0.20209665509756794
2027-01-15,0.4684931506849315,260.0,put,2.69,0.0,0.0,0.062509375,61.0,0.0,0.1574450225765438,2.69,2.532554977423456,6.413834713672323,-2.532554977423456,-94.1470251830281,94.1470251830281,OTM,-0.3063811256920795,3-6m,0.33720296371016123,0.1351063086125933,353.2099914550781,0.03805000066757202,0.016987061932428632,0.20209665509756794
2027-01-15,0.4684931506849315,270.0,put,3.45,0.0,0.0,0.062509375,161.0,0.0,0.3447641624122637,3.45,3.1052358375877365,9.642489607039211,-3.1052358375877365,-90.0068358721083,90.0068358721083,OTM,-0.2686407977092325,3-6m,0.3262685948766393,0.12417193977907134,353.2099914550781,0.03805000066757202,0.016987061932428632,0.20209665509756794
2027-01-15,0.4684931506849315,280.0,put,4.4,0.0,0.0,0.062509375,35.0,6983.0,0.6924912233946543,4.4,3.707508776605346,13.74562132860567,-3.707508776605346,-84.26156310466695,84.26156310466695,OTM,-0.23227315353835765,3-6m,0.31565242779426367,0.11355577269669573,353.2099914550781,0.03805000066757202,0.016987061932428632,0.20209665509756794
2027-01-15,0.4684931506849315,290.0,put,5.61,0.0,0.0,0.062509375,24.0,4103.0,1.287985847859403,5.61,4.322014152140597,18.679806331303606,-4.322014152140597,-77.0412504837896,77.0412504837896,OTM,-0.19718183372708756,3-6m,0.30590420630015097,0.10380755120258303,353.2099914550781,0.03805000066757202,0.016987061932428632,0.20209665509756794
2027-01-15,0.4684931506849315,300.0,put,7.15,0.0,0.0,0.062509375,172.0,0.0,2.236953943156621,7.15,4.913046056843379,24.138021556664278,-4.913046056843379,-68.71393086494237,68.71393086494237,OTM,-0.1632802820514062,3-6m,0.2971766215997182,0.09507996650215025,353.2099914550781,0.03805000066757202,0.016987061932428632,0.20209665509756794
2027-01-15,0.4684931506849315,310.0,put,9.01,0.0,0.0,0.0312596875,88.0,0.0,3.6551166713766534,9.01,5.354883328623346,28.67477546316825,-5.354883328623346,-59.432667354310176,59.432667354310176,OTM,-0.13049045922841523,3-6m,0.2882932581619152,0.08619660306434726,353.2099914550781,0.03805000066757202,0.016987061932428632,0.20209665509756794
2027-01-15,0.4684931506849315,320.0,put,11.35,0.0,0.0,0.0312596875,187.0,0.0,5.656542953600066,11.35,5.693457046399933,32.41545313920105,-5.693457046399933,-50.16261714889809,50.16261714889809,OTM,-0.09874176091383494,3-6m,0.28073085378430856,0.07863419868674063,353.2099914550781,0.03805000066757202,0.016987061932428632,0.20209665509756794
2027-01-15,0.4684931506849315,330.0,put,14.0,0.0,0.0,0.015634843750000002,35.0,0.0,8.340958522208808,14.0,5.659041477791192,32.024750447361114,-5.659041477791192,-40.42172484136565,40.42172484136565,OTM,-0.06797010224708126,3-6m,0.2714937734249452,0.06939711832737724,353.2099914550781,0.03805000066757202,0.016987061932428632,0.20209665509756794
2027-01-15,0.4684931506849315,340.0,put,17.45,0.0,0.0,0.015634843750000002,64.0,0.0,11.782647040197816,17.45,5.667352959802184,32.118889570978574,-5.667352959802184,-32.477667391416524,32.477667391416524,OTM,-0.03811713909740012,3-6m,0.26580839362544817,0.06371173852788023,353.2099914550781,0.03805000066757202,0.016987061932428632,0.20209665509756794
2027-01-15,0.4684931506849315,350.0,put,21.69,0.0,0.0,0.0039162109375,186.0,735.0,16.023061601929896,21.69,5.666938398070105,32.11419080752137,-5.666938398070105,-26.126963568787943,26.126963568787943,OTM,-0.00912960222414784,3-6m,0.2625149575351733,0.06041830243760535,353.2099914550781,0.03805000066757202,0.016987061932428632,0.20209665509756794
2027-01-15,0.4684931506849315,360.0,put,26.2,0.0,0.0,1.0000000000000003e-05,8.0,139.0,21.068227863626532,26.2,5.131772136373467,26.3350852596591,-5.131772136373467,-19.586916551043767,19.586916551043767,ITM,0.019041274742548363,3-6m,0.255741811156384,0.05364515605881606,353.2099914550781,0.03805000066757202,0.016987061932428632,0.20209665509756794
2027-01-15,0.4684931506849315,370.0,put,32.85,0.0,0.0,1.0000000000000003e-05,2.0,0.0,26.890850401612596,32.85,5.959149598387405,35.511463935960776,-5.959149598387405,-18.140485839839894,18.140485839839894,ITM,0.046440248930662904,3-6m,0.2651007852771452,0.06300413017957726,353.2099914550781,0.03805000066757202,0.016987061932428632,0.20209665509756794
2027-01-15,0.4684931506849315,380.0,put,41.3,0.0,0.0,1.0000000000000003e-05,2.0,0.0,33.43609714017376,41.3,7.86390285982624,61.840968188783314,-7.86390285982624,-19.040927021371044,19.040927021371044,ITM,0.07310849601282432,3-6m,0.28807831194318173,0.08598165684561379,353.2099914550781,0.03805000066757202,0.016987061932428632,0.20209665509756794
2027-01-15,0.4684931506849315,390.0,put,103.41,78.1,81.05,0.5863078479003907,2.0,9.0,40.62953571379984,79.57499999999999,62.78046428620016,3941.3866959908532,-62.78046428620016,-60.71024493395238,60.71024493395238,ITM,0.09908398241608488,3-6m,0.8728411565896549,0.670744501492087,353.2099914550781,0.03805000066757202,0.016987061932428632,0.20209665509756794
2027-01-15,0.4684931506849315,400.0,put,107.56,0.0,0.0,1.0000000000000003e-05,4.0,0.0,48.38564829732866,107.56,59.174351702671345,3501.603899431443,-59.174351702671345,-55.01520240114479,55.01520240114479,ITM,0.12440179040037484,3-6m,0.846211309831862,0.6441146547342941,353.2099914550781,0.03805000066757202,0.016987061932428632,0.20209665509756794
2027-01-15,0.4684931506849315,410.0,put,98.89,63.25,66.65,0.28852029846191396,2.0,1.0,56.615642279009535,64.95,42.274357720990466,1787.121320722266,-42.274357720990466,-42.74887017998834,42.74887017998834,ITM,0.14909440299074622,3-6m,0.6842108189408784,0.4821141638433105,353.2099914550781,0.03805000066757202,0.016987061932428632,0.20209665509756794
2027-01-15,0.4684931506849315,420.0,put,108.61,72.25,75.6,0.2989877230834961,2.0,1.0,65.2337337755389,73.925,43.376266224461105,1881.5004715753253,-43.376266224461105,-39.93763578350162,39.93763578350162,ITM,0.17319195456980682,3-6m,0.712920349613673,0.5108236945161051,353.2099914550781,0.03805000066757202,0.016987061932428632,0.20209665509756794
2027-01-15,0.4684931506849315,440.0,put,120.3,135.5,139.15,0.8138598936462402,,0.0,83.33071135826981,137.325,36.96928864173019,1366.7283026755606,-36.96928864173019,-30.73091325164604,30.73091325164604,ITM,0.21971197020469965,3-6m,0.6836990742487672,0.4816024191511993,353.2099914550781,0.03805000066757202,0.016987061932428632,0.20209665509756794
2027-01-15,0.4684931506849315,470.0,put,140.0,160.6,165.0,0.8396622479248046,10.0,0.0,111.76513438574563,162.8,28.234865614254375,797.2076362550041,-28.234865614254375,-20.16776115303884,20.16776115303884,ITM,0.285669937996497,3-6m,0.6487097912734706,0.4466131361759027,353.2099914550781,0.03805000066757202,0.016987061932428632,0.20209665509756794
2027-01-15,0.4684931506849315,490.0,put,153.25,0.0,0.0,1.0000000000000003e-05,,0.0,131.14300390993924,153.25,22.10699609006076,488.71927612596176,-22.10699609006076,-14.42544606202986,14.42544606202986,ITM,0.3273426343970652,3-6m,0.6161126687944073,0.4140160136968394,353.2099914550781,0.03805000066757202,0.016987061932428632,0.20209665509756794
2027-01-15,0.4684931506849315,500.0,put,163.23,0.0,0.0,1.0000000000000003e-05,1.0,0.0,140.89325012459057,163.23,22.336749875409424,498.93039499660296,-22.336749875409424,-13.684218510941266,13.684218510941266,ITM,0.3475453417145845,3-6m,0.6375963596060352,0.4354997045084673,353.2099914550781,0.03805000066757202,0.016987061932428632,0.20209665509756794
